run_index, seed, summary_type        , dataset, group        , process  , resource               , statistic      , value
        0,   42, waiting_time        , patient, non_pap_smear, screening,                        , count          ,  7799.0
        0,   42, waiting_time        , patient, non_pap_smear, screening,                        , mean           ,     0.30126725648587427
        0,   42, waiting_time        , patient, non_pap_smear, screening,                        , std            ,     0.3382734875863343
        0,   42, waiting_time        , patient, non_pap_smear, screening,                        , min            ,     0.0
        0,   42, waiting_time        , patient, non_pap_smear, screening,                        , 25%            ,     0.10625
        0,   42, waiting_time        , patient, non_pap_smear, screening,                        , 50%            ,     0.21319444444444444
        0,   42, waiting_time        , patient, non_pap_smear, screening,                        , 75%            ,     0.3
        0,   42, waiting_time        , patient, non_pap_smear, screening,                        , max            ,     1.3090277777777777
        0,   42, waiting_time        , patient, non_pap_smear, reporting,                        , count          ,  7775.0
        0,   42, waiting_time        , patient, non_pap_smear, reporting,                        , mean           ,     0.6393490532332976
        0,   42, waiting_time        , patient, non_pap_smear, reporting,                        , std            ,     0.1829142819398361
        0,   42, waiting_time        , patient, non_pap_smear, reporting,                        , min            ,     0.0
        0,   42, waiting_time        , patient, non_pap_smear, reporting,                        , 25%            ,     0.6756944444444445
        0,   42, waiting_time        , patient, non_pap_smear, reporting,                        , 50%            ,     0.6861111111111111
        0,   42, waiting_time        , patient, non_pap_smear, reporting,                        , 75%            ,     0.6944444444444444
        0,   42, waiting_time        , patient, non_pap_smear, reporting,                        , max            ,     0.8368055555555556
        0,   42, waiting_time        , patient, pap_smear    , screening,                        , count          ,  2202.0
        0,   42, waiting_time        , patient, pap_smear    , screening,                        , mean           ,     0.3168429584216369
        0,   42, waiting_time        , patient, pap_smear    , screening,                        , std            ,     0.3539581485572793
        0,   42, waiting_time        , patient, pap_smear    , screening,                        , min            ,     0.0
        0,   42, waiting_time        , patient, pap_smear    , screening,                        , 25%            ,     0.11197916666666667
        0,   42, waiting_time        , patient, pap_smear    , screening,                        , 50%            ,     0.22708333333333333
        0,   42, waiting_time        , patient, pap_smear    , screening,                        , 75%            ,     0.3013888888888889
        0,   42, waiting_time        , patient, pap_smear    , screening,                        , max            ,     1.3090277777777777
        0,   42, waiting_time        , patient, pap_smear    , reporting,                        , count          ,  2193.0
        0,   42, waiting_time        , patient, pap_smear    , reporting,                        , mean           ,     0.6368530551755587
        0,   42, waiting_time        , patient, pap_smear    , reporting,                        , std            ,     0.18741594224515182
        0,   42, waiting_time        , patient, pap_smear    , reporting,                        , min            ,     0.0
        0,   42, waiting_time        , patient, pap_smear    , reporting,                        , 25%            ,     0.6763888888888889
        0,   42, waiting_time        , patient, pap_smear    , reporting,                        , 50%            ,     0.6868055555555556
        0,   42, waiting_time        , patient, pap_smear    , reporting,                        , 75%            ,     0.6951388888888889
        0,   42, waiting_time        , patient, pap_smear    , reporting,                        , max            ,     0.8347222222222223
        0,   42, waiting_time        , slide  , all          , fixation ,                        , count          , 13454.0
        0,   42, waiting_time        , slide  , all          , fixation ,                        , mean           ,     0.0
        0,   42, waiting_time        , slide  , all          , fixation ,                        , std            ,     0.0
        0,   42, waiting_time        , slide  , all          , fixation ,                        , min            ,     0.0
        0,   42, waiting_time        , slide  , all          , fixation ,                        , 25%            ,     0.0
        0,   42, waiting_time        , slide  , all          , fixation ,                        , 50%            ,     0.0
        0,   42, waiting_time        , slide  , all          , fixation ,                        , 75%            ,     0.0
        0,   42, waiting_time        , slide  , all          , fixation ,                        , max            ,     0.0
        0,   42, waiting_time        , slide  , all          , staining ,                        , count          , 14230.0
        0,   42, waiting_time        , slide  , all          , staining ,                        , mean           ,     0.16215268017490433
        0,   42, waiting_time        , slide  , all          , staining ,                        , std            ,     0.27693937359563353
        0,   42, waiting_time        , slide  , all          , staining ,                        , min            ,     0.0
        0,   42, waiting_time        , slide  , all          , staining ,                        , 25%            ,     0.010416666666666666
        0,   42, waiting_time        , slide  , all          , staining ,                        , 50%            ,     0.027777777777777776
        0,   42, waiting_time        , slide  , all          , staining ,                        , 75%            ,     0.07152777777777777
        0,   42, waiting_time        , slide  , all          , staining ,                        , max            ,     0.9375
        0,   42, resource_utilisation,        ,              ,          , Cytotechnicians        , utilisation_pct,    34.79
        0,   42, resource_utilisation,        ,              ,          , Junior Cytopathologists, utilisation_pct,    78.78
        0,   42, resource_utilisation,        ,              ,          , Manual Staining Station, utilisation_pct,    72.99
        0,   42, resource_utilisation,        ,              ,          , Senior Pathologists    , utilisation_pct,    25.46
        1,   43, waiting_time        , patient, non_pap_smear, screening,                        , count          ,  7705.0
        1,   43, waiting_time        , patient, non_pap_smear, screening,                        , mean           ,     0.31845807195904535
        1,   43, waiting_time        , patient, non_pap_smear, screening,                        , std            ,     0.3519253650015098
        1,   43, waiting_time        , patient, non_pap_smear, screening,                        , min            ,     0.0
        1,   43, waiting_time        , patient, non_pap_smear, screening,                        , 25%            ,     0.11041666666666666
        1,   43, waiting_time        , patient, non_pap_smear, screening,                        , 50%            ,     0.21875
        1,   43, waiting_time        , patient, non_pap_smear, screening,                        , 75%            ,     0.3090277777777778
        1,   43, waiting_time        , patient, non_pap_smear, screening,                        , max            ,     1.3090277777777777
        1,   43, waiting_time        , patient, non_pap_smear, reporting,                        , count          ,  7677.0
        1,   43, waiting_time        , patient, non_pap_smear, reporting,                        , mean           ,     0.6386647344882984
        1,   43, waiting_time        , patient, non_pap_smear, reporting,                        , std            ,     0.18274529760496744
        1,   43, waiting_time        , patient, non_pap_smear, reporting,                        , min            ,     0.0
        1,   43, waiting_time        , patient, non_pap_smear, reporting,                        , 25%            ,     0.6756944444444445
        1,   43, waiting_time        , patient, non_pap_smear, reporting,                        , 50%            ,     0.6861111111111111
        1,   43, waiting_time        , patient, non_pap_smear, reporting,                        , 75%            ,     0.6944444444444444
        1,   43, waiting_time        , patient, non_pap_smear, reporting,                        , max            ,     0.8388888888888889
        1,   43, waiting_time        , patient, pap_smear    , screening,                        , count          ,  2178.0
        1,   43, waiting_time        , patient, pap_smear    , screening,                        , mean           ,     0.33054790327517597
        1,   43, waiting_time        , patient, pap_smear    , screening,                        , std            ,     0.3583845598683859
        1,   43, waiting_time        , patient, pap_smear    , screening,                        , min            ,     0.0
        1,   43, waiting_time        , patient, pap_smear    , screening,                        , 25%            ,     0.12100694444444444
        1,   43, waiting_time        , patient, pap_smear    , screening,                        , 50%            ,     0.23506944444444444
        1,   43, waiting_time        , patient, pap_smear    , screening,                        , 75%            ,     0.30694444444444446
        1,   43, waiting_time        , patient, pap_smear    , screening,                        , max            ,     1.3090277777777777
        1,   43, waiting_time        , patient, pap_smear    , reporting,                        , count          ,  2168.0
        1,   43, waiting_time        , patient, pap_smear    , reporting,                        , mean           ,     0.6353849554120541
        1,   43, waiting_time        , patient, pap_smear    , reporting,                        , std            ,     0.18734078219201256
        1,   43, waiting_time        , patient, pap_smear    , reporting,                        , min            ,     0.0
        1,   43, waiting_time        , patient, pap_smear    , reporting,                        , 25%            ,     0.6756944444444445
        1,   43, waiting_time        , patient, pap_smear    , reporting,                        , 50%            ,     0.6861111111111111
        1,   43, waiting_time        , patient, pap_smear    , reporting,                        , 75%            ,     0.6951388888888889
        1,   43, waiting_time        , patient, pap_smear    , reporting,                        , max            ,     0.8347222222222223
        1,   43, waiting_time        , slide  , all          , fixation ,                        , count          , 12974.0
        1,   43, waiting_time        , slide  , all          , fixation ,                        , mean           ,     0.0
        1,   43, waiting_time        , slide  , all          , fixation ,                        , std            ,     0.0
        1,   43, waiting_time        , slide  , all          , fixation ,                        , min            ,     0.0
        1,   43, waiting_time        , slide  , all          , fixation ,                        , 25%            ,     0.0
        1,   43, waiting_time        , slide  , all          , fixation ,                        , 50%            ,     0.0
        1,   43, waiting_time        , slide  , all          , fixation ,                        , 75%            ,     0.0
        1,   43, waiting_time        , slide  , all          , fixation ,                        , max            ,     0.0
        1,   43, waiting_time        , slide  , all          , staining ,                        , count          , 13681.0
        1,   43, waiting_time        , slide  , all          , staining ,                        , mean           ,     0.1614237405485304
        1,   43, waiting_time        , slide  , all          , staining ,                        , std            ,     0.2748026069032271
        1,   43, waiting_time        , slide  , all          , staining ,                        , min            ,     0.0
        1,   43, waiting_time        , slide  , all          , staining ,                        , 25%            ,     0.010416666666666666
        1,   43, waiting_time        , slide  , all          , staining ,                        , 50%            ,     0.027777777777777776
        1,   43, waiting_time        , slide  , all          , staining ,                        , 75%            ,     0.07777777777777778
        1,   43, waiting_time        , slide  , all          , staining ,                        , max            ,     0.9527777777777777
        1,   43, resource_utilisation,        ,              ,          , Cytotechnicians        , utilisation_pct,    33.34
        1,   43, resource_utilisation,        ,              ,          , Junior Cytopathologists, utilisation_pct,    76.75
        1,   43, resource_utilisation,        ,              ,          , Manual Staining Station, utilisation_pct,    70.33
        1,   43, resource_utilisation,        ,              ,          , Senior Pathologists    , utilisation_pct,    24.79
        2,   44, waiting_time        , patient, non_pap_smear, screening,                        , count          ,  7634.0
        2,   44, waiting_time        , patient, non_pap_smear, screening,                        , mean           ,     0.3008496346752831
        2,   44, waiting_time        , patient, non_pap_smear, screening,                        , std            ,     0.33646529692810295
        2,   44, waiting_time        , patient, non_pap_smear, screening,                        , min            ,     0.0
        2,   44, waiting_time        , patient, non_pap_smear, screening,                        , 25%            ,     0.1076388888888889
        2,   44, waiting_time        , patient, non_pap_smear, screening,                        , 50%            ,     0.21319444444444444
        2,   44, waiting_time        , patient, non_pap_smear, screening,                        , 75%            ,     0.29930555555555555
        2,   44, waiting_time        , patient, non_pap_smear, screening,                        , max            ,     1.3090277777777777
        2,   44, waiting_time        , patient, non_pap_smear, reporting,                        , count          ,  7611.0
        2,   44, waiting_time        , patient, non_pap_smear, reporting,                        , mean           ,     0.6362404925619353
        2,   44, waiting_time        , patient, non_pap_smear, reporting,                        , std            ,     0.18693821305743366
        2,   44, waiting_time        , patient, non_pap_smear, reporting,                        , min            ,     0.0
        2,   44, waiting_time        , patient, non_pap_smear, reporting,                        , 25%            ,     0.675
        2,   44, waiting_time        , patient, non_pap_smear, reporting,                        , 50%            ,     0.6861111111111111
        2,   44, waiting_time        , patient, non_pap_smear, reporting,                        , 75%            ,     0.6944444444444444
        2,   44, waiting_time        , patient, non_pap_smear, reporting,                        , max            ,     0.8354166666666667
        2,   44, waiting_time        , patient, pap_smear    , screening,                        , count          ,  2256.0
        2,   44, waiting_time        , patient, pap_smear    , screening,                        , mean           ,     0.3117132092198582
        2,   44, waiting_time        , patient, pap_smear    , screening,                        , std            ,     0.3405632253053022
        2,   44, waiting_time        , patient, pap_smear    , screening,                        , min            ,     0.0
        2,   44, waiting_time        , patient, pap_smear    , screening,                        , 25%            ,     0.11597222222222223
        2,   44, waiting_time        , patient, pap_smear    , screening,                        , 50%            ,     0.2298611111111111
        2,   44, waiting_time        , patient, pap_smear    , screening,                        , 75%            ,     0.30069444444444443
        2,   44, waiting_time        , patient, pap_smear    , screening,                        , max            ,     1.3090277777777777
        2,   44, waiting_time        , patient, pap_smear    , reporting,                        , count          ,  2249.0
        2,   44, waiting_time        , patient, pap_smear    , reporting,                        , mean           ,     0.6312947729855244
        2,   44, waiting_time        , patient, pap_smear    , reporting,                        , std            ,     0.1936363006498457
        2,   44, waiting_time        , patient, pap_smear    , reporting,                        , min            ,     0.0
        2,   44, waiting_time        , patient, pap_smear    , reporting,                        , 25%            ,     0.6763888888888889
        2,   44, waiting_time        , patient, pap_smear    , reporting,                        , 50%            ,     0.6861111111111111
        2,   44, waiting_time        , patient, pap_smear    , reporting,                        , 75%            ,     0.6951388888888889
        2,   44, waiting_time        , patient, pap_smear    , reporting,                        , max            ,     0.8347222222222223
        2,   44, waiting_time        , slide  , all          , fixation ,                        , count          , 13341.0
        2,   44, waiting_time        , slide  , all          , fixation ,                        , mean           ,     0.0
        2,   44, waiting_time        , slide  , all          , fixation ,                        , std            ,     0.0
        2,   44, waiting_time        , slide  , all          , fixation ,                        , min            ,     0.0
        2,   44, waiting_time        , slide  , all          , fixation ,                        , 25%            ,     0.0
        2,   44, waiting_time        , slide  , all          , fixation ,                        , 50%            ,     0.0
        2,   44, waiting_time        , slide  , all          , fixation ,                        , 75%            ,     0.0
        2,   44, waiting_time        , slide  , all          , fixation ,                        , max            ,     0.0
        2,   44, waiting_time        , slide  , all          , staining ,                        , count          , 14132.0
        2,   44, waiting_time        , slide  , all          , staining ,                        , mean           ,     0.15770321296034218
        2,   44, waiting_time        , slide  , all          , staining ,                        , std            ,     0.27173933739397627
        2,   44, waiting_time        , slide  , all          , staining ,                        , min            ,     0.0
        2,   44, waiting_time        , slide  , all          , staining ,                        , 25%            ,     0.010416666666666666
        2,   44, waiting_time        , slide  , all          , staining ,                        , 50%            ,     0.027777777777777776
        2,   44, waiting_time        , slide  , all          , staining ,                        , 75%            ,     0.07152777777777777
        2,   44, waiting_time        , slide  , all          , staining ,                        , max            ,     0.9152777777777777
        2,   44, resource_utilisation,        ,              ,          , Cytotechnicians        , utilisation_pct,    35.22
        2,   44, resource_utilisation,        ,              ,          , Junior Cytopathologists, utilisation_pct,    78.21
        2,   44, resource_utilisation,        ,              ,          , Manual Staining Station, utilisation_pct,    72.52
        2,   44, resource_utilisation,        ,              ,          , Senior Pathologists    , utilisation_pct,    25.3
        3,   45, waiting_time        , patient, non_pap_smear, screening,                        , count          ,  7652.0
        3,   45, waiting_time        , patient, non_pap_smear, screening,                        , mean           ,     0.3177313846779346
        3,   45, waiting_time        , patient, non_pap_smear, screening,                        , std            ,     0.35528571822435157
        3,   45, waiting_time        , patient, non_pap_smear, screening,                        , min            ,     0.0
        3,   45, waiting_time        , patient, non_pap_smear, screening,                        , 25%            ,     0.1076388888888889
        3,   45, waiting_time        , patient, non_pap_smear, screening,                        , 50%            ,     0.21736111111111112
        3,   45, waiting_time        , patient, non_pap_smear, screening,                        , 75%            ,     0.3090277777777778
        3,   45, waiting_time        , patient, non_pap_smear, screening,                        , max            ,     1.3090277777777777
        3,   45, waiting_time        , patient, non_pap_smear, reporting,                        , count          ,  7632.0
        3,   45, waiting_time        , patient, non_pap_smear, reporting,                        , mean           ,     0.6369309413580247
        3,   45, waiting_time        , patient, non_pap_smear, reporting,                        , std            ,     0.185993145491452
        3,   45, waiting_time        , patient, non_pap_smear, reporting,                        , min            ,     0.0
        3,   45, waiting_time        , patient, non_pap_smear, reporting,                        , 25%            ,     0.6756944444444445
        3,   45, waiting_time        , patient, non_pap_smear, reporting,                        , 50%            ,     0.6861111111111111
        3,   45, waiting_time        , patient, non_pap_smear, reporting,                        , 75%            ,     0.69375
        3,   45, waiting_time        , patient, non_pap_smear, reporting,                        , max            ,     0.8368055555555556
        3,   45, waiting_time        , patient, pap_smear    , screening,                        , count          ,  2129.0
        3,   45, waiting_time        , patient, pap_smear    , screening,                        , mean           ,     0.3252315902092793
        3,   45, waiting_time        , patient, pap_smear    , screening,                        , std            ,     0.35556068997421947
        3,   45, waiting_time        , patient, pap_smear    , screening,                        , min            ,     0.0
        3,   45, waiting_time        , patient, pap_smear    , screening,                        , 25%            ,     0.11666666666666667
        3,   45, waiting_time        , patient, pap_smear    , screening,                        , 50%            ,     0.2326388888888889
        3,   45, waiting_time        , patient, pap_smear    , screening,                        , 75%            ,     0.30486111111111114
        3,   45, waiting_time        , patient, pap_smear    , screening,                        , max            ,     1.3090277777777777
        3,   45, waiting_time        , patient, pap_smear    , reporting,                        , count          ,  2120.0
        3,   45, waiting_time        , patient, pap_smear    , reporting,                        , mean           ,     0.638218356918239
        3,   45, waiting_time        , patient, pap_smear    , reporting,                        , std            ,     0.18333261487826683
        3,   45, waiting_time        , patient, pap_smear    , reporting,                        , min            ,     0.0
        3,   45, waiting_time        , patient, pap_smear    , reporting,                        , 25%            ,     0.6756944444444445
        3,   45, waiting_time        , patient, pap_smear    , reporting,                        , 50%            ,     0.6861111111111111
        3,   45, waiting_time        , patient, pap_smear    , reporting,                        , 75%            ,     0.6944444444444444
        3,   45, waiting_time        , patient, pap_smear    , reporting,                        , max            ,     0.8354166666666667
        3,   45, waiting_time        , slide  , all          , fixation ,                        , count          , 13068.0
        3,   45, waiting_time        , slide  , all          , fixation ,                        , mean           ,     0.0
        3,   45, waiting_time        , slide  , all          , fixation ,                        , std            ,     0.0
        3,   45, waiting_time        , slide  , all          , fixation ,                        , min            ,     0.0
        3,   45, waiting_time        , slide  , all          , fixation ,                        , 25%            ,     0.0
        3,   45, waiting_time        , slide  , all          , fixation ,                        , 50%            ,     0.0
        3,   45, waiting_time        , slide  , all          , fixation ,                        , 75%            ,     0.0
        3,   45, waiting_time        , slide  , all          , fixation ,                        , max            ,     0.0
        3,   45, waiting_time        , slide  , all          , staining ,                        , count          , 13774.0
        3,   45, waiting_time        , slide  , all          , staining ,                        , mean           ,     0.1625331240017424
        3,   45, waiting_time        , slide  , all          , staining ,                        , std            ,     0.27708486595833326
        3,   45, waiting_time        , slide  , all          , staining ,                        , min            ,     0.0
        3,   45, waiting_time        , slide  , all          , staining ,                        , 25%            ,     0.010416666666666666
        3,   45, waiting_time        , slide  , all          , staining ,                        , 50%            ,     0.02847222222222222
        3,   45, waiting_time        , slide  , all          , staining ,                        , 75%            ,     0.07152777777777777
        3,   45, waiting_time        , slide  , all          , staining ,                        , max            ,     0.9041666666666667
        3,   45, resource_utilisation,        ,              ,          , Cytotechnicians        , utilisation_pct,    33.4
        3,   45, resource_utilisation,        ,              ,          , Junior Cytopathologists, utilisation_pct,    76.48
        3,   45, resource_utilisation,        ,              ,          , Manual Staining Station, utilisation_pct,    70.71
        3,   45, resource_utilisation,        ,              ,          , Senior Pathologists    , utilisation_pct,    24.94
        4,   46, waiting_time        , patient, non_pap_smear, screening,                        , count          ,  7774.0
        4,   46, waiting_time        , patient, non_pap_smear, screening,                        , mean           ,     0.3203946381099392
        4,   46, waiting_time        , patient, non_pap_smear, screening,                        , std            ,     0.3554016484796832
        4,   46, waiting_time        , patient, non_pap_smear, screening,                        , min            ,     0.0
        4,   46, waiting_time        , patient, non_pap_smear, screening,                        , 25%            ,     0.10711805555555555
        4,   46, waiting_time        , patient, non_pap_smear, screening,                        , 50%            ,     0.22083333333333333
        4,   46, waiting_time        , patient, non_pap_smear, screening,                        , 75%            ,     0.3090277777777778
        4,   46, waiting_time        , patient, non_pap_smear, screening,                        , max            ,     1.3090277777777777
        4,   46, waiting_time        , patient, non_pap_smear, reporting,                        , count          ,  7756.0
        4,   46, waiting_time        , patient, non_pap_smear, reporting,                        , mean           ,     0.6379139268523295
        4,   46, waiting_time        , patient, non_pap_smear, reporting,                        , std            ,     0.18551443035950238
        4,   46, waiting_time        , patient, non_pap_smear, reporting,                        , min            ,     0.0
        4,   46, waiting_time        , patient, non_pap_smear, reporting,                        , 25%            ,     0.6756944444444445
        4,   46, waiting_time        , patient, non_pap_smear, reporting,                        , 50%            ,     0.6861111111111111
        4,   46, waiting_time        , patient, non_pap_smear, reporting,                        , 75%            ,     0.6944444444444444
        4,   46, waiting_time        , patient, non_pap_smear, reporting,                        , max            ,     0.8375
        4,   46, waiting_time        , patient, pap_smear    , screening,                        , count          ,  2169.0
        4,   46, waiting_time        , patient, pap_smear    , screening,                        , mean           ,     0.33782849239280777
        4,   46, waiting_time        , patient, pap_smear    , screening,                        , std            ,     0.3584593500258352
        4,   46, waiting_time        , patient, pap_smear    , screening,                        , min            ,     0.0
        4,   46, waiting_time        , patient, pap_smear    , screening,                        , 25%            ,     0.12569444444444444
        4,   46, waiting_time        , patient, pap_smear    , screening,                        , 50%            ,     0.24166666666666667
        4,   46, waiting_time        , patient, pap_smear    , screening,                        , 75%            ,     0.3090277777777778
        4,   46, waiting_time        , patient, pap_smear    , screening,                        , max            ,     1.3090277777777777
        4,   46, waiting_time        , patient, pap_smear    , reporting,                        , count          ,  2159.0
        4,   46, waiting_time        , patient, pap_smear    , reporting,                        , mean           ,     0.6335797179764294
        4,   46, waiting_time        , patient, pap_smear    , reporting,                        , std            ,     0.1907862636359173
        4,   46, waiting_time        , patient, pap_smear    , reporting,                        , min            ,     0.0
        4,   46, waiting_time        , patient, pap_smear    , reporting,                        , 25%            ,     0.6763888888888889
        4,   46, waiting_time        , patient, pap_smear    , reporting,                        , 50%            ,     0.6868055555555556
        4,   46, waiting_time        , patient, pap_smear    , reporting,                        , 75%            ,     0.6944444444444444
        4,   46, waiting_time        , patient, pap_smear    , reporting,                        , max            ,     0.8333333333333334
        4,   46, waiting_time        , slide  , all          , fixation ,                        , count          , 13249.0
        4,   46, waiting_time        , slide  , all          , fixation ,                        , mean           ,     0.0
        4,   46, waiting_time        , slide  , all          , fixation ,                        , std            ,     0.0
        4,   46, waiting_time        , slide  , all          , fixation ,                        , min            ,     0.0
        4,   46, waiting_time        , slide  , all          , fixation ,                        , 25%            ,     0.0
        4,   46, waiting_time        , slide  , all          , fixation ,                        , 50%            ,     0.0
        4,   46, waiting_time        , slide  , all          , fixation ,                        , 75%            ,     0.0
        4,   46, waiting_time        , slide  , all          , fixation ,                        , max            ,     0.0
        4,   46, waiting_time        , slide  , all          , staining ,                        , count          , 13956.0
        4,   46, waiting_time        , slide  , all          , staining ,                        , mean           ,     0.16741719013725678
        4,   46, waiting_time        , slide  , all          , staining ,                        , std            ,     0.28126772340822964
        4,   46, waiting_time        , slide  , all          , staining ,                        , min            ,     0.0
        4,   46, waiting_time        , slide  , all          , staining ,                        , 25%            ,     0.010416666666666666
        4,   46, waiting_time        , slide  , all          , staining ,                        , 50%            ,     0.027777777777777776
        4,   46, waiting_time        , slide  , all          , staining ,                        , 75%            ,     0.08055555555555556
        4,   46, waiting_time        , slide  , all          , staining ,                        , max            ,     0.9666666666666667
        4,   46, resource_utilisation,        ,              ,          , Cytotechnicians        , utilisation_pct,    34.48
        4,   46, resource_utilisation,        ,              ,          , Junior Cytopathologists, utilisation_pct,    77.43
        4,   46, resource_utilisation,        ,              ,          , Manual Staining Station, utilisation_pct,    71.98
        4,   46, resource_utilisation,        ,              ,          , Senior Pathologists    , utilisation_pct,    25.28
        5,   47, waiting_time        , patient, non_pap_smear, screening,                        , count          ,  7572.0
        5,   47, waiting_time        , patient, non_pap_smear, screening,                        , mean           ,     0.32184235047250104
        5,   47, waiting_time        , patient, non_pap_smear, screening,                        , std            ,     0.3582809889278124
        5,   47, waiting_time        , patient, non_pap_smear, screening,                        , min            ,     0.0
        5,   47, waiting_time        , patient, non_pap_smear, screening,                        , 25%            ,     0.1076388888888889
        5,   47, waiting_time        , patient, non_pap_smear, screening,                        , 50%            ,     0.21736111111111112
        5,   47, waiting_time        , patient, non_pap_smear, screening,                        , 75%            ,     0.3090277777777778
        5,   47, waiting_time        , patient, non_pap_smear, screening,                        , max            ,     1.3090277777777777
        5,   47, waiting_time        , patient, non_pap_smear, reporting,                        , count          ,  7547.0
        5,   47, waiting_time        , patient, non_pap_smear, reporting,                        , mean           ,     0.6361210488347099
        5,   47, waiting_time        , patient, non_pap_smear, reporting,                        , std            ,     0.18637053973454176
        5,   47, waiting_time        , patient, non_pap_smear, reporting,                        , min            ,     0.0
        5,   47, waiting_time        , patient, non_pap_smear, reporting,                        , 25%            ,     0.6756944444444445
        5,   47, waiting_time        , patient, non_pap_smear, reporting,                        , 50%            ,     0.6861111111111111
        5,   47, waiting_time        , patient, non_pap_smear, reporting,                        , 75%            ,     0.69375
        5,   47, waiting_time        , patient, non_pap_smear, reporting,                        , max            ,     0.8375
        5,   47, waiting_time        , patient, pap_smear    , screening,                        , count          ,  2299.0
        5,   47, waiting_time        , patient, pap_smear    , screening,                        , mean           ,     0.33107359479967136
        5,   47, waiting_time        , patient, pap_smear    , screening,                        , std            ,     0.3573173171360141
        5,   47, waiting_time        , patient, pap_smear    , screening,                        , min            ,     0.0
        5,   47, waiting_time        , patient, pap_smear    , screening,                        , 25%            ,     0.11458333333333333
        5,   47, waiting_time        , patient, pap_smear    , screening,                        , 50%            ,     0.23819444444444443
        5,   47, waiting_time        , patient, pap_smear    , screening,                        , 75%            ,     0.3090277777777778
        5,   47, waiting_time        , patient, pap_smear    , screening,                        , max            ,     1.3090277777777777
        5,   47, waiting_time        , patient, pap_smear    , reporting,                        , count          ,  2294.0
        5,   47, waiting_time        , patient, pap_smear    , reporting,                        , mean           ,     0.6373162476993122
        5,   47, waiting_time        , patient, pap_smear    , reporting,                        , std            ,     0.1834124233616404
        5,   47, waiting_time        , patient, pap_smear    , reporting,                        , min            ,     0.0
        5,   47, waiting_time        , patient, pap_smear    , reporting,                        , 25%            ,     0.6756944444444445
        5,   47, waiting_time        , patient, pap_smear    , reporting,                        , 50%            ,     0.6854166666666667
        5,   47, waiting_time        , patient, pap_smear    , reporting,                        , 75%            ,     0.6944444444444444
        5,   47, waiting_time        , patient, pap_smear    , reporting,                        , max            ,     0.8347222222222223
        5,   47, waiting_time        , slide  , all          , fixation ,                        , count          , 13198.0
        5,   47, waiting_time        , slide  , all          , fixation ,                        , mean           ,     0.0
        5,   47, waiting_time        , slide  , all          , fixation ,                        , std            ,     0.0
        5,   47, waiting_time        , slide  , all          , fixation ,                        , min            ,     0.0
        5,   47, waiting_time        , slide  , all          , fixation ,                        , 25%            ,     0.0
        5,   47, waiting_time        , slide  , all          , fixation ,                        , 50%            ,     0.0
        5,   47, waiting_time        , slide  , all          , fixation ,                        , 75%            ,     0.0
        5,   47, waiting_time        , slide  , all          , fixation ,                        , max            ,     0.0
        5,   47, waiting_time        , slide  , all          , staining ,                        , count          , 13917.0
        5,   47, waiting_time        , slide  , all          , staining ,                        , mean           ,     0.15946404477337867
        5,   47, waiting_time        , slide  , all          , staining ,                        , std            ,     0.27411783196264605
        5,   47, waiting_time        , slide  , all          , staining ,                        , min            ,     0.0
        5,   47, waiting_time        , slide  , all          , staining ,                        , 25%            ,     0.010416666666666666
        5,   47, waiting_time        , slide  , all          , staining ,                        , 50%            ,     0.027777777777777776
        5,   47, waiting_time        , slide  , all          , staining ,                        , 75%            ,     0.07222222222222222
        5,   47, waiting_time        , slide  , all          , staining ,                        , max            ,     0.9319444444444445
        5,   47, resource_utilisation,        ,              ,          , Cytotechnicians        , utilisation_pct,    33.78
        5,   47, resource_utilisation,        ,              ,          , Junior Cytopathologists, utilisation_pct,    77.33
        5,   47, resource_utilisation,        ,              ,          , Manual Staining Station, utilisation_pct,    71.04
        5,   47, resource_utilisation,        ,              ,          , Senior Pathologists    , utilisation_pct,    25.07
        6,   48, waiting_time        , patient, non_pap_smear, screening,                        , count          ,  7794.0
        6,   48, waiting_time        , patient, non_pap_smear, screening,                        , mean           ,     0.3232255759416075
        6,   48, waiting_time        , patient, non_pap_smear, screening,                        , std            ,     0.35482926937211706
        6,   48, waiting_time        , patient, non_pap_smear, screening,                        , min            ,     0.0
        6,   48, waiting_time        , patient, non_pap_smear, screening,                        , 25%            ,     0.11319444444444444
        6,   48, waiting_time        , patient, non_pap_smear, screening,                        , 50%            ,     0.22361111111111112
        6,   48, waiting_time        , patient, non_pap_smear, screening,                        , 75%            ,     0.3090277777777778
        6,   48, waiting_time        , patient, non_pap_smear, screening,                        , max            ,     1.3090277777777777
        6,   48, waiting_time        , patient, non_pap_smear, reporting,                        , count          ,  7774.0
        6,   48, waiting_time        , patient, non_pap_smear, reporting,                        , mean           ,     0.6364194751736557
        6,   48, waiting_time        , patient, non_pap_smear, reporting,                        , std            ,     0.1864206737021202
        6,   48, waiting_time        , patient, non_pap_smear, reporting,                        , min            ,     0.0
        6,   48, waiting_time        , patient, non_pap_smear, reporting,                        , 25%            ,     0.675
        6,   48, waiting_time        , patient, non_pap_smear, reporting,                        , 50%            ,     0.6854166666666667
        6,   48, waiting_time        , patient, non_pap_smear, reporting,                        , 75%            ,     0.69375
        6,   48, waiting_time        , patient, non_pap_smear, reporting,                        , max            ,     0.8354166666666667
        6,   48, waiting_time        , patient, pap_smear    , screening,                        , count          ,  2197.0
        6,   48, waiting_time        , patient, pap_smear    , screening,                        , mean           ,     0.33661274212309716
        6,   48, waiting_time        , patient, pap_smear    , screening,                        , std            ,     0.3587364827366191
        6,   48, waiting_time        , patient, pap_smear    , screening,                        , min            ,     0.0
        6,   48, waiting_time        , patient, pap_smear    , screening,                        , 25%            ,     0.12430555555555556
        6,   48, waiting_time        , patient, pap_smear    , screening,                        , 50%            ,     0.24027777777777778
        6,   48, waiting_time        , patient, pap_smear    , screening,                        , 75%            ,     0.3090277777777778
        6,   48, waiting_time        , patient, pap_smear    , screening,                        , max            ,     1.3090277777777777
        6,   48, waiting_time        , patient, pap_smear    , reporting,                        , count          ,  2192.0
        6,   48, waiting_time        , patient, pap_smear    , reporting,                        , mean           ,     0.6349810548459043
        6,   48, waiting_time        , patient, pap_smear    , reporting,                        , std            ,     0.18876822314091588
        6,   48, waiting_time        , patient, pap_smear    , reporting,                        , min            ,     0.0
        6,   48, waiting_time        , patient, pap_smear    , reporting,                        , 25%            ,     0.675
        6,   48, waiting_time        , patient, pap_smear    , reporting,                        , 50%            ,     0.6854166666666667
        6,   48, waiting_time        , patient, pap_smear    , reporting,                        , 75%            ,     0.6944444444444444
        6,   48, waiting_time        , patient, pap_smear    , reporting,                        , max            ,     0.8361111111111111
        6,   48, waiting_time        , slide  , all          , fixation ,                        , count          , 13378.0
        6,   48, waiting_time        , slide  , all          , fixation ,                        , mean           ,     0.0
        6,   48, waiting_time        , slide  , all          , fixation ,                        , std            ,     0.0
        6,   48, waiting_time        , slide  , all          , fixation ,                        , min            ,     0.0
        6,   48, waiting_time        , slide  , all          , fixation ,                        , 25%            ,     0.0
        6,   48, waiting_time        , slide  , all          , fixation ,                        , 50%            ,     0.0
        6,   48, waiting_time        , slide  , all          , fixation ,                        , 75%            ,     0.0
        6,   48, waiting_time        , slide  , all          , fixation ,                        , max            ,     0.0
        6,   48, waiting_time        , slide  , all          , staining ,                        , count          , 14129.0
        6,   48, waiting_time        , slide  , all          , staining ,                        , mean           ,     0.16030003302899473
        6,   48, waiting_time        , slide  , all          , staining ,                        , std            ,     0.2746735786940579
        6,   48, waiting_time        , slide  , all          , staining ,                        , min            ,     0.0
        6,   48, waiting_time        , slide  , all          , staining ,                        , 25%            ,     0.011111111111111112
        6,   48, waiting_time        , slide  , all          , staining ,                        , 50%            ,     0.027777777777777776
        6,   48, waiting_time        , slide  , all          , staining ,                        , 75%            ,     0.07222222222222222
        6,   48, waiting_time        , slide  , all          , staining ,                        , max            ,     0.9090277777777778
        6,   48, resource_utilisation,        ,              ,          , Cytotechnicians        , utilisation_pct,    34.95
        6,   48, resource_utilisation,        ,              ,          , Junior Cytopathologists, utilisation_pct,    78.75
        6,   48, resource_utilisation,        ,              ,          , Manual Staining Station, utilisation_pct,    72.38
        6,   48, resource_utilisation,        ,              ,          , Senior Pathologists    , utilisation_pct,    25.61
        7,   49, waiting_time        , patient, non_pap_smear, screening,                        , count          ,  7723.0
        7,   49, waiting_time        , patient, non_pap_smear, screening,                        , mean           ,     0.3073815407081301
        7,   49, waiting_time        , patient, non_pap_smear, screening,                        , std            ,     0.3423598928858086
        7,   49, waiting_time        , patient, non_pap_smear, screening,                        , min            ,     0.0
        7,   49, waiting_time        , patient, non_pap_smear, screening,                        , 25%            ,     0.10902777777777778
        7,   49, waiting_time        , patient, non_pap_smear, screening,                        , 50%            ,     0.21805555555555556
        7,   49, waiting_time        , patient, non_pap_smear, screening,                        , 75%            ,     0.30277777777777776
        7,   49, waiting_time        , patient, non_pap_smear, screening,                        , max            ,     1.3090277777777777
        7,   49, waiting_time        , patient, non_pap_smear, reporting,                        , count          ,  7694.0
        7,   49, waiting_time        , patient, non_pap_smear, reporting,                        , mean           ,     0.6392367429165584
        7,   49, waiting_time        , patient, non_pap_smear, reporting,                        , std            ,     0.18292552933039055
        7,   49, waiting_time        , patient, non_pap_smear, reporting,                        , min            ,     0.0
        7,   49, waiting_time        , patient, non_pap_smear, reporting,                        , 25%            ,     0.6756944444444445
        7,   49, waiting_time        , patient, non_pap_smear, reporting,                        , 50%            ,     0.6861111111111111
        7,   49, waiting_time        , patient, non_pap_smear, reporting,                        , 75%            ,     0.6944444444444444
        7,   49, waiting_time        , patient, non_pap_smear, reporting,                        , max            ,     0.8395833333333333
        7,   49, waiting_time        , patient, pap_smear    , screening,                        , count          ,  2258.0
        7,   49, waiting_time        , patient, pap_smear    , screening,                        , mean           ,     0.3248600654463143
        7,   49, waiting_time        , patient, pap_smear    , screening,                        , std            ,     0.35685196102356287
        7,   49, waiting_time        , patient, pap_smear    , screening,                        , min            ,     0.0
        7,   49, waiting_time        , patient, pap_smear    , screening,                        , 25%            ,     0.11805555555555555
        7,   49, waiting_time        , patient, pap_smear    , screening,                        , 50%            ,     0.23125
        7,   49, waiting_time        , patient, pap_smear    , screening,                        , 75%            ,     0.3046875
        7,   49, waiting_time        , patient, pap_smear    , screening,                        , max            ,     1.3090277777777777
        7,   49, waiting_time        , patient, pap_smear    , reporting,                        , count          ,  2252.0
        7,   49, waiting_time        , patient, pap_smear    , reporting,                        , mean           ,     0.6368117229129662
        7,   49, waiting_time        , patient, pap_smear    , reporting,                        , std            ,     0.1876948725612144
        7,   49, waiting_time        , patient, pap_smear    , reporting,                        , min            ,     0.0
        7,   49, waiting_time        , patient, pap_smear    , reporting,                        , 25%            ,     0.6763888888888889
        7,   49, waiting_time        , patient, pap_smear    , reporting,                        , 50%            ,     0.6868055555555556
        7,   49, waiting_time        , patient, pap_smear    , reporting,                        , 75%            ,     0.6951388888888889
        7,   49, waiting_time        , patient, pap_smear    , reporting,                        , max            ,     0.8340277777777778
        7,   49, waiting_time        , slide  , all          , fixation ,                        , count          , 13412.0
        7,   49, waiting_time        , slide  , all          , fixation ,                        , mean           ,     0.0
        7,   49, waiting_time        , slide  , all          , fixation ,                        , std            ,     0.0
        7,   49, waiting_time        , slide  , all          , fixation ,                        , min            ,     0.0
        7,   49, waiting_time        , slide  , all          , fixation ,                        , 25%            ,     0.0
        7,   49, waiting_time        , slide  , all          , fixation ,                        , 50%            ,     0.0
        7,   49, waiting_time        , slide  , all          , fixation ,                        , 75%            ,     0.0
        7,   49, waiting_time        , slide  , all          , fixation ,                        , max            ,     0.0
        7,   49, waiting_time        , slide  , all          , staining ,                        , count          , 14157.0
        7,   49, waiting_time        , slide  , all          , staining ,                        , mean           ,     0.16840353810050782
        7,   49, waiting_time        , slide  , all          , staining ,                        , std            ,     0.2833428124642337
        7,   49, waiting_time        , slide  , all          , staining ,                        , min            ,     0.0
        7,   49, waiting_time        , slide  , all          , staining ,                        , 25%            ,     0.010416666666666666
        7,   49, waiting_time        , slide  , all          , staining ,                        , 50%            ,     0.027777777777777776
        7,   49, waiting_time        , slide  , all          , staining ,                        , 75%            ,     0.07430555555555556
        7,   49, waiting_time        , slide  , all          , staining ,                        , max            ,     0.9555555555555556
        7,   49, resource_utilisation,        ,              ,          , Cytotechnicians        , utilisation_pct,    35.07
        7,   49, resource_utilisation,        ,              ,          , Junior Cytopathologists, utilisation_pct,    78.15
        7,   49, resource_utilisation,        ,              ,          , Manual Staining Station, utilisation_pct,    72.89
        7,   49, resource_utilisation,        ,              ,          , Senior Pathologists    , utilisation_pct,    25.61
        8,   50, waiting_time        , patient, non_pap_smear, screening,                        , count          ,  7761.0
        8,   50, waiting_time        , patient, non_pap_smear, screening,                        , mean           ,     0.30620696072957376
        8,   50, waiting_time        , patient, non_pap_smear, screening,                        , std            ,     0.34164296030901276
        8,   50, waiting_time        , patient, non_pap_smear, screening,                        , min            ,     0.0
        8,   50, waiting_time        , patient, non_pap_smear, screening,                        , 25%            ,     0.10694444444444444
        8,   50, waiting_time        , patient, non_pap_smear, screening,                        , 50%            ,     0.21666666666666667
        8,   50, waiting_time        , patient, non_pap_smear, screening,                        , 75%            ,     0.30069444444444443
        8,   50, waiting_time        , patient, non_pap_smear, screening,                        , max            ,     1.3090277777777777
        8,   50, waiting_time        , patient, non_pap_smear, reporting,                        , count          ,  7745.0
        8,   50, waiting_time        , patient, non_pap_smear, reporting,                        , mean           ,     0.6364238576859623
        8,   50, waiting_time        , patient, non_pap_smear, reporting,                        , std            ,     0.18732408028555805
        8,   50, waiting_time        , patient, non_pap_smear, reporting,                        , min            ,     0.0
        8,   50, waiting_time        , patient, non_pap_smear, reporting,                        , 25%            ,     0.6763888888888889
        8,   50, waiting_time        , patient, non_pap_smear, reporting,                        , 50%            ,     0.6861111111111111
        8,   50, waiting_time        , patient, non_pap_smear, reporting,                        , 75%            ,     0.6944444444444444
        8,   50, waiting_time        , patient, non_pap_smear, reporting,                        , max            ,     0.8340277777777778
        8,   50, waiting_time        , patient, pap_smear    , screening,                        , count          ,  2140.0
        8,   50, waiting_time        , patient, pap_smear    , screening,                        , mean           ,     0.32361727673935614
        8,   50, waiting_time        , patient, pap_smear    , screening,                        , std            ,     0.35390850501439214
        8,   50, waiting_time        , patient, pap_smear    , screening,                        , min            ,     0.0
        8,   50, waiting_time        , patient, pap_smear    , screening,                        , 25%            ,     0.12361111111111112
        8,   50, waiting_time        , patient, pap_smear    , screening,                        , 50%            ,     0.22951388888888888
        8,   50, waiting_time        , patient, pap_smear    , screening,                        , 75%            ,     0.30156249999999996
        8,   50, waiting_time        , patient, pap_smear    , screening,                        , max            ,     1.3090277777777777
        8,   50, waiting_time        , patient, pap_smear    , reporting,                        , count          ,  2136.0
        8,   50, waiting_time        , patient, pap_smear    , reporting,                        , mean           ,     0.6384717670620058
        8,   50, waiting_time        , patient, pap_smear    , reporting,                        , std            ,     0.18392599107639693
        8,   50, waiting_time        , patient, pap_smear    , reporting,                        , min            ,     0.0
        8,   50, waiting_time        , patient, pap_smear    , reporting,                        , 25%            ,     0.6763888888888889
        8,   50, waiting_time        , patient, pap_smear    , reporting,                        , 50%            ,     0.6868055555555556
        8,   50, waiting_time        , patient, pap_smear    , reporting,                        , 75%            ,     0.6944444444444444
        8,   50, waiting_time        , patient, pap_smear    , reporting,                        , max            ,     0.8333333333333334
        8,   50, waiting_time        , slide  , all          , fixation ,                        , count          , 13590.0
        8,   50, waiting_time        , slide  , all          , fixation ,                        , mean           ,     0.0
        8,   50, waiting_time        , slide  , all          , fixation ,                        , std            ,     0.0
        8,   50, waiting_time        , slide  , all          , fixation ,                        , min            ,     0.0
        8,   50, waiting_time        , slide  , all          , fixation ,                        , 25%            ,     0.0
        8,   50, waiting_time        , slide  , all          , fixation ,                        , 50%            ,     0.0
        8,   50, waiting_time        , slide  , all          , fixation ,                        , 75%            ,     0.0
        8,   50, waiting_time        , slide  , all          , fixation ,                        , max            ,     0.0
        8,   50, waiting_time        , slide  , all          , staining ,                        , count          , 14358.0
        8,   50, waiting_time        , slide  , all          , staining ,                        , mean           ,     0.16343613123152403
        8,   50, waiting_time        , slide  , all          , staining ,                        , std            ,     0.2780352529772551
        8,   50, waiting_time        , slide  , all          , staining ,                        , min            ,     0.0
        8,   50, waiting_time        , slide  , all          , staining ,                        , 25%            ,     0.011111111111111112
        8,   50, waiting_time        , slide  , all          , staining ,                        , 50%            ,     0.02847222222222222
        8,   50, waiting_time        , slide  , all          , staining ,                        , 75%            ,     0.07569444444444444
        8,   50, waiting_time        , slide  , all          , staining ,                        , max            ,     0.94375
        8,   50, resource_utilisation,        ,              ,          , Cytotechnicians        , utilisation_pct,    35.56
        8,   50, resource_utilisation,        ,              ,          , Junior Cytopathologists, utilisation_pct,    78.14
        8,   50, resource_utilisation,        ,              ,          , Manual Staining Station, utilisation_pct,    72.96
        8,   50, resource_utilisation,        ,              ,          , Senior Pathologists    , utilisation_pct,    25.78
        9,   51, waiting_time        , patient, non_pap_smear, screening,                        , count          ,  7537.0
        9,   51, waiting_time        , patient, non_pap_smear, screening,                        , mean           ,     0.32432085047100967
        9,   51, waiting_time        , patient, non_pap_smear, screening,                        , std            ,     0.35882239417765466
        9,   51, waiting_time        , patient, non_pap_smear, screening,                        , min            ,     0.0
        9,   51, waiting_time        , patient, non_pap_smear, screening,                        , 25%            ,     0.11041666666666666
        9,   51, waiting_time        , patient, non_pap_smear, screening,                        , 50%            ,     0.2222222222222222
        9,   51, waiting_time        , patient, non_pap_smear, screening,                        , 75%            ,     0.3090277777777778
        9,   51, waiting_time        , patient, non_pap_smear, screening,                        , max            ,     1.3090277777777777
        9,   51, waiting_time        , patient, non_pap_smear, reporting,                        , count          ,  7508.0
        9,   51, waiting_time        , patient, non_pap_smear, reporting,                        , mean           ,     0.6411699742496891
        9,   51, waiting_time        , patient, non_pap_smear, reporting,                        , std            ,     0.1783631762601457
        9,   51, waiting_time        , patient, non_pap_smear, reporting,                        , min            ,     0.0
        9,   51, waiting_time        , patient, non_pap_smear, reporting,                        , 25%            ,     0.6756944444444445
        9,   51, waiting_time        , patient, non_pap_smear, reporting,                        , 50%            ,     0.6854166666666667
        9,   51, waiting_time        , patient, non_pap_smear, reporting,                        , 75%            ,     0.69375
        9,   51, waiting_time        , patient, non_pap_smear, reporting,                        , max            ,     0.8388888888888889
        9,   51, waiting_time        , patient, pap_smear    , screening,                        , count          ,  2223.0
        9,   51, waiting_time        , patient, pap_smear    , screening,                        , mean           ,     0.33254892037786776
        9,   51, waiting_time        , patient, pap_smear    , screening,                        , std            ,     0.35852582531883015
        9,   51, waiting_time        , patient, pap_smear    , screening,                        , min            ,     0.0
        9,   51, waiting_time        , patient, pap_smear    , screening,                        , 25%            ,     0.11701388888888889
        9,   51, waiting_time        , patient, pap_smear    , screening,                        , 50%            ,     0.2361111111111111
        9,   51, waiting_time        , patient, pap_smear    , screening,                        , 75%            ,     0.3090277777777778
        9,   51, waiting_time        , patient, pap_smear    , screening,                        , max            ,     1.3090277777777777
        9,   51, waiting_time        , patient, pap_smear    , reporting,                        , count          ,  2217.0
        9,   51, waiting_time        , patient, pap_smear    , reporting,                        , mean           ,     0.6280640755776074
        9,   51, waiting_time        , patient, pap_smear    , reporting,                        , std            ,     0.19861175166361922
        9,   51, waiting_time        , patient, pap_smear    , reporting,                        , min            ,     0.0
        9,   51, waiting_time        , patient, pap_smear    , reporting,                        , 25%            ,     0.675
        9,   51, waiting_time        , patient, pap_smear    , reporting,                        , 50%            ,     0.6861111111111111
        9,   51, waiting_time        , patient, pap_smear    , reporting,                        , 75%            ,     0.6944444444444444
        9,   51, waiting_time        , patient, pap_smear    , reporting,                        , max            ,     0.8333333333333334
        9,   51, waiting_time        , slide  , all          , fixation ,                        , count          , 13168.0
        9,   51, waiting_time        , slide  , all          , fixation ,                        , mean           ,     0.0
        9,   51, waiting_time        , slide  , all          , fixation ,                        , std            ,     0.0
        9,   51, waiting_time        , slide  , all          , fixation ,                        , min            ,     0.0
        9,   51, waiting_time        , slide  , all          , fixation ,                        , 25%            ,     0.0
        9,   51, waiting_time        , slide  , all          , fixation ,                        , 50%            ,     0.0
        9,   51, waiting_time        , slide  , all          , fixation ,                        , 75%            ,     0.0
        9,   51, waiting_time        , slide  , all          , fixation ,                        , max            ,     0.0
        9,   51, waiting_time        , slide  , all          , staining ,                        , count          , 13892.0
        9,   51, waiting_time        , slide  , all          , staining ,                        , mean           ,     0.1649898422753303
        9,   51, waiting_time        , slide  , all          , staining ,                        , std            ,     0.28010868063365846
        9,   51, waiting_time        , slide  , all          , staining ,                        , min            ,     0.0
        9,   51, waiting_time        , slide  , all          , staining ,                        , 25%            ,     0.010416666666666666
        9,   51, waiting_time        , slide  , all          , staining ,                        , 50%            ,     0.027777777777777776
        9,   51, waiting_time        , slide  , all          , staining ,                        , 75%            ,     0.07361111111111111
        9,   51, waiting_time        , slide  , all          , staining ,                        , max            ,     0.9166666666666666
        9,   51, resource_utilisation,        ,              ,          , Cytotechnicians        , utilisation_pct,    34.44
        9,   51, resource_utilisation,        ,              ,          , Junior Cytopathologists, utilisation_pct,    77.21
        9,   51, resource_utilisation,        ,              ,          , Manual Staining Station, utilisation_pct,    71.3
        9,   51, resource_utilisation,        ,              ,          , Senior Pathologists    , utilisation_pct,    25.17
       10,   52, waiting_time        , patient, non_pap_smear, screening,                        , count          ,  7799.0
       10,   52, waiting_time        , patient, non_pap_smear, screening,                        , mean           ,     0.31282171147298093
       10,   52, waiting_time        , patient, non_pap_smear, screening,                        , std            ,     0.3470197643655904
       10,   52, waiting_time        , patient, non_pap_smear, screening,                        , min            ,     0.0
       10,   52, waiting_time        , patient, non_pap_smear, screening,                        , 25%            ,     0.1111111111111111
       10,   52, waiting_time        , patient, non_pap_smear, screening,                        , 50%            ,     0.21944444444444444
       10,   52, waiting_time        , patient, non_pap_smear, screening,                        , 75%            ,     0.3034722222222222
       10,   52, waiting_time        , patient, non_pap_smear, screening,                        , max            ,     1.3090277777777777
       10,   52, waiting_time        , patient, non_pap_smear, reporting,                        , count          ,  7781.0
       10,   52, waiting_time        , patient, non_pap_smear, reporting,                        , mean           ,     0.6361367254994359
       10,   52, waiting_time        , patient, non_pap_smear, reporting,                        , std            ,     0.18757423036557036
       10,   52, waiting_time        , patient, non_pap_smear, reporting,                        , min            ,     0.0
       10,   52, waiting_time        , patient, non_pap_smear, reporting,                        , 25%            ,     0.675
       10,   52, waiting_time        , patient, non_pap_smear, reporting,                        , 50%            ,     0.6861111111111111
       10,   52, waiting_time        , patient, non_pap_smear, reporting,                        , 75%            ,     0.69375
       10,   52, waiting_time        , patient, non_pap_smear, reporting,                        , max            ,     0.8409722222222222
       10,   52, waiting_time        , patient, pap_smear    , screening,                        , count          ,  2179.0
       10,   52, waiting_time        , patient, pap_smear    , screening,                        , mean           ,     0.3291383024833002
       10,   52, waiting_time        , patient, pap_smear    , screening,                        , std            ,     0.35908090297529854
       10,   52, waiting_time        , patient, pap_smear    , screening,                        , min            ,     0.0
       10,   52, waiting_time        , patient, pap_smear    , screening,                        , 25%            ,     0.12013888888888889
       10,   52, waiting_time        , patient, pap_smear    , screening,                        , 50%            ,     0.23055555555555557
       10,   52, waiting_time        , patient, pap_smear    , screening,                        , 75%            ,     0.30451388888888886
       10,   52, waiting_time        , patient, pap_smear    , screening,                        , max            ,     1.3090277777777777
       10,   52, waiting_time        , patient, pap_smear    , reporting,                        , count          ,  2175.0
       10,   52, waiting_time        , patient, pap_smear    , reporting,                        , mean           ,     0.6337487228607919
       10,   52, waiting_time        , patient, pap_smear    , reporting,                        , std            ,     0.1914383724669977
       10,   52, waiting_time        , patient, pap_smear    , reporting,                        , min            ,     0.0
       10,   52, waiting_time        , patient, pap_smear    , reporting,                        , 25%            ,     0.675
       10,   52, waiting_time        , patient, pap_smear    , reporting,                        , 50%            ,     0.6861111111111111
       10,   52, waiting_time        , patient, pap_smear    , reporting,                        , 75%            ,     0.6951388888888889
       10,   52, waiting_time        , patient, pap_smear    , reporting,                        , max            ,     0.8326388888888889
       10,   52, waiting_time        , slide  , all          , fixation ,                        , count          , 13459.0
       10,   52, waiting_time        , slide  , all          , fixation ,                        , mean           ,     0.0
       10,   52, waiting_time        , slide  , all          , fixation ,                        , std            ,     0.0
       10,   52, waiting_time        , slide  , all          , fixation ,                        , min            ,     0.0
       10,   52, waiting_time        , slide  , all          , fixation ,                        , 25%            ,     0.0
       10,   52, waiting_time        , slide  , all          , fixation ,                        , 50%            ,     0.0
       10,   52, waiting_time        , slide  , all          , fixation ,                        , 75%            ,     0.0
       10,   52, waiting_time        , slide  , all          , fixation ,                        , max            ,     0.0
       10,   52, waiting_time        , slide  , all          , staining ,                        , count          , 14215.0
       10,   52, waiting_time        , slide  , all          , staining ,                        , mean           ,     0.1635055887755501
       10,   52, waiting_time        , slide  , all          , staining ,                        , std            ,     0.27696734873223244
       10,   52, waiting_time        , slide  , all          , staining ,                        , min            ,     0.0
       10,   52, waiting_time        , slide  , all          , staining ,                        , 25%            ,     0.011805555555555555
       10,   52, waiting_time        , slide  , all          , staining ,                        , 50%            ,     0.02847222222222222
       10,   52, waiting_time        , slide  , all          , staining ,                        , 75%            ,     0.07430555555555556
       10,   52, waiting_time        , slide  , all          , staining ,                        , max            ,     0.9375
       10,   52, resource_utilisation,        ,              ,          , Cytotechnicians        , utilisation_pct,    35.71
       10,   52, resource_utilisation,        ,              ,          , Junior Cytopathologists, utilisation_pct,    78.53
       10,   52, resource_utilisation,        ,              ,          , Manual Staining Station, utilisation_pct,    72.87
       10,   52, resource_utilisation,        ,              ,          , Senior Pathologists    , utilisation_pct,    25.5
       11,   53, waiting_time        , patient, non_pap_smear, screening,                        , count          ,  7612.0
       11,   53, waiting_time        , patient, non_pap_smear, screening,                        , mean           ,     0.3158928519297016
       11,   53, waiting_time        , patient, non_pap_smear, screening,                        , std            ,     0.35339802874537096
       11,   53, waiting_time        , patient, non_pap_smear, screening,                        , min            ,     0.0
       11,   53, waiting_time        , patient, non_pap_smear, screening,                        , 25%            ,     0.10416666666666667
       11,   53, waiting_time        , patient, non_pap_smear, screening,                        , 50%            ,     0.21944444444444444
       11,   53, waiting_time        , patient, non_pap_smear, screening,                        , 75%            ,     0.3090277777777778
       11,   53, waiting_time        , patient, non_pap_smear, screening,                        , max            ,     1.3090277777777777
       11,   53, waiting_time        , patient, non_pap_smear, reporting,                        , count          ,  7592.0
       11,   53, waiting_time        , patient, non_pap_smear, reporting,                        , mean           ,     0.6402075283924598
       11,   53, waiting_time        , patient, non_pap_smear, reporting,                        , std            ,     0.18172162998106703
       11,   53, waiting_time        , patient, non_pap_smear, reporting,                        , min            ,     0.0
       11,   53, waiting_time        , patient, non_pap_smear, reporting,                        , 25%            ,     0.6763888888888889
       11,   53, waiting_time        , patient, non_pap_smear, reporting,                        , 50%            ,     0.6861111111111111
       11,   53, waiting_time        , patient, non_pap_smear, reporting,                        , 75%            ,     0.6944444444444444
       11,   53, waiting_time        , patient, non_pap_smear, reporting,                        , max            ,     0.8395833333333333
       11,   53, waiting_time        , patient, pap_smear    , screening,                        , count          ,  2187.0
       11,   53, waiting_time        , patient, pap_smear    , screening,                        , mean           ,     0.3290196489356297
       11,   53, waiting_time        , patient, pap_smear    , screening,                        , std            ,     0.3589873016342713
       11,   53, waiting_time        , patient, pap_smear    , screening,                        , min            ,     0.0
       11,   53, waiting_time        , patient, pap_smear    , screening,                        , 25%            ,     0.12013888888888889
       11,   53, waiting_time        , patient, pap_smear    , screening,                        , 50%            ,     0.2361111111111111
       11,   53, waiting_time        , patient, pap_smear    , screening,                        , 75%            ,     0.30277777777777776
       11,   53, waiting_time        , patient, pap_smear    , screening,                        , max            ,     1.3090277777777777
       11,   53, waiting_time        , patient, pap_smear    , reporting,                        , count          ,  2181.0
       11,   53, waiting_time        , patient, pap_smear    , reporting,                        , mean           ,     0.6377722375057313
       11,   53, waiting_time        , patient, pap_smear    , reporting,                        , std            ,     0.1866636331767884
       11,   53, waiting_time        , patient, pap_smear    , reporting,                        , min            ,     0.0
       11,   53, waiting_time        , patient, pap_smear    , reporting,                        , 25%            ,     0.6763888888888889
       11,   53, waiting_time        , patient, pap_smear    , reporting,                        , 50%            ,     0.6861111111111111
       11,   53, waiting_time        , patient, pap_smear    , reporting,                        , 75%            ,     0.6951388888888889
       11,   53, waiting_time        , patient, pap_smear    , reporting,                        , max            ,     0.8368055555555556
       11,   53, waiting_time        , slide  , all          , fixation ,                        , count          , 13027.0
       11,   53, waiting_time        , slide  , all          , fixation ,                        , mean           ,     0.0
       11,   53, waiting_time        , slide  , all          , fixation ,                        , std            ,     0.0
       11,   53, waiting_time        , slide  , all          , fixation ,                        , min            ,     0.0
       11,   53, waiting_time        , slide  , all          , fixation ,                        , 25%            ,     0.0
       11,   53, waiting_time        , slide  , all          , fixation ,                        , 50%            ,     0.0
       11,   53, waiting_time        , slide  , all          , fixation ,                        , 75%            ,     0.0
       11,   53, waiting_time        , slide  , all          , fixation ,                        , max            ,     0.0
       11,   53, waiting_time        , slide  , all          , staining ,                        , count          , 13718.0
       11,   53, waiting_time        , slide  , all          , staining ,                        , mean           ,     0.15391704532568726
       11,   53, waiting_time        , slide  , all          , staining ,                        , std            ,     0.26963738326728165
       11,   53, waiting_time        , slide  , all          , staining ,                        , min            ,     0.0
       11,   53, waiting_time        , slide  , all          , staining ,                        , 25%            ,     0.010416666666666666
       11,   53, waiting_time        , slide  , all          , staining ,                        , 50%            ,     0.027083333333333334
       11,   53, waiting_time        , slide  , all          , staining ,                        , 75%            ,     0.06597222222222222
       11,   53, waiting_time        , slide  , all          , staining ,                        , max            ,     0.9451388888888889
       11,   53, resource_utilisation,        ,              ,          , Cytotechnicians        , utilisation_pct,    33.46
       11,   53, resource_utilisation,        ,              ,          , Junior Cytopathologists, utilisation_pct,    76.49
       11,   53, resource_utilisation,        ,              ,          , Manual Staining Station, utilisation_pct,    70.87
       11,   53, resource_utilisation,        ,              ,          , Senior Pathologists    , utilisation_pct,    25.11
       12,   54, waiting_time        , patient, non_pap_smear, screening,                        , count          ,  7544.0
       12,   54, waiting_time        , patient, non_pap_smear, screening,                        , mean           ,     0.31061172602215154
       12,   54, waiting_time        , patient, non_pap_smear, screening,                        , std            ,     0.34759443991326744
       12,   54, waiting_time        , patient, non_pap_smear, screening,                        , min            ,     0.0
       12,   54, waiting_time        , patient, non_pap_smear, screening,                        , 25%            ,     0.10746527777777778
       12,   54, waiting_time        , patient, non_pap_smear, screening,                        , 50%            ,     0.215625
       12,   54, waiting_time        , patient, non_pap_smear, screening,                        , 75%            ,     0.3020833333333333
       12,   54, waiting_time        , patient, non_pap_smear, screening,                        , max            ,     1.3090277777777777
       12,   54, waiting_time        , patient, non_pap_smear, reporting,                        , count          ,  7520.0
       12,   54, waiting_time        , patient, non_pap_smear, reporting,                        , mean           ,     0.6383168033392435
       12,   54, waiting_time        , patient, non_pap_smear, reporting,                        , std            ,     0.1842357269206599
       12,   54, waiting_time        , patient, non_pap_smear, reporting,                        , min            ,     0.0
       12,   54, waiting_time        , patient, non_pap_smear, reporting,                        , 25%            ,     0.6763888888888889
       12,   54, waiting_time        , patient, non_pap_smear, reporting,                        , 50%            ,     0.6861111111111111
       12,   54, waiting_time        , patient, non_pap_smear, reporting,                        , 75%            ,     0.6944444444444444
       12,   54, waiting_time        , patient, non_pap_smear, reporting,                        , max            ,     0.8388888888888889
       12,   54, waiting_time        , patient, pap_smear    , screening,                        , count          ,  2201.0
       12,   54, waiting_time        , patient, pap_smear    , screening,                        , mean           ,     0.32579477762633147
       12,   54, waiting_time        , patient, pap_smear    , screening,                        , std            ,     0.3532692116535235
       12,   54, waiting_time        , patient, pap_smear    , screening,                        , min            ,     0.0
       12,   54, waiting_time        , patient, pap_smear    , screening,                        , 25%            ,     0.12222222222222222
       12,   54, waiting_time        , patient, pap_smear    , screening,                        , 50%            ,     0.24097222222222223
       12,   54, waiting_time        , patient, pap_smear    , screening,                        , 75%            ,     0.30486111111111114
       12,   54, waiting_time        , patient, pap_smear    , screening,                        , max            ,     1.3090277777777777
       12,   54, waiting_time        , patient, pap_smear    , reporting,                        , count          ,  2195.0
       12,   54, waiting_time        , patient, pap_smear    , reporting,                        , mean           ,     0.6331985573272589
       12,   54, waiting_time        , patient, pap_smear    , reporting,                        , std            ,     0.1917142725134389
       12,   54, waiting_time        , patient, pap_smear    , reporting,                        , min            ,     0.0
       12,   54, waiting_time        , patient, pap_smear    , reporting,                        , 25%            ,     0.6770833333333334
       12,   54, waiting_time        , patient, pap_smear    , reporting,                        , 50%            ,     0.6868055555555556
       12,   54, waiting_time        , patient, pap_smear    , reporting,                        , 75%            ,     0.6951388888888889
       12,   54, waiting_time        , patient, pap_smear    , reporting,                        , max            ,     0.8368055555555556
       12,   54, waiting_time        , slide  , all          , fixation ,                        , count          , 13133.0
       12,   54, waiting_time        , slide  , all          , fixation ,                        , mean           ,     0.0
       12,   54, waiting_time        , slide  , all          , fixation ,                        , std            ,     0.0
       12,   54, waiting_time        , slide  , all          , fixation ,                        , min            ,     0.0
       12,   54, waiting_time        , slide  , all          , fixation ,                        , 25%            ,     0.0
       12,   54, waiting_time        , slide  , all          , fixation ,                        , 50%            ,     0.0
       12,   54, waiting_time        , slide  , all          , fixation ,                        , 75%            ,     0.0
       12,   54, waiting_time        , slide  , all          , fixation ,                        , max            ,     0.0
       12,   54, waiting_time        , slide  , all          , staining ,                        , count          , 13833.0
       12,   54, waiting_time        , slide  , all          , staining ,                        , mean           ,     0.1607823381286296
       12,   54, waiting_time        , slide  , all          , staining ,                        , std            ,     0.2752213021476813
       12,   54, waiting_time        , slide  , all          , staining ,                        , min            ,     0.0
       12,   54, waiting_time        , slide  , all          , staining ,                        , 25%            ,     0.010416666666666666
       12,   54, waiting_time        , slide  , all          , staining ,                        , 50%            ,     0.027777777777777776
       12,   54, waiting_time        , slide  , all          , staining ,                        , 75%            ,     0.07430555555555556
       12,   54, waiting_time        , slide  , all          , staining ,                        , max            ,     0.9423611111111111
       12,   54, resource_utilisation,        ,              ,          , Cytotechnicians        , utilisation_pct,    34.21
       12,   54, resource_utilisation,        ,              ,          , Junior Cytopathologists, utilisation_pct,    76.83
       12,   54, resource_utilisation,        ,              ,          , Manual Staining Station, utilisation_pct,    71.3
       12,   54, resource_utilisation,        ,              ,          , Senior Pathologists    , utilisation_pct,    25.04
       13,   55, waiting_time        , patient, non_pap_smear, screening,                        , count          ,  7560.0
       13,   55, waiting_time        , patient, non_pap_smear, screening,                        , mean           ,     0.322261078042328
       13,   55, waiting_time        , patient, non_pap_smear, screening,                        , std            ,     0.35410979260094594
       13,   55, waiting_time        , patient, non_pap_smear, screening,                        , min            ,     0.0
       13,   55, waiting_time        , patient, non_pap_smear, screening,                        , 25%            ,     0.10902777777777778
       13,   55, waiting_time        , patient, non_pap_smear, screening,                        , 50%            ,     0.22291666666666668
       13,   55, waiting_time        , patient, non_pap_smear, screening,                        , 75%            ,     0.3090277777777778
       13,   55, waiting_time        , patient, non_pap_smear, screening,                        , max            ,     1.3090277777777777
       13,   55, waiting_time        , patient, non_pap_smear, reporting,                        , count          ,  7537.0
       13,   55, waiting_time        , patient, non_pap_smear, reporting,                        , mean           ,     0.640215768873557
       13,   55, waiting_time        , patient, non_pap_smear, reporting,                        , std            ,     0.17917010171474496
       13,   55, waiting_time        , patient, non_pap_smear, reporting,                        , min            ,     0.0
       13,   55, waiting_time        , patient, non_pap_smear, reporting,                        , 25%            ,     0.6756944444444445
       13,   55, waiting_time        , patient, non_pap_smear, reporting,                        , 50%            ,     0.6861111111111111
       13,   55, waiting_time        , patient, non_pap_smear, reporting,                        , 75%            ,     0.6944444444444444
       13,   55, waiting_time        , patient, non_pap_smear, reporting,                        , max            ,     0.8381944444444445
       13,   55, waiting_time        , patient, pap_smear    , screening,                        , count          ,  2188.0
       13,   55, waiting_time        , patient, pap_smear    , screening,                        , mean           ,     0.3384255027422304
       13,   55, waiting_time        , patient, pap_smear    , screening,                        , std            ,     0.36416720541161923
       13,   55, waiting_time        , patient, pap_smear    , screening,                        , min            ,     0.0
       13,   55, waiting_time        , patient, pap_smear    , screening,                        , 25%            ,     0.12430555555555556
       13,   55, waiting_time        , patient, pap_smear    , screening,                        , 50%            ,     0.23958333333333334
       13,   55, waiting_time        , patient, pap_smear    , screening,                        , 75%            ,     0.3090277777777778
       13,   55, waiting_time        , patient, pap_smear    , screening,                        , max            ,     1.3090277777777777
       13,   55, waiting_time        , patient, pap_smear    , reporting,                        , count          ,  2184.0
       13,   55, waiting_time        , patient, pap_smear    , reporting,                        , mean           ,     0.6280973366910866
       13,   55, waiting_time        , patient, pap_smear    , reporting,                        , std            ,     0.19865384874901404
       13,   55, waiting_time        , patient, pap_smear    , reporting,                        , min            ,     0.0
       13,   55, waiting_time        , patient, pap_smear    , reporting,                        , 25%            ,     0.6756944444444445
       13,   55, waiting_time        , patient, pap_smear    , reporting,                        , 50%            ,     0.6861111111111111
       13,   55, waiting_time        , patient, pap_smear    , reporting,                        , 75%            ,     0.6944444444444444
       13,   55, waiting_time        , patient, pap_smear    , reporting,                        , max            ,     0.8354166666666667
       13,   55, waiting_time        , slide  , all          , fixation ,                        , count          , 13147.0
       13,   55, waiting_time        , slide  , all          , fixation ,                        , mean           ,     0.0
       13,   55, waiting_time        , slide  , all          , fixation ,                        , std            ,     0.0
       13,   55, waiting_time        , slide  , all          , fixation ,                        , min            ,     0.0
       13,   55, waiting_time        , slide  , all          , fixation ,                        , 25%            ,     0.0
       13,   55, waiting_time        , slide  , all          , fixation ,                        , 50%            ,     0.0
       13,   55, waiting_time        , slide  , all          , fixation ,                        , 75%            ,     0.0
       13,   55, waiting_time        , slide  , all          , fixation ,                        , max            ,     0.0
       13,   55, waiting_time        , slide  , all          , staining ,                        , count          , 13882.0
       13,   55, waiting_time        , slide  , all          , staining ,                        , mean           ,     0.16174987793945797
       13,   55, waiting_time        , slide  , all          , staining ,                        , std            ,     0.27530372583011514
       13,   55, waiting_time        , slide  , all          , staining ,                        , min            ,     0.0
       13,   55, waiting_time        , slide  , all          , staining ,                        , 25%            ,     0.010416666666666666
       13,   55, waiting_time        , slide  , all          , staining ,                        , 50%            ,     0.02847222222222222
       13,   55, waiting_time        , slide  , all          , staining ,                        , 75%            ,     0.07847222222222222
       13,   55, waiting_time        , slide  , all          , staining ,                        , max            ,     0.9618055555555556
       13,   55, resource_utilisation,        ,              ,          , Cytotechnicians        , utilisation_pct,    34.27
       13,   55, resource_utilisation,        ,              ,          , Junior Cytopathologists, utilisation_pct,    76.48
       13,   55, resource_utilisation,        ,              ,          , Manual Staining Station, utilisation_pct,    71.01
       13,   55, resource_utilisation,        ,              ,          , Senior Pathologists    , utilisation_pct,    24.95
       14,   56, waiting_time        , patient, non_pap_smear, screening,                        , count          ,  7609.0
       14,   56, waiting_time        , patient, non_pap_smear, screening,                        , mean           ,     0.3077021363589901
       14,   56, waiting_time        , patient, non_pap_smear, screening,                        , std            ,     0.3424960575410315
       14,   56, waiting_time        , patient, non_pap_smear, screening,                        , min            ,     0.0
       14,   56, waiting_time        , patient, non_pap_smear, screening,                        , 25%            ,     0.10972222222222222
       14,   56, waiting_time        , patient, non_pap_smear, screening,                        , 50%            ,     0.21319444444444444
       14,   56, waiting_time        , patient, non_pap_smear, screening,                        , 75%            ,     0.3013888888888889
       14,   56, waiting_time        , patient, non_pap_smear, screening,                        , max            ,     1.3090277777777777
       14,   56, waiting_time        , patient, non_pap_smear, reporting,                        , count          ,  7582.0
       14,   56, waiting_time        , patient, non_pap_smear, reporting,                        , mean           ,     0.6363475995779478
       14,   56, waiting_time        , patient, non_pap_smear, reporting,                        , std            ,     0.18688139647945773
       14,   56, waiting_time        , patient, non_pap_smear, reporting,                        , min            ,     0.0
       14,   56, waiting_time        , patient, non_pap_smear, reporting,                        , 25%            ,     0.6763888888888889
       14,   56, waiting_time        , patient, non_pap_smear, reporting,                        , 50%            ,     0.6861111111111111
       14,   56, waiting_time        , patient, non_pap_smear, reporting,                        , 75%            ,     0.6944444444444444
       14,   56, waiting_time        , patient, non_pap_smear, reporting,                        , max            ,     0.8333333333333334
       14,   56, waiting_time        , patient, pap_smear    , screening,                        , count          ,  2129.0
       14,   56, waiting_time        , patient, pap_smear    , screening,                        , mean           ,     0.3291226319085643
       14,   56, waiting_time        , patient, pap_smear    , screening,                        , std            ,     0.3541138046393309
       14,   56, waiting_time        , patient, pap_smear    , screening,                        , min            ,     0.0
       14,   56, waiting_time        , patient, pap_smear    , screening,                        , 25%            ,     0.12152777777777778
       14,   56, waiting_time        , patient, pap_smear    , screening,                        , 50%            ,     0.23541666666666666
       14,   56, waiting_time        , patient, pap_smear    , screening,                        , 75%            ,     0.3090277777777778
       14,   56, waiting_time        , patient, pap_smear    , screening,                        , max            ,     1.3090277777777777
       14,   56, waiting_time        , patient, pap_smear    , reporting,                        , count          ,  2118.0
       14,   56, waiting_time        , patient, pap_smear    , reporting,                        , mean           ,     0.6375521325149512
       14,   56, waiting_time        , patient, pap_smear    , reporting,                        , std            ,     0.18437096831733113
       14,   56, waiting_time        , patient, pap_smear    , reporting,                        , min            ,     0.0
       14,   56, waiting_time        , patient, pap_smear    , reporting,                        , 25%            ,     0.6763888888888889
       14,   56, waiting_time        , patient, pap_smear    , reporting,                        , 50%            ,     0.6861111111111111
       14,   56, waiting_time        , patient, pap_smear    , reporting,                        , 75%            ,     0.6944444444444444
       14,   56, waiting_time        , patient, pap_smear    , reporting,                        , max            ,     0.8333333333333334
       14,   56, waiting_time        , slide  , all          , fixation ,                        , count          , 13116.0
       14,   56, waiting_time        , slide  , all          , fixation ,                        , mean           ,     0.0
       14,   56, waiting_time        , slide  , all          , fixation ,                        , std            ,     0.0
       14,   56, waiting_time        , slide  , all          , fixation ,                        , min            ,     0.0
       14,   56, waiting_time        , slide  , all          , fixation ,                        , 25%            ,     0.0
       14,   56, waiting_time        , slide  , all          , fixation ,                        , 50%            ,     0.0
       14,   56, waiting_time        , slide  , all          , fixation ,                        , 75%            ,     0.0
       14,   56, waiting_time        , slide  , all          , fixation ,                        , max            ,     0.0
       14,   56, waiting_time        , slide  , all          , staining ,                        , count          , 13839.0
       14,   56, waiting_time        , slide  , all          , staining ,                        , mean           ,     0.16769646570481167
       14,   56, waiting_time        , slide  , all          , staining ,                        , std            ,     0.279458929850451
       14,   56, waiting_time        , slide  , all          , staining ,                        , min            ,     0.0
       14,   56, waiting_time        , slide  , all          , staining ,                        , 25%            ,     0.010416666666666666
       14,   56, waiting_time        , slide  , all          , staining ,                        , 50%            ,     0.029166666666666667
       14,   56, waiting_time        , slide  , all          , staining ,                        , 75%            ,     0.08194444444444444
       14,   56, waiting_time        , slide  , all          , staining ,                        , max            ,     0.9395833333333333
       14,   56, resource_utilisation,        ,              ,          , Cytotechnicians        , utilisation_pct,    34.37
       14,   56, resource_utilisation,        ,              ,          , Junior Cytopathologists, utilisation_pct,    76.35
       14,   56, resource_utilisation,        ,              ,          , Manual Staining Station, utilisation_pct,    71.06
       14,   56, resource_utilisation,        ,              ,          , Senior Pathologists    , utilisation_pct,    24.8
       15,   57, waiting_time        , patient, non_pap_smear, screening,                        , count          ,  7712.0
       15,   57, waiting_time        , patient, non_pap_smear, screening,                        , mean           ,     0.31500232321922544
       15,   57, waiting_time        , patient, non_pap_smear, screening,                        , std            ,     0.3529216297964594
       15,   57, waiting_time        , patient, non_pap_smear, screening,                        , min            ,     0.0
       15,   57, waiting_time        , patient, non_pap_smear, screening,                        , 25%            ,     0.10486111111111111
       15,   57, waiting_time        , patient, non_pap_smear, screening,                        , 50%            ,     0.21736111111111112
       15,   57, waiting_time        , patient, non_pap_smear, screening,                        , 75%            ,     0.3090277777777778
       15,   57, waiting_time        , patient, non_pap_smear, screening,                        , max            ,     1.3090277777777777
       15,   57, waiting_time        , patient, non_pap_smear, reporting,                        , count          ,  7675.0
       15,   57, waiting_time        , patient, non_pap_smear, reporting,                        , mean           ,     0.6401144589214622
       15,   57, waiting_time        , patient, non_pap_smear, reporting,                        , std            ,     0.18065624018275267
       15,   57, waiting_time        , patient, non_pap_smear, reporting,                        , min            ,     0.0
       15,   57, waiting_time        , patient, non_pap_smear, reporting,                        , 25%            ,     0.6756944444444445
       15,   57, waiting_time        , patient, non_pap_smear, reporting,                        , 50%            ,     0.6861111111111111
       15,   57, waiting_time        , patient, non_pap_smear, reporting,                        , 75%            ,     0.69375
       15,   57, waiting_time        , patient, non_pap_smear, reporting,                        , max            ,     0.8402777777777778
       15,   57, waiting_time        , patient, pap_smear    , screening,                        , count          ,  2102.0
       15,   57, waiting_time        , patient, pap_smear    , screening,                        , mean           ,     0.329644386298763
       15,   57, waiting_time        , patient, pap_smear    , screening,                        , std            ,     0.36173687111554614
       15,   57, waiting_time        , patient, pap_smear    , screening,                        , min            ,     0.0
       15,   57, waiting_time        , patient, pap_smear    , screening,                        , 25%            ,     0.11666666666666667
       15,   57, waiting_time        , patient, pap_smear    , screening,                        , 50%            ,     0.2326388888888889
       15,   57, waiting_time        , patient, pap_smear    , screening,                        , 75%            ,     0.30538194444444444
       15,   57, waiting_time        , patient, pap_smear    , screening,                        , max            ,     1.3090277777777777
       15,   57, waiting_time        , patient, pap_smear    , reporting,                        , count          ,  2098.0
       15,   57, waiting_time        , patient, pap_smear    , reporting,                        , mean           ,     0.6361935308759665
       15,   57, waiting_time        , patient, pap_smear    , reporting,                        , std            ,     0.1876640720771829
       15,   57, waiting_time        , patient, pap_smear    , reporting,                        , min            ,     0.0
       15,   57, waiting_time        , patient, pap_smear    , reporting,                        , 25%            ,     0.675
       15,   57, waiting_time        , patient, pap_smear    , reporting,                        , 50%            ,     0.6861111111111111
       15,   57, waiting_time        , patient, pap_smear    , reporting,                        , 75%            ,     0.6951388888888889
       15,   57, waiting_time        , patient, pap_smear    , reporting,                        , max            ,     0.8361111111111111
       15,   57, waiting_time        , slide  , all          , fixation ,                        , count          , 13130.0
       15,   57, waiting_time        , slide  , all          , fixation ,                        , mean           ,     0.0
       15,   57, waiting_time        , slide  , all          , fixation ,                        , std            ,     0.0
       15,   57, waiting_time        , slide  , all          , fixation ,                        , min            ,     0.0
       15,   57, waiting_time        , slide  , all          , fixation ,                        , 25%            ,     0.0
       15,   57, waiting_time        , slide  , all          , fixation ,                        , 50%            ,     0.0
       15,   57, waiting_time        , slide  , all          , fixation ,                        , 75%            ,     0.0
       15,   57, waiting_time        , slide  , all          , fixation ,                        , max            ,     0.0
       15,   57, waiting_time        , slide  , all          , staining ,                        , count          , 13897.0
       15,   57, waiting_time        , slide  , all          , staining ,                        , mean           ,     0.1605578342248127
       15,   57, waiting_time        , slide  , all          , staining ,                        , std            ,     0.2757834243647952
       15,   57, waiting_time        , slide  , all          , staining ,                        , min            ,     0.0
       15,   57, waiting_time        , slide  , all          , staining ,                        , 25%            ,     0.010416666666666666
       15,   57, waiting_time        , slide  , all          , staining ,                        , 50%            ,     0.02638888888888889
       15,   57, waiting_time        , slide  , all          , staining ,                        , 75%            ,     0.07083333333333333
       15,   57, waiting_time        , slide  , all          , staining ,                        , max            ,     0.9770833333333333
       15,   57, resource_utilisation,        ,              ,          , Cytotechnicians        , utilisation_pct,    33.94
       15,   57, resource_utilisation,        ,              ,          , Junior Cytopathologists, utilisation_pct,    77.54
       15,   57, resource_utilisation,        ,              ,          , Manual Staining Station, utilisation_pct,    71.37
       15,   57, resource_utilisation,        ,              ,          , Senior Pathologists    , utilisation_pct,    24.88
       16,   58, waiting_time        , patient, non_pap_smear, screening,                        , count          ,  7594.0
       16,   58, waiting_time        , patient, non_pap_smear, screening,                        , mean           ,     0.32131845682263777
       16,   58, waiting_time        , patient, non_pap_smear, screening,                        , std            ,     0.3553856844818745
       16,   58, waiting_time        , patient, non_pap_smear, screening,                        , min            ,     0.0
       16,   58, waiting_time        , patient, non_pap_smear, screening,                        , 25%            ,     0.11388888888888889
       16,   58, waiting_time        , patient, non_pap_smear, screening,                        , 50%            ,     0.21736111111111112
       16,   58, waiting_time        , patient, non_pap_smear, screening,                        , 75%            ,     0.3090277777777778
       16,   58, waiting_time        , patient, non_pap_smear, screening,                        , max            ,     1.3090277777777777
       16,   58, waiting_time        , patient, non_pap_smear, reporting,                        , count          ,  7576.0
       16,   58, waiting_time        , patient, non_pap_smear, reporting,                        , mean           ,     0.6409680056904846
       16,   58, waiting_time        , patient, non_pap_smear, reporting,                        , std            ,     0.17799935907644632
       16,   58, waiting_time        , patient, non_pap_smear, reporting,                        , min            ,     0.0
       16,   58, waiting_time        , patient, non_pap_smear, reporting,                        , 25%            ,     0.6756944444444445
       16,   58, waiting_time        , patient, non_pap_smear, reporting,                        , 50%            ,     0.6854166666666667
       16,   58, waiting_time        , patient, non_pap_smear, reporting,                        , 75%            ,     0.6944444444444444
       16,   58, waiting_time        , patient, non_pap_smear, reporting,                        , max            ,     0.8395833333333333
       16,   58, waiting_time        , patient, pap_smear    , screening,                        , count          ,  2196.0
       16,   58, waiting_time        , patient, pap_smear    , screening,                        , mean           ,     0.32943008753288805
       16,   58, waiting_time        , patient, pap_smear    , screening,                        , std            ,     0.35629995301356665
       16,   58, waiting_time        , patient, pap_smear    , screening,                        , min            ,     0.0
       16,   58, waiting_time        , patient, pap_smear    , screening,                        , 25%            ,     0.11805555555555555
       16,   58, waiting_time        , patient, pap_smear    , screening,                        , 50%            ,     0.2326388888888889
       16,   58, waiting_time        , patient, pap_smear    , screening,                        , 75%            ,     0.3085069444444445
       16,   58, waiting_time        , patient, pap_smear    , screening,                        , max            ,     1.3090277777777777
       16,   58, waiting_time        , patient, pap_smear    , reporting,                        , count          ,  2191.0
       16,   58, waiting_time        , patient, pap_smear    , reporting,                        , mean           ,     0.6298810791622294
       16,   58, waiting_time        , patient, pap_smear    , reporting,                        , std            ,     0.19662841837887068
       16,   58, waiting_time        , patient, pap_smear    , reporting,                        , min            ,     0.0
       16,   58, waiting_time        , patient, pap_smear    , reporting,                        , 25%            ,     0.6756944444444445
       16,   58, waiting_time        , patient, pap_smear    , reporting,                        , 50%            ,     0.6861111111111111
       16,   58, waiting_time        , patient, pap_smear    , reporting,                        , 75%            ,     0.6951388888888889
       16,   58, waiting_time        , patient, pap_smear    , reporting,                        , max            ,     0.8430555555555556
       16,   58, waiting_time        , slide  , all          , fixation ,                        , count          , 13223.0
       16,   58, waiting_time        , slide  , all          , fixation ,                        , mean           ,     0.0
       16,   58, waiting_time        , slide  , all          , fixation ,                        , std            ,     0.0
       16,   58, waiting_time        , slide  , all          , fixation ,                        , min            ,     0.0
       16,   58, waiting_time        , slide  , all          , fixation ,                        , 25%            ,     0.0
       16,   58, waiting_time        , slide  , all          , fixation ,                        , 50%            ,     0.0
       16,   58, waiting_time        , slide  , all          , fixation ,                        , 75%            ,     0.0
       16,   58, waiting_time        , slide  , all          , fixation ,                        , max            ,     0.0
       16,   58, waiting_time        , slide  , all          , staining ,                        , count          , 13917.0
       16,   58, waiting_time        , slide  , all          , staining ,                        , mean           ,     0.16236871571938397
       16,   58, waiting_time        , slide  , all          , staining ,                        , std            ,     0.27761832153039934
       16,   58, waiting_time        , slide  , all          , staining ,                        , min            ,     0.0
       16,   58, waiting_time        , slide  , all          , staining ,                        , 25%            ,     0.011111111111111112
       16,   58, waiting_time        , slide  , all          , staining ,                        , 50%            ,     0.027777777777777776
       16,   58, waiting_time        , slide  , all          , staining ,                        , 75%            ,     0.07222222222222222
       16,   58, waiting_time        , slide  , all          , staining ,                        , max            ,     0.9083333333333333
       16,   58, resource_utilisation,        ,              ,          , Cytotechnicians        , utilisation_pct,    34.32
       16,   58, resource_utilisation,        ,              ,          , Junior Cytopathologists, utilisation_pct,    76.66
       16,   58, resource_utilisation,        ,              ,          , Manual Staining Station, utilisation_pct,    71.39
       16,   58, resource_utilisation,        ,              ,          , Senior Pathologists    , utilisation_pct,    25.19
       17,   59, waiting_time        , patient, non_pap_smear, screening,                        , count          ,  7579.0
       17,   59, waiting_time        , patient, non_pap_smear, screening,                        , mean           ,     0.31422745231707494
       17,   59, waiting_time        , patient, non_pap_smear, screening,                        , std            ,     0.3519467045825162
       17,   59, waiting_time        , patient, non_pap_smear, screening,                        , min            ,     0.0
       17,   59, waiting_time        , patient, non_pap_smear, screening,                        , 25%            ,     0.10555555555555556
       17,   59, waiting_time        , patient, non_pap_smear, screening,                        , 50%            ,     0.21666666666666667
       17,   59, waiting_time        , patient, non_pap_smear, screening,                        , 75%            ,     0.30694444444444446
       17,   59, waiting_time        , patient, non_pap_smear, screening,                        , max            ,     1.3090277777777777
       17,   59, waiting_time        , patient, non_pap_smear, reporting,                        , count          ,  7565.0
       17,   59, waiting_time        , patient, non_pap_smear, reporting,                        , mean           ,     0.6399177498714842
       17,   59, waiting_time        , patient, non_pap_smear, reporting,                        , std            ,     0.18174348984892524
       17,   59, waiting_time        , patient, non_pap_smear, reporting,                        , min            ,     0.0
       17,   59, waiting_time        , patient, non_pap_smear, reporting,                        , 25%            ,     0.6763888888888889
       17,   59, waiting_time        , patient, non_pap_smear, reporting,                        , 50%            ,     0.6861111111111111
       17,   59, waiting_time        , patient, non_pap_smear, reporting,                        , 75%            ,     0.6944444444444444
       17,   59, waiting_time        , patient, non_pap_smear, reporting,                        , max            ,     0.8361111111111111
       17,   59, waiting_time        , patient, pap_smear    , screening,                        , count          ,  2166.0
       17,   59, waiting_time        , patient, pap_smear    , screening,                        , mean           ,     0.32118664717348927
       17,   59, waiting_time        , patient, pap_smear    , screening,                        , std            ,     0.3549532765051535
       17,   59, waiting_time        , patient, pap_smear    , screening,                        , min            ,     0.0
       17,   59, waiting_time        , patient, pap_smear    , screening,                        , 25%            ,     0.11475694444444444
       17,   59, waiting_time        , patient, pap_smear    , screening,                        , 50%            ,     0.2263888888888889
       17,   59, waiting_time        , patient, pap_smear    , screening,                        , 75%            ,     0.3060763888888889
       17,   59, waiting_time        , patient, pap_smear    , screening,                        , max            ,     1.3090277777777777
       17,   59, waiting_time        , patient, pap_smear    , reporting,                        , count          ,  2158.0
       17,   59, waiting_time        , patient, pap_smear    , reporting,                        , mean           ,     0.6336432267531665
       17,   59, waiting_time        , patient, pap_smear    , reporting,                        , std            ,     0.1914474486034751
       17,   59, waiting_time        , patient, pap_smear    , reporting,                        , min            ,     0.0
       17,   59, waiting_time        , patient, pap_smear    , reporting,                        , 25%            ,     0.6763888888888889
       17,   59, waiting_time        , patient, pap_smear    , reporting,                        , 50%            ,     0.6868055555555556
       17,   59, waiting_time        , patient, pap_smear    , reporting,                        , 75%            ,     0.6951388888888889
       17,   59, waiting_time        , patient, pap_smear    , reporting,                        , max            ,     0.8333333333333334
       17,   59, waiting_time        , slide  , all          , fixation ,                        , count          , 13086.0
       17,   59, waiting_time        , slide  , all          , fixation ,                        , mean           ,     0.0
       17,   59, waiting_time        , slide  , all          , fixation ,                        , std            ,     0.0
       17,   59, waiting_time        , slide  , all          , fixation ,                        , min            ,     0.0
       17,   59, waiting_time        , slide  , all          , fixation ,                        , 25%            ,     0.0
       17,   59, waiting_time        , slide  , all          , fixation ,                        , 50%            ,     0.0
       17,   59, waiting_time        , slide  , all          , fixation ,                        , 75%            ,     0.0
       17,   59, waiting_time        , slide  , all          , fixation ,                        , max            ,     0.0
       17,   59, waiting_time        , slide  , all          , staining ,                        , count          , 13791.0
       17,   59, waiting_time        , slide  , all          , staining ,                        , mean           ,     0.1680801791023131
       17,   59, waiting_time        , slide  , all          , staining ,                        , std            ,     0.28271133019940753
       17,   59, waiting_time        , slide  , all          , staining ,                        , min            ,     0.0
       17,   59, waiting_time        , slide  , all          , staining ,                        , 25%            ,     0.010416666666666666
       17,   59, waiting_time        , slide  , all          , staining ,                        , 50%            ,     0.027777777777777776
       17,   59, waiting_time        , slide  , all          , staining ,                        , 75%            ,     0.07847222222222222
       17,   59, waiting_time        , slide  , all          , staining ,                        , max            ,     0.9256944444444445
       17,   59, resource_utilisation,        ,              ,          , Cytotechnicians        , utilisation_pct,    34.86
       17,   59, resource_utilisation,        ,              ,          , Junior Cytopathologists, utilisation_pct,    76.15
       17,   59, resource_utilisation,        ,              ,          , Manual Staining Station, utilisation_pct,    71.37
       17,   59, resource_utilisation,        ,              ,          , Senior Pathologists    , utilisation_pct,    24.92
       18,   60, waiting_time        , patient, non_pap_smear, screening,                        , count          ,  7777.0
       18,   60, waiting_time        , patient, non_pap_smear, screening,                        , mean           ,     0.33096881116683097
       18,   60, waiting_time        , patient, non_pap_smear, screening,                        , std            ,     0.36072474884390887
       18,   60, waiting_time        , patient, non_pap_smear, screening,                        , min            ,     0.0
       18,   60, waiting_time        , patient, non_pap_smear, screening,                        , 25%            ,     0.11527777777777778
       18,   60, waiting_time        , patient, non_pap_smear, screening,                        , 50%            ,     0.2263888888888889
       18,   60, waiting_time        , patient, non_pap_smear, screening,                        , 75%            ,     0.3090277777777778
       18,   60, waiting_time        , patient, non_pap_smear, screening,                        , max            ,     1.3090277777777777
       18,   60, waiting_time        , patient, non_pap_smear, reporting,                        , count          ,  7753.0
       18,   60, waiting_time        , patient, non_pap_smear, reporting,                        , mean           ,     0.637212387319604
       18,   60, waiting_time        , patient, non_pap_smear, reporting,                        , std            ,     0.18381251248142177
       18,   60, waiting_time        , patient, non_pap_smear, reporting,                        , min            ,     0.0
       18,   60, waiting_time        , patient, non_pap_smear, reporting,                        , 25%            ,     0.6756944444444445
       18,   60, waiting_time        , patient, non_pap_smear, reporting,                        , 50%            ,     0.6854166666666667
       18,   60, waiting_time        , patient, non_pap_smear, reporting,                        , 75%            ,     0.69375
       18,   60, waiting_time        , patient, non_pap_smear, reporting,                        , max            ,     0.8354166666666667
       18,   60, waiting_time        , patient, pap_smear    , screening,                        , count          ,  2171.0
       18,   60, waiting_time        , patient, pap_smear    , screening,                        , mean           ,     0.32483110701673573
       18,   60, waiting_time        , patient, pap_smear    , screening,                        , std            ,     0.3480526780370061
       18,   60, waiting_time        , patient, pap_smear    , screening,                        , min            ,     0.0
       18,   60, waiting_time        , patient, pap_smear    , screening,                        , 25%            ,     0.12222222222222222
       18,   60, waiting_time        , patient, pap_smear    , screening,                        , 50%            ,     0.24027777777777778
       18,   60, waiting_time        , patient, pap_smear    , screening,                        , 75%            ,     0.3090277777777778
       18,   60, waiting_time        , patient, pap_smear    , screening,                        , max            ,     1.3090277777777777
       18,   60, waiting_time        , patient, pap_smear    , reporting,                        , count          ,  2164.0
       18,   60, waiting_time        , patient, pap_smear    , reporting,                        , mean           ,     0.6324511578352845
       18,   60, waiting_time        , patient, pap_smear    , reporting,                        , std            ,     0.19195121065046966
       18,   60, waiting_time        , patient, pap_smear    , reporting,                        , min            ,     0.0
       18,   60, waiting_time        , patient, pap_smear    , reporting,                        , 25%            ,     0.675
       18,   60, waiting_time        , patient, pap_smear    , reporting,                        , 50%            ,     0.6854166666666667
       18,   60, waiting_time        , patient, pap_smear    , reporting,                        , 75%            ,     0.6944444444444444
       18,   60, waiting_time        , patient, pap_smear    , reporting,                        , max            ,     0.8333333333333334
       18,   60, waiting_time        , slide  , all          , fixation ,                        , count          , 13443.0
       18,   60, waiting_time        , slide  , all          , fixation ,                        , mean           ,     0.0
       18,   60, waiting_time        , slide  , all          , fixation ,                        , std            ,     0.0
       18,   60, waiting_time        , slide  , all          , fixation ,                        , min            ,     0.0
       18,   60, waiting_time        , slide  , all          , fixation ,                        , 25%            ,     0.0
       18,   60, waiting_time        , slide  , all          , fixation ,                        , 50%            ,     0.0
       18,   60, waiting_time        , slide  , all          , fixation ,                        , 75%            ,     0.0
       18,   60, waiting_time        , slide  , all          , fixation ,                        , max            ,     0.0
       18,   60, waiting_time        , slide  , all          , staining ,                        , count          , 14202.0
       18,   60, waiting_time        , slide  , all          , staining ,                        , mean           ,     0.16889952901782224
       18,   60, waiting_time        , slide  , all          , staining ,                        , std            ,     0.28184632837674933
       18,   60, waiting_time        , slide  , all          , staining ,                        , min            ,     0.0
       18,   60, waiting_time        , slide  , all          , staining ,                        , 25%            ,     0.010416666666666666
       18,   60, waiting_time        , slide  , all          , staining ,                        , 50%            ,     0.027777777777777776
       18,   60, waiting_time        , slide  , all          , staining ,                        , 75%            ,     0.08333333333333333
       18,   60, waiting_time        , slide  , all          , staining ,                        , max            ,     0.9277777777777778
       18,   60, resource_utilisation,        ,              ,          , Cytotechnicians        , utilisation_pct,    35.05
       18,   60, resource_utilisation,        ,              ,          , Junior Cytopathologists, utilisation_pct,    78.48
       18,   60, resource_utilisation,        ,              ,          , Manual Staining Station, utilisation_pct,    72.71
       18,   60, resource_utilisation,        ,              ,          , Senior Pathologists    , utilisation_pct,    25.36
       19,   61, waiting_time        , patient, non_pap_smear, screening,                        , count          ,  7838.0
       19,   61, waiting_time        , patient, non_pap_smear, screening,                        , mean           ,     0.33289511921975556
       19,   61, waiting_time        , patient, non_pap_smear, screening,                        , std            ,     0.36049308000344304
       19,   61, waiting_time        , patient, non_pap_smear, screening,                        , min            ,     0.0
       19,   61, waiting_time        , patient, non_pap_smear, screening,                        , 25%            ,     0.11597222222222223
       19,   61, waiting_time        , patient, non_pap_smear, screening,                        , 50%            ,     0.228125
       19,   61, waiting_time        , patient, non_pap_smear, screening,                        , 75%            ,     0.3090277777777778
       19,   61, waiting_time        , patient, non_pap_smear, screening,                        , max            ,     1.3090277777777777
       19,   61, waiting_time        , patient, non_pap_smear, reporting,                        , count          ,  7816.0
       19,   61, waiting_time        , patient, non_pap_smear, reporting,                        , mean           ,     0.6397323332480382
       19,   61, waiting_time        , patient, non_pap_smear, reporting,                        , std            ,     0.1817779752557513
       19,   61, waiting_time        , patient, non_pap_smear, reporting,                        , min            ,     0.0
       19,   61, waiting_time        , patient, non_pap_smear, reporting,                        , 25%            ,     0.675
       19,   61, waiting_time        , patient, non_pap_smear, reporting,                        , 50%            ,     0.6854166666666667
       19,   61, waiting_time        , patient, non_pap_smear, reporting,                        , 75%            ,     0.6944444444444444
       19,   61, waiting_time        , patient, non_pap_smear, reporting,                        , max            ,     0.8375
       19,   61, waiting_time        , patient, pap_smear    , screening,                        , count          ,  2322.0
       19,   61, waiting_time        , patient, pap_smear    , screening,                        , mean           ,     0.34241464494209967
       19,   61, waiting_time        , patient, pap_smear    , screening,                        , std            ,     0.36077466137312914
       19,   61, waiting_time        , patient, pap_smear    , screening,                        , min            ,     0.0
       19,   61, waiting_time        , patient, pap_smear    , screening,                        , 25%            ,     0.1265625
       19,   61, waiting_time        , patient, pap_smear    , screening,                        , 50%            ,     0.24444444444444444
       19,   61, waiting_time        , patient, pap_smear    , screening,                        , 75%            ,     0.3090277777777778
       19,   61, waiting_time        , patient, pap_smear    , screening,                        , max            ,     1.3090277777777777
       19,   61, waiting_time        , patient, pap_smear    , reporting,                        , count          ,  2319.0
       19,   61, waiting_time        , patient, pap_smear    , reporting,                        , mean           ,     0.6355109961190168
       19,   61, waiting_time        , patient, pap_smear    , reporting,                        , std            ,     0.1876329388906653
       19,   61, waiting_time        , patient, pap_smear    , reporting,                        , min            ,     0.0
       19,   61, waiting_time        , patient, pap_smear    , reporting,                        , 25%            ,     0.675
       19,   61, waiting_time        , patient, pap_smear    , reporting,                        , 50%            ,     0.6854166666666667
       19,   61, waiting_time        , patient, pap_smear    , reporting,                        , 75%            ,     0.6944444444444444
       19,   61, waiting_time        , patient, pap_smear    , reporting,                        , max            ,     0.8333333333333334
       19,   61, waiting_time        , slide  , all          , fixation ,                        , count          , 13571.0
       19,   61, waiting_time        , slide  , all          , fixation ,                        , mean           ,     0.0
       19,   61, waiting_time        , slide  , all          , fixation ,                        , std            ,     0.0
       19,   61, waiting_time        , slide  , all          , fixation ,                        , min            ,     0.0
       19,   61, waiting_time        , slide  , all          , fixation ,                        , 25%            ,     0.0
       19,   61, waiting_time        , slide  , all          , fixation ,                        , 50%            ,     0.0
       19,   61, waiting_time        , slide  , all          , fixation ,                        , 75%            ,     0.0
       19,   61, waiting_time        , slide  , all          , fixation ,                        , max            ,     0.0
       19,   61, waiting_time        , slide  , all          , staining ,                        , count          , 14344.0
       19,   61, waiting_time        , slide  , all          , staining ,                        , mean           ,     0.1623016495476235
       19,   61, waiting_time        , slide  , all          , staining ,                        , std            ,     0.27555326943562036
       19,   61, waiting_time        , slide  , all          , staining ,                        , min            ,     0.0
       19,   61, waiting_time        , slide  , all          , staining ,                        , 25%            ,     0.011111111111111112
       19,   61, waiting_time        , slide  , all          , staining ,                        , 50%            ,     0.029861111111111113
       19,   61, waiting_time        , slide  , all          , staining ,                        , 75%            ,     0.075
       19,   61, waiting_time        , slide  , all          , staining ,                        , max            ,     0.9263888888888889
       19,   61, resource_utilisation,        ,              ,          , Cytotechnicians        , utilisation_pct,    36.37
       19,   61, resource_utilisation,        ,              ,          , Junior Cytopathologists, utilisation_pct,    80.44
       19,   61, resource_utilisation,        ,              ,          , Manual Staining Station, utilisation_pct,    73.81
       19,   61, resource_utilisation,        ,              ,          , Senior Pathologists    , utilisation_pct,    26.15
       20,   62, waiting_time        , patient, non_pap_smear, screening,                        , count          ,  7683.0
       20,   62, waiting_time        , patient, non_pap_smear, screening,                        , mean           ,     0.31402907935268337
       20,   62, waiting_time        , patient, non_pap_smear, screening,                        , std            ,     0.3496399282737606
       20,   62, waiting_time        , patient, non_pap_smear, screening,                        , min            ,     0.0
       20,   62, waiting_time        , patient, non_pap_smear, screening,                        , 25%            ,     0.1111111111111111
       20,   62, waiting_time        , patient, non_pap_smear, screening,                        , 50%            ,     0.21875
       20,   62, waiting_time        , patient, non_pap_smear, screening,                        , 75%            ,     0.30486111111111114
       20,   62, waiting_time        , patient, non_pap_smear, screening,                        , max            ,     1.3090277777777777
       20,   62, waiting_time        , patient, non_pap_smear, reporting,                        , count          ,  7659.0
       20,   62, waiting_time        , patient, non_pap_smear, reporting,                        , mean           ,     0.6361531821676748
       20,   62, waiting_time        , patient, non_pap_smear, reporting,                        , std            ,     0.18735628848416283
       20,   62, waiting_time        , patient, non_pap_smear, reporting,                        , min            ,     0.0
       20,   62, waiting_time        , patient, non_pap_smear, reporting,                        , 25%            ,     0.6756944444444445
       20,   62, waiting_time        , patient, non_pap_smear, reporting,                        , 50%            ,     0.6861111111111111
       20,   62, waiting_time        , patient, non_pap_smear, reporting,                        , 75%            ,     0.6944444444444444
       20,   62, waiting_time        , patient, non_pap_smear, reporting,                        , max            ,     0.8402777777777778
       20,   62, waiting_time        , patient, pap_smear    , screening,                        , count          ,  2216.0
       20,   62, waiting_time        , patient, pap_smear    , screening,                        , mean           ,     0.32439267448856796
       20,   62, waiting_time        , patient, pap_smear    , screening,                        , std            ,     0.3547697929913996
       20,   62, waiting_time        , patient, pap_smear    , screening,                        , min            ,     0.0
       20,   62, waiting_time        , patient, pap_smear    , screening,                        , 25%            ,     0.11805555555555555
       20,   62, waiting_time        , patient, pap_smear    , screening,                        , 50%            ,     0.2326388888888889
       20,   62, waiting_time        , patient, pap_smear    , screening,                        , 75%            ,     0.30416666666666664
       20,   62, waiting_time        , patient, pap_smear    , screening,                        , max            ,     1.3090277777777777
       20,   62, waiting_time        , patient, pap_smear    , reporting,                        , count          ,  2212.0
       20,   62, waiting_time        , patient, pap_smear    , reporting,                        , mean           ,     0.6331223628691983
       20,   62, waiting_time        , patient, pap_smear    , reporting,                        , std            ,     0.1915818252003212
       20,   62, waiting_time        , patient, pap_smear    , reporting,                        , min            ,     0.0
       20,   62, waiting_time        , patient, pap_smear    , reporting,                        , 25%            ,     0.6756944444444445
       20,   62, waiting_time        , patient, pap_smear    , reporting,                        , 50%            ,     0.6854166666666667
       20,   62, waiting_time        , patient, pap_smear    , reporting,                        , 75%            ,     0.6951388888888889
       20,   62, waiting_time        , patient, pap_smear    , reporting,                        , max            ,     0.8333333333333334
       20,   62, waiting_time        , slide  , all          , fixation ,                        , count          , 13054.0
       20,   62, waiting_time        , slide  , all          , fixation ,                        , mean           ,     0.0
       20,   62, waiting_time        , slide  , all          , fixation ,                        , std            ,     0.0
       20,   62, waiting_time        , slide  , all          , fixation ,                        , min            ,     0.0
       20,   62, waiting_time        , slide  , all          , fixation ,                        , 25%            ,     0.0
       20,   62, waiting_time        , slide  , all          , fixation ,                        , 50%            ,     0.0
       20,   62, waiting_time        , slide  , all          , fixation ,                        , 75%            ,     0.0
       20,   62, waiting_time        , slide  , all          , fixation ,                        , max            ,     0.0
       20,   62, waiting_time        , slide  , all          , staining ,                        , count          , 13750.0
       20,   62, waiting_time        , slide  , all          , staining ,                        , mean           ,     0.16203308080808082
       20,   62, waiting_time        , slide  , all          , staining ,                        , std            ,     0.27685370768215195
       20,   62, waiting_time        , slide  , all          , staining ,                        , min            ,     0.0
       20,   62, waiting_time        , slide  , all          , staining ,                        , 25%            ,     0.010416666666666666
       20,   62, waiting_time        , slide  , all          , staining ,                        , 50%            ,     0.027083333333333334
       20,   62, waiting_time        , slide  , all          , staining ,                        , 75%            ,     0.07083333333333333
       20,   62, waiting_time        , slide  , all          , staining ,                        , max            ,     0.9236111111111112
       20,   62, resource_utilisation,        ,              ,          , Cytotechnicians        , utilisation_pct,    33.38
       20,   62, resource_utilisation,        ,              ,          , Junior Cytopathologists, utilisation_pct,    76.47
       20,   62, resource_utilisation,        ,              ,          , Manual Staining Station, utilisation_pct,    70.5
       20,   62, resource_utilisation,        ,              ,          , Senior Pathologists    , utilisation_pct,    24.76
       21,   63, waiting_time        , patient, non_pap_smear, screening,                        , count          ,  7702.0
       21,   63, waiting_time        , patient, non_pap_smear, screening,                        , mean           ,     0.3091519338411379
       21,   63, waiting_time        , patient, non_pap_smear, screening,                        , std            ,     0.34898662350598386
       21,   63, waiting_time        , patient, non_pap_smear, screening,                        , min            ,     0.0
       21,   63, waiting_time        , patient, non_pap_smear, screening,                        , 25%            ,     0.10069444444444445
       21,   63, waiting_time        , patient, non_pap_smear, screening,                        , 50%            ,     0.21180555555555555
       21,   63, waiting_time        , patient, non_pap_smear, screening,                        , 75%            ,     0.3020833333333333
       21,   63, waiting_time        , patient, non_pap_smear, screening,                        , max            ,     1.3090277777777777
       21,   63, waiting_time        , patient, non_pap_smear, reporting,                        , count          ,  7687.0
       21,   63, waiting_time        , patient, non_pap_smear, reporting,                        , mean           ,     0.6410296785337437
       21,   63, waiting_time        , patient, non_pap_smear, reporting,                        , std            ,     0.18003124995940825
       21,   63, waiting_time        , patient, non_pap_smear, reporting,                        , min            ,     0.0
       21,   63, waiting_time        , patient, non_pap_smear, reporting,                        , 25%            ,     0.6763888888888889
       21,   63, waiting_time        , patient, non_pap_smear, reporting,                        , 50%            ,     0.6861111111111111
       21,   63, waiting_time        , patient, non_pap_smear, reporting,                        , 75%            ,     0.6944444444444444
       21,   63, waiting_time        , patient, non_pap_smear, reporting,                        , max            ,     0.8368055555555556
       21,   63, waiting_time        , patient, pap_smear    , screening,                        , count          ,  2132.0
       21,   63, waiting_time        , patient, pap_smear    , screening,                        , mean           ,     0.3064262169063999
       21,   63, waiting_time        , patient, pap_smear    , screening,                        , std            ,     0.3357596039192888
       21,   63, waiting_time        , patient, pap_smear    , screening,                        , min            ,     0.0
       21,   63, waiting_time        , patient, pap_smear    , screening,                        , 25%            ,     0.1111111111111111
       21,   63, waiting_time        , patient, pap_smear    , screening,                        , 50%            ,     0.23020833333333335
       21,   63, waiting_time        , patient, pap_smear    , screening,                        , 75%            ,     0.2951388888888889
       21,   63, waiting_time        , patient, pap_smear    , screening,                        , max            ,     1.3090277777777777
       21,   63, waiting_time        , patient, pap_smear    , reporting,                        , count          ,  2126.0
       21,   63, waiting_time        , patient, pap_smear    , reporting,                        , mean           ,     0.6336044475802237
       21,   63, waiting_time        , patient, pap_smear    , reporting,                        , std            ,     0.1899199284968623
       21,   63, waiting_time        , patient, pap_smear    , reporting,                        , min            ,     0.0
       21,   63, waiting_time        , patient, pap_smear    , reporting,                        , 25%            ,     0.6763888888888889
       21,   63, waiting_time        , patient, pap_smear    , reporting,                        , 50%            ,     0.6861111111111111
       21,   63, waiting_time        , patient, pap_smear    , reporting,                        , 75%            ,     0.6944444444444444
       21,   63, waiting_time        , patient, pap_smear    , reporting,                        , max            ,     0.8340277777777778
       21,   63, waiting_time        , slide  , all          , fixation ,                        , count          , 13343.0
       21,   63, waiting_time        , slide  , all          , fixation ,                        , mean           ,     0.0
       21,   63, waiting_time        , slide  , all          , fixation ,                        , std            ,     0.0
       21,   63, waiting_time        , slide  , all          , fixation ,                        , min            ,     0.0
       21,   63, waiting_time        , slide  , all          , fixation ,                        , 25%            ,     0.0
       21,   63, waiting_time        , slide  , all          , fixation ,                        , 50%            ,     0.0
       21,   63, waiting_time        , slide  , all          , fixation ,                        , 75%            ,     0.0
       21,   63, waiting_time        , slide  , all          , fixation ,                        , max            ,     0.0
       21,   63, waiting_time        , slide  , all          , staining ,                        , count          , 14059.0
       21,   63, waiting_time        , slide  , all          , staining ,                        , mean           ,     0.1596351388197359
       21,   63, waiting_time        , slide  , all          , staining ,                        , std            ,     0.2752231693119178
       21,   63, waiting_time        , slide  , all          , staining ,                        , min            ,     0.0
       21,   63, waiting_time        , slide  , all          , staining ,                        , 25%            ,     0.010416666666666666
       21,   63, waiting_time        , slide  , all          , staining ,                        , 50%            ,     0.027083333333333334
       21,   63, waiting_time        , slide  , all          , staining ,                        , 75%            ,     0.07361111111111111
       21,   63, waiting_time        , slide  , all          , staining ,                        , max            ,     0.9020833333333333
       21,   63, resource_utilisation,        ,              ,          , Cytotechnicians        , utilisation_pct,    34.45
       21,   63, resource_utilisation,        ,              ,          , Junior Cytopathologists, utilisation_pct,    77.39
       21,   63, resource_utilisation,        ,              ,          , Manual Staining Station, utilisation_pct,    72.12
       21,   63, resource_utilisation,        ,              ,          , Senior Pathologists    , utilisation_pct,    25.24
       22,   64, waiting_time        , patient, non_pap_smear, screening,                        , count          ,  7499.0
       22,   64, waiting_time        , patient, non_pap_smear, screening,                        , mean           ,     0.31937211998636855
       22,   64, waiting_time        , patient, non_pap_smear, screening,                        , std            ,     0.3540358608732518
       22,   64, waiting_time        , patient, non_pap_smear, screening,                        , min            ,     0.0
       22,   64, waiting_time        , patient, non_pap_smear, screening,                        , 25%            ,     0.11180555555555556
       22,   64, waiting_time        , patient, non_pap_smear, screening,                        , 50%            ,     0.22152777777777777
       22,   64, waiting_time        , patient, non_pap_smear, screening,                        , 75%            ,     0.3090277777777778
       22,   64, waiting_time        , patient, non_pap_smear, screening,                        , max            ,     1.3090277777777777
       22,   64, waiting_time        , patient, non_pap_smear, reporting,                        , count          ,  7475.0
       22,   64, waiting_time        , patient, non_pap_smear, reporting,                        , mean           ,     0.6401830174656263
       22,   64, waiting_time        , patient, non_pap_smear, reporting,                        , std            ,     0.1794422857785492
       22,   64, waiting_time        , patient, non_pap_smear, reporting,                        , min            ,     0.0
       22,   64, waiting_time        , patient, non_pap_smear, reporting,                        , 25%            ,     0.6763888888888889
       22,   64, waiting_time        , patient, non_pap_smear, reporting,                        , 50%            ,     0.6861111111111111
       22,   64, waiting_time        , patient, non_pap_smear, reporting,                        , 75%            ,     0.69375
       22,   64, waiting_time        , patient, non_pap_smear, reporting,                        , max            ,     0.8368055555555556
       22,   64, waiting_time        , patient, pap_smear    , screening,                        , count          ,  2202.0
       22,   64, waiting_time        , patient, pap_smear    , screening,                        , mean           ,     0.32064915733171867
       22,   64, waiting_time        , patient, pap_smear    , screening,                        , std            ,     0.34547041971988407
       22,   64, waiting_time        , patient, pap_smear    , screening,                        , min            ,     0.0
       22,   64, waiting_time        , patient, pap_smear    , screening,                        , 25%            ,     0.12170138888888889
       22,   64, waiting_time        , patient, pap_smear    , screening,                        , 50%            ,     0.2375
       22,   64, waiting_time        , patient, pap_smear    , screening,                        , 75%            ,     0.3090277777777778
       22,   64, waiting_time        , patient, pap_smear    , screening,                        , max            ,     1.3090277777777777
       22,   64, waiting_time        , patient, pap_smear    , reporting,                        , count          ,  2200.0
       22,   64, waiting_time        , patient, pap_smear    , reporting,                        , mean           ,     0.6320347222222221
       22,   64, waiting_time        , patient, pap_smear    , reporting,                        , std            ,     0.1929180158377802
       22,   64, waiting_time        , patient, pap_smear    , reporting,                        , min            ,     0.0
       22,   64, waiting_time        , patient, pap_smear    , reporting,                        , 25%            ,     0.6756944444444445
       22,   64, waiting_time        , patient, pap_smear    , reporting,                        , 50%            ,     0.6861111111111111
       22,   64, waiting_time        , patient, pap_smear    , reporting,                        , 75%            ,     0.6951388888888889
       22,   64, waiting_time        , patient, pap_smear    , reporting,                        , max            ,     0.8375
       22,   64, waiting_time        , slide  , all          , fixation ,                        , count          , 12972.0
       22,   64, waiting_time        , slide  , all          , fixation ,                        , mean           ,     0.0
       22,   64, waiting_time        , slide  , all          , fixation ,                        , std            ,     0.0
       22,   64, waiting_time        , slide  , all          , fixation ,                        , min            ,     0.0
       22,   64, waiting_time        , slide  , all          , fixation ,                        , 25%            ,     0.0
       22,   64, waiting_time        , slide  , all          , fixation ,                        , 50%            ,     0.0
       22,   64, waiting_time        , slide  , all          , fixation ,                        , 75%            ,     0.0
       22,   64, waiting_time        , slide  , all          , fixation ,                        , max            ,     0.0
       22,   64, waiting_time        , slide  , all          , staining ,                        , count          , 13703.0
       22,   64, waiting_time        , slide  , all          , staining ,                        , mean           ,     0.1640641343744679
       22,   64, waiting_time        , slide  , all          , staining ,                        , std            ,     0.2781624988358362
       22,   64, waiting_time        , slide  , all          , staining ,                        , min            ,     0.0
       22,   64, waiting_time        , slide  , all          , staining ,                        , 25%            ,     0.010416666666666666
       22,   64, waiting_time        , slide  , all          , staining ,                        , 50%            ,     0.029166666666666667
       22,   64, waiting_time        , slide  , all          , staining ,                        , 75%            ,     0.07569444444444444
       22,   64, waiting_time        , slide  , all          , staining ,                        , max            ,     0.9034722222222222
       22,   64, resource_utilisation,        ,              ,          , Cytotechnicians        , utilisation_pct,    33.7
       22,   64, resource_utilisation,        ,              ,          , Junior Cytopathologists, utilisation_pct,    76.24
       22,   64, resource_utilisation,        ,              ,          , Manual Staining Station, utilisation_pct,    70.47
       22,   64, resource_utilisation,        ,              ,          , Senior Pathologists    , utilisation_pct,    25.0
       23,   65, waiting_time        , patient, non_pap_smear, screening,                        , count          ,  7824.0
       23,   65, waiting_time        , patient, non_pap_smear, screening,                        , mean           ,     0.3098219864803454
       23,   65, waiting_time        , patient, non_pap_smear, screening,                        , std            ,     0.3485380105836723
       23,   65, waiting_time        , patient, non_pap_smear, screening,                        , min            ,     0.0
       23,   65, waiting_time        , patient, non_pap_smear, screening,                        , 25%            ,     0.10555555555555556
       23,   65, waiting_time        , patient, non_pap_smear, screening,                        , 50%            ,     0.21388888888888888
       23,   65, waiting_time        , patient, non_pap_smear, screening,                        , 75%            ,     0.3013888888888889
       23,   65, waiting_time        , patient, non_pap_smear, screening,                        , max            ,     1.3090277777777777
       23,   65, waiting_time        , patient, non_pap_smear, reporting,                        , count          ,  7798.0
       23,   65, waiting_time        , patient, non_pap_smear, reporting,                        , mean           ,     0.6389498909976917
       23,   65, waiting_time        , patient, non_pap_smear, reporting,                        , std            ,     0.18317962852763545
       23,   65, waiting_time        , patient, non_pap_smear, reporting,                        , min            ,     0.0
       23,   65, waiting_time        , patient, non_pap_smear, reporting,                        , 25%            ,     0.6756944444444445
       23,   65, waiting_time        , patient, non_pap_smear, reporting,                        , 50%            ,     0.6861111111111111
       23,   65, waiting_time        , patient, non_pap_smear, reporting,                        , 75%            ,     0.6944444444444444
       23,   65, waiting_time        , patient, non_pap_smear, reporting,                        , max            ,     0.8340277777777778
       23,   65, waiting_time        , patient, pap_smear    , screening,                        , count          ,  2133.0
       23,   65, waiting_time        , patient, pap_smear    , screening,                        , mean           ,     0.3173327863728707
       23,   65, waiting_time        , patient, pap_smear    , screening,                        , std            ,     0.3447697753400473
       23,   65, waiting_time        , patient, pap_smear    , screening,                        , min            ,     0.0
       23,   65, waiting_time        , patient, pap_smear    , screening,                        , 25%            ,     0.11805555555555555
       23,   65, waiting_time        , patient, pap_smear    , screening,                        , 50%            ,     0.2361111111111111
       23,   65, waiting_time        , patient, pap_smear    , screening,                        , 75%            ,     0.3020833333333333
       23,   65, waiting_time        , patient, pap_smear    , screening,                        , max            ,     1.3090277777777777
       23,   65, waiting_time        , patient, pap_smear    , reporting,                        , count          ,  2127.0
       23,   65, waiting_time        , patient, pap_smear    , reporting,                        , mean           ,     0.6330995664211461
       23,   65, waiting_time        , patient, pap_smear    , reporting,                        , std            ,     0.19366751075349073
       23,   65, waiting_time        , patient, pap_smear    , reporting,                        , min            ,     0.0
       23,   65, waiting_time        , patient, pap_smear    , reporting,                        , 25%            ,     0.6753472222222223
       23,   65, waiting_time        , patient, pap_smear    , reporting,                        , 50%            ,     0.6861111111111111
       23,   65, waiting_time        , patient, pap_smear    , reporting,                        , 75%            ,     0.6951388888888889
       23,   65, waiting_time        , patient, pap_smear    , reporting,                        , max            ,     0.8354166666666667
       23,   65, waiting_time        , slide  , all          , fixation ,                        , count          , 13369.0
       23,   65, waiting_time        , slide  , all          , fixation ,                        , mean           ,     0.0
       23,   65, waiting_time        , slide  , all          , fixation ,                        , std            ,     0.0
       23,   65, waiting_time        , slide  , all          , fixation ,                        , min            ,     0.0
       23,   65, waiting_time        , slide  , all          , fixation ,                        , 25%            ,     0.0
       23,   65, waiting_time        , slide  , all          , fixation ,                        , 50%            ,     0.0
       23,   65, waiting_time        , slide  , all          , fixation ,                        , 75%            ,     0.0
       23,   65, waiting_time        , slide  , all          , fixation ,                        , max            ,     0.0
       23,   65, waiting_time        , slide  , all          , staining ,                        , count          , 14148.0
       23,   65, waiting_time        , slide  , all          , staining ,                        , mean           ,     0.1598083160556655
       23,   65, waiting_time        , slide  , all          , staining ,                        , std            ,     0.27412799425765394
       23,   65, waiting_time        , slide  , all          , staining ,                        , min            ,     0.0
       23,   65, waiting_time        , slide  , all          , staining ,                        , 25%            ,     0.011111111111111112
       23,   65, waiting_time        , slide  , all          , staining ,                        , 50%            ,     0.027777777777777776
       23,   65, waiting_time        , slide  , all          , staining ,                        , 75%            ,     0.06875
       23,   65, waiting_time        , slide  , all          , staining ,                        , max            ,     0.9486111111111111
       23,   65, resource_utilisation,        ,              ,          , Cytotechnicians        , utilisation_pct,    34.52
       23,   65, resource_utilisation,        ,              ,          , Junior Cytopathologists, utilisation_pct,    78.61
       23,   65, resource_utilisation,        ,              ,          , Manual Staining Station, utilisation_pct,    72.42
       23,   65, resource_utilisation,        ,              ,          , Senior Pathologists    , utilisation_pct,    25.56
       24,   66, waiting_time        , patient, non_pap_smear, screening,                        , count          ,  7733.0
       24,   66, waiting_time        , patient, non_pap_smear, screening,                        , mean           ,     0.316460389815653
       24,   66, waiting_time        , patient, non_pap_smear, screening,                        , std            ,     0.3533935799378685
       24,   66, waiting_time        , patient, non_pap_smear, screening,                        , min            ,     0.0
       24,   66, waiting_time        , patient, non_pap_smear, screening,                        , 25%            ,     0.1076388888888889
       24,   66, waiting_time        , patient, non_pap_smear, screening,                        , 50%            ,     0.21388888888888888
       24,   66, waiting_time        , patient, non_pap_smear, screening,                        , 75%            ,     0.3090277777777778
       24,   66, waiting_time        , patient, non_pap_smear, screening,                        , max            ,     1.3090277777777777
       24,   66, waiting_time        , patient, non_pap_smear, reporting,                        , count          ,  7711.0
       24,   66, waiting_time        , patient, non_pap_smear, reporting,                        , mean           ,     0.6371682228850559
       24,   66, waiting_time        , patient, non_pap_smear, reporting,                        , std            ,     0.18527354926112774
       24,   66, waiting_time        , patient, non_pap_smear, reporting,                        , min            ,     0.0
       24,   66, waiting_time        , patient, non_pap_smear, reporting,                        , 25%            ,     0.675
       24,   66, waiting_time        , patient, non_pap_smear, reporting,                        , 50%            ,     0.6854166666666667
       24,   66, waiting_time        , patient, non_pap_smear, reporting,                        , 75%            ,     0.69375
       24,   66, waiting_time        , patient, non_pap_smear, reporting,                        , max            ,     0.8402777777777778
       24,   66, waiting_time        , patient, pap_smear    , screening,                        , count          ,  2206.0
       24,   66, waiting_time        , patient, pap_smear    , screening,                        , mean           ,     0.33419902790369704
       24,   66, waiting_time        , patient, pap_smear    , screening,                        , std            ,     0.35590708816945676
       24,   66, waiting_time        , patient, pap_smear    , screening,                        , min            ,     0.0
       24,   66, waiting_time        , patient, pap_smear    , screening,                        , 25%            ,     0.12430555555555556
       24,   66, waiting_time        , patient, pap_smear    , screening,                        , 50%            ,     0.24097222222222223
       24,   66, waiting_time        , patient, pap_smear    , screening,                        , 75%            ,     0.3090277777777778
       24,   66, waiting_time        , patient, pap_smear    , screening,                        , max            ,     1.3090277777777777
       24,   66, waiting_time        , patient, pap_smear    , reporting,                        , count          ,  2198.0
       24,   66, waiting_time        , patient, pap_smear    , reporting,                        , mean           ,     0.6391713426347184
       24,   66, waiting_time        , patient, pap_smear    , reporting,                        , std            ,     0.18117976249401124
       24,   66, waiting_time        , patient, pap_smear    , reporting,                        , min            ,     0.0
       24,   66, waiting_time        , patient, pap_smear    , reporting,                        , 25%            ,     0.6758680555555556
       24,   66, waiting_time        , patient, pap_smear    , reporting,                        , 50%            ,     0.6861111111111111
       24,   66, waiting_time        , patient, pap_smear    , reporting,                        , 75%            ,     0.6944444444444444
       24,   66, waiting_time        , patient, pap_smear    , reporting,                        , max            ,     0.8340277777777778
       24,   66, waiting_time        , slide  , all          , fixation ,                        , count          , 13339.0
       24,   66, waiting_time        , slide  , all          , fixation ,                        , mean           ,     0.0
       24,   66, waiting_time        , slide  , all          , fixation ,                        , std            ,     0.0
       24,   66, waiting_time        , slide  , all          , fixation ,                        , min            ,     0.0
       24,   66, waiting_time        , slide  , all          , fixation ,                        , 25%            ,     0.0
       24,   66, waiting_time        , slide  , all          , fixation ,                        , 50%            ,     0.0
       24,   66, waiting_time        , slide  , all          , fixation ,                        , 75%            ,     0.0
       24,   66, waiting_time        , slide  , all          , fixation ,                        , max            ,     0.0
       24,   66, waiting_time        , slide  , all          , staining ,                        , count          , 14096.0
       24,   66, waiting_time        , slide  , all          , staining ,                        , mean           ,     0.1588162816086518
       24,   66, waiting_time        , slide  , all          , staining ,                        , std            ,     0.273589871007266
       24,   66, waiting_time        , slide  , all          , staining ,                        , min            ,     0.0
       24,   66, waiting_time        , slide  , all          , staining ,                        , 25%            ,     0.010416666666666666
       24,   66, waiting_time        , slide  , all          , staining ,                        , 50%            ,     0.027777777777777776
       24,   66, waiting_time        , slide  , all          , staining ,                        , 75%            ,     0.07013888888888889
       24,   66, waiting_time        , slide  , all          , staining ,                        , max            ,     0.9347222222222222
       24,   66, resource_utilisation,        ,              ,          , Cytotechnicians        , utilisation_pct,    34.5
       24,   66, resource_utilisation,        ,              ,          , Junior Cytopathologists, utilisation_pct,    77.8
       24,   66, resource_utilisation,        ,              ,          , Manual Staining Station, utilisation_pct,    72.52
       24,   66, resource_utilisation,        ,              ,          , Senior Pathologists    , utilisation_pct,    25.28
       25,   67, waiting_time        , patient, non_pap_smear, screening,                        , count          ,  7589.0
       25,   67, waiting_time        , patient, non_pap_smear, screening,                        , mean           ,     0.3068089230025915
       25,   67, waiting_time        , patient, non_pap_smear, screening,                        , std            ,     0.3436932915835715
       25,   67, waiting_time        , patient, non_pap_smear, screening,                        , min            ,     0.0
       25,   67, waiting_time        , patient, non_pap_smear, screening,                        , 25%            ,     0.10347222222222222
       25,   67, waiting_time        , patient, non_pap_smear, screening,                        , 50%            ,     0.2152777777777778
       25,   67, waiting_time        , patient, non_pap_smear, screening,                        , 75%            ,     0.3020833333333333
       25,   67, waiting_time        , patient, non_pap_smear, screening,                        , max            ,     1.3090277777777777
       25,   67, waiting_time        , patient, non_pap_smear, reporting,                        , count          ,  7569.0
       25,   67, waiting_time        , patient, non_pap_smear, reporting,                        , mean           ,     0.637432748344857
       25,   67, waiting_time        , patient, non_pap_smear, reporting,                        , std            ,     0.18406294990428057
       25,   67, waiting_time        , patient, non_pap_smear, reporting,                        , min            ,     0.0
       25,   67, waiting_time        , patient, non_pap_smear, reporting,                        , 25%            ,     0.6756944444444445
       25,   67, waiting_time        , patient, non_pap_smear, reporting,                        , 50%            ,     0.6861111111111111
       25,   67, waiting_time        , patient, non_pap_smear, reporting,                        , 75%            ,     0.69375
       25,   67, waiting_time        , patient, non_pap_smear, reporting,                        , max            ,     0.8361111111111111
       25,   67, waiting_time        , patient, pap_smear    , screening,                        , count          ,  2209.0
       25,   67, waiting_time        , patient, pap_smear    , screening,                        , mean           ,     0.3298463356973995
       25,   67, waiting_time        , patient, pap_smear    , screening,                        , std            ,     0.3588502196376206
       25,   67, waiting_time        , patient, pap_smear    , screening,                        , min            ,     0.0
       25,   67, waiting_time        , patient, pap_smear    , screening,                        , 25%            ,     0.12222222222222222
       25,   67, waiting_time        , patient, pap_smear    , screening,                        , 50%            ,     0.2375
       25,   67, waiting_time        , patient, pap_smear    , screening,                        , 75%            ,     0.3034722222222222
       25,   67, waiting_time        , patient, pap_smear    , screening,                        , max            ,     1.3090277777777777
       25,   67, waiting_time        , patient, pap_smear    , reporting,                        , count          ,  2203.0
       25,   67, waiting_time        , patient, pap_smear    , reporting,                        , mean           ,     0.6350967115549504
       25,   67, waiting_time        , patient, pap_smear    , reporting,                        , std            ,     0.18984806112913435
       25,   67, waiting_time        , patient, pap_smear    , reporting,                        , min            ,     0.0
       25,   67, waiting_time        , patient, pap_smear    , reporting,                        , 25%            ,     0.6763888888888889
       25,   67, waiting_time        , patient, pap_smear    , reporting,                        , 50%            ,     0.6868055555555556
       25,   67, waiting_time        , patient, pap_smear    , reporting,                        , 75%            ,     0.6951388888888889
       25,   67, waiting_time        , patient, pap_smear    , reporting,                        , max            ,     0.8347222222222223
       25,   67, waiting_time        , slide  , all          , fixation ,                        , count          , 13246.0
       25,   67, waiting_time        , slide  , all          , fixation ,                        , mean           ,     0.0
       25,   67, waiting_time        , slide  , all          , fixation ,                        , std            ,     0.0
       25,   67, waiting_time        , slide  , all          , fixation ,                        , min            ,     0.0
       25,   67, waiting_time        , slide  , all          , fixation ,                        , 25%            ,     0.0
       25,   67, waiting_time        , slide  , all          , fixation ,                        , 50%            ,     0.0
       25,   67, waiting_time        , slide  , all          , fixation ,                        , 75%            ,     0.0
       25,   67, waiting_time        , slide  , all          , fixation ,                        , max            ,     0.0
       25,   67, waiting_time        , slide  , all          , staining ,                        , count          , 13937.0
       25,   67, waiting_time        , slide  , all          , staining ,                        , mean           ,     0.16568297417744932
       25,   67, waiting_time        , slide  , all          , staining ,                        , std            ,     0.28002894325984173
       25,   67, waiting_time        , slide  , all          , staining ,                        , min            ,     0.0
       25,   67, waiting_time        , slide  , all          , staining ,                        , 25%            ,     0.010416666666666666
       25,   67, waiting_time        , slide  , all          , staining ,                        , 50%            ,     0.029166666666666667
       25,   67, waiting_time        , slide  , all          , staining ,                        , 75%            ,     0.0763888888888889
       25,   67, waiting_time        , slide  , all          , staining ,                        , max            ,     0.9013888888888889
       25,   67, resource_utilisation,        ,              ,          , Cytotechnicians        , utilisation_pct,    34.21
       25,   67, resource_utilisation,        ,              ,          , Junior Cytopathologists, utilisation_pct,    76.22
       25,   67, resource_utilisation,        ,              ,          , Manual Staining Station, utilisation_pct,    71.32
       25,   67, resource_utilisation,        ,              ,          , Senior Pathologists    , utilisation_pct,    24.82
       26,   68, waiting_time        , patient, non_pap_smear, screening,                        , count          ,  7818.0
       26,   68, waiting_time        , patient, non_pap_smear, screening,                        , mean           ,     0.3192064786390381
       26,   68, waiting_time        , patient, non_pap_smear, screening,                        , std            ,     0.35075337197183765
       26,   68, waiting_time        , patient, non_pap_smear, screening,                        , min            ,     0.0
       26,   68, waiting_time        , patient, non_pap_smear, screening,                        , 25%            ,     0.11319444444444444
       26,   68, waiting_time        , patient, non_pap_smear, screening,                        , 50%            ,     0.22291666666666668
       26,   68, waiting_time        , patient, non_pap_smear, screening,                        , 75%            ,     0.3090277777777778
       26,   68, waiting_time        , patient, non_pap_smear, screening,                        , max            ,     1.3090277777777777
       26,   68, waiting_time        , patient, non_pap_smear, reporting,                        , count          ,  7796.0
       26,   68, waiting_time        , patient, non_pap_smear, reporting,                        , mean           ,     0.6372724972920586
       26,   68, waiting_time        , patient, non_pap_smear, reporting,                        , std            ,     0.18457036201187854
       26,   68, waiting_time        , patient, non_pap_smear, reporting,                        , min            ,     0.0
       26,   68, waiting_time        , patient, non_pap_smear, reporting,                        , 25%            ,     0.675
       26,   68, waiting_time        , patient, non_pap_smear, reporting,                        , 50%            ,     0.6854166666666667
       26,   68, waiting_time        , patient, non_pap_smear, reporting,                        , 75%            ,     0.69375
       26,   68, waiting_time        , patient, non_pap_smear, reporting,                        , max            ,     0.8430555555555556
       26,   68, waiting_time        , patient, pap_smear    , screening,                        , count          ,  2186.0
       26,   68, waiting_time        , patient, pap_smear    , screening,                        , mean           ,     0.34520560130120975
       26,   68, waiting_time        , patient, pap_smear    , screening,                        , std            ,     0.37431210738817516
       26,   68, waiting_time        , patient, pap_smear    , screening,                        , min            ,     0.0
       26,   68, waiting_time        , patient, pap_smear    , screening,                        , 25%            ,     0.12361111111111112
       26,   68, waiting_time        , patient, pap_smear    , screening,                        , 50%            ,     0.234375
       26,   68, waiting_time        , patient, pap_smear    , screening,                        , 75%            ,     0.3090277777777778
       26,   68, waiting_time        , patient, pap_smear    , screening,                        , max            ,     1.3090277777777777
       26,   68, waiting_time        , patient, pap_smear    , reporting,                        , count          ,  2182.0
       26,   68, waiting_time        , patient, pap_smear    , reporting,                        , mean           ,     0.6355939377737041
       26,   68, waiting_time        , patient, pap_smear    , reporting,                        , std            ,     0.18816323909212174
       26,   68, waiting_time        , patient, pap_smear    , reporting,                        , min            ,     0.0
       26,   68, waiting_time        , patient, pap_smear    , reporting,                        , 25%            ,     0.675
       26,   68, waiting_time        , patient, pap_smear    , reporting,                        , 50%            ,     0.6857638888888888
       26,   68, waiting_time        , patient, pap_smear    , reporting,                        , 75%            ,     0.6951388888888889
       26,   68, waiting_time        , patient, pap_smear    , reporting,                        , max            ,     0.8326388888888889
       26,   68, waiting_time        , slide  , all          , fixation ,                        , count          , 13602.0
       26,   68, waiting_time        , slide  , all          , fixation ,                        , mean           ,     0.0
       26,   68, waiting_time        , slide  , all          , fixation ,                        , std            ,     0.0
       26,   68, waiting_time        , slide  , all          , fixation ,                        , min            ,     0.0
       26,   68, waiting_time        , slide  , all          , fixation ,                        , 25%            ,     0.0
       26,   68, waiting_time        , slide  , all          , fixation ,                        , 50%            ,     0.0
       26,   68, waiting_time        , slide  , all          , fixation ,                        , 75%            ,     0.0
       26,   68, waiting_time        , slide  , all          , fixation ,                        , max            ,     0.0
       26,   68, waiting_time        , slide  , all          , staining ,                        , count          , 14371.0
       26,   68, waiting_time        , slide  , all          , staining ,                        , mean           ,     0.16110415265310543
       26,   68, waiting_time        , slide  , all          , staining ,                        , std            ,     0.27556800285516403
       26,   68, waiting_time        , slide  , all          , staining ,                        , min            ,     0.0
       26,   68, waiting_time        , slide  , all          , staining ,                        , 25%            ,     0.011111111111111112
       26,   68, waiting_time        , slide  , all          , staining ,                        , 50%            ,     0.02847222222222222
       26,   68, waiting_time        , slide  , all          , staining ,                        , 75%            ,     0.07152777777777777
       26,   68, waiting_time        , slide  , all          , staining ,                        , max            ,     0.9104166666666667
       26,   68, resource_utilisation,        ,              ,          , Cytotechnicians        , utilisation_pct,    35.8
       26,   68, resource_utilisation,        ,              ,          , Junior Cytopathologists, utilisation_pct,    79.53
       26,   68, resource_utilisation,        ,              ,          , Manual Staining Station, utilisation_pct,    73.64
       26,   68, resource_utilisation,        ,              ,          , Senior Pathologists    , utilisation_pct,    26.01
       27,   69, waiting_time        , patient, non_pap_smear, screening,                        , count          ,  7742.0
       27,   69, waiting_time        , patient, non_pap_smear, screening,                        , mean           ,     0.3194091033037687
       27,   69, waiting_time        , patient, non_pap_smear, screening,                        , std            ,     0.35200470548772966
       27,   69, waiting_time        , patient, non_pap_smear, screening,                        , min            ,     0.0
       27,   69, waiting_time        , patient, non_pap_smear, screening,                        , 25%            ,     0.11319444444444444
       27,   69, waiting_time        , patient, non_pap_smear, screening,                        , 50%            ,     0.22013888888888888
       27,   69, waiting_time        , patient, non_pap_smear, screening,                        , 75%            ,     0.3090277777777778
       27,   69, waiting_time        , patient, non_pap_smear, screening,                        , max            ,     1.3090277777777777
       27,   69, waiting_time        , patient, non_pap_smear, reporting,                        , count          ,  7717.0
       27,   69, waiting_time        , patient, non_pap_smear, reporting,                        , mean           ,     0.6367779289591523
       27,   69, waiting_time        , patient, non_pap_smear, reporting,                        , std            ,     0.1857569982138396
       27,   69, waiting_time        , patient, non_pap_smear, reporting,                        , min            ,     0.0
       27,   69, waiting_time        , patient, non_pap_smear, reporting,                        , 25%            ,     0.675
       27,   69, waiting_time        , patient, non_pap_smear, reporting,                        , 50%            ,     0.6854166666666667
       27,   69, waiting_time        , patient, non_pap_smear, reporting,                        , 75%            ,     0.6944444444444444
       27,   69, waiting_time        , patient, non_pap_smear, reporting,                        , max            ,     0.8416666666666667
       27,   69, waiting_time        , patient, pap_smear    , screening,                        , count          ,  2248.0
       27,   69, waiting_time        , patient, pap_smear    , screening,                        , mean           ,     0.32826957295373665
       27,   69, waiting_time        , patient, pap_smear    , screening,                        , std            ,     0.3525538745029842
       27,   69, waiting_time        , patient, pap_smear    , screening,                        , min            ,     0.0
       27,   69, waiting_time        , patient, pap_smear    , screening,                        , 25%            ,     0.12222222222222222
       27,   69, waiting_time        , patient, pap_smear    , screening,                        , 50%            ,     0.23854166666666665
       27,   69, waiting_time        , patient, pap_smear    , screening,                        , 75%            ,     0.30833333333333335
       27,   69, waiting_time        , patient, pap_smear    , screening,                        , max            ,     1.3090277777777777
       27,   69, waiting_time        , patient, pap_smear    , reporting,                        , count          ,  2238.0
       27,   69, waiting_time        , patient, pap_smear    , reporting,                        , mean           ,     0.6408800640452784
       27,   69, waiting_time        , patient, pap_smear    , reporting,                        , std            ,     0.1789155417440973
       27,   69, waiting_time        , patient, pap_smear    , reporting,                        , min            ,     0.0
       27,   69, waiting_time        , patient, pap_smear    , reporting,                        , 25%            ,     0.675
       27,   69, waiting_time        , patient, pap_smear    , reporting,                        , 50%            ,     0.6861111111111111
       27,   69, waiting_time        , patient, pap_smear    , reporting,                        , 75%            ,     0.6951388888888889
       27,   69, waiting_time        , patient, pap_smear    , reporting,                        , max            ,     0.8375
       27,   69, waiting_time        , slide  , all          , fixation ,                        , count          , 13431.0
       27,   69, waiting_time        , slide  , all          , fixation ,                        , mean           ,     0.0
       27,   69, waiting_time        , slide  , all          , fixation ,                        , std            ,     0.0
       27,   69, waiting_time        , slide  , all          , fixation ,                        , min            ,     0.0
       27,   69, waiting_time        , slide  , all          , fixation ,                        , 25%            ,     0.0
       27,   69, waiting_time        , slide  , all          , fixation ,                        , 50%            ,     0.0
       27,   69, waiting_time        , slide  , all          , fixation ,                        , 75%            ,     0.0
       27,   69, waiting_time        , slide  , all          , fixation ,                        , max            ,     0.0
       27,   69, waiting_time        , slide  , all          , staining ,                        , count          , 14215.0
       27,   69, waiting_time        , slide  , all          , staining ,                        , mean           ,     0.16213638761871263
       27,   69, waiting_time        , slide  , all          , staining ,                        , std            ,     0.27622603846506694
       27,   69, waiting_time        , slide  , all          , staining ,                        , min            ,     0.0
       27,   69, waiting_time        , slide  , all          , staining ,                        , 25%            ,     0.011111111111111112
       27,   69, waiting_time        , slide  , all          , staining ,                        , 50%            ,     0.02847222222222222
       27,   69, waiting_time        , slide  , all          , staining ,                        , 75%            ,     0.07013888888888889
       27,   69, waiting_time        , slide  , all          , staining ,                        , max            ,     0.9576388888888889
       27,   69, resource_utilisation,        ,              ,          , Cytotechnicians        , utilisation_pct,    35.23
       27,   69, resource_utilisation,        ,              ,          , Junior Cytopathologists, utilisation_pct,    78.73
       27,   69, resource_utilisation,        ,              ,          , Manual Staining Station, utilisation_pct,    72.75
       27,   69, resource_utilisation,        ,              ,          , Senior Pathologists    , utilisation_pct,    25.33
       28,   70, waiting_time        , patient, non_pap_smear, screening,                        , count          ,  7606.0
       28,   70, waiting_time        , patient, non_pap_smear, screening,                        , mean           ,     0.2988898566920852
       28,   70, waiting_time        , patient, non_pap_smear, screening,                        , std            ,     0.33729971104620116
       28,   70, waiting_time        , patient, non_pap_smear, screening,                        , min            ,     0.0
       28,   70, waiting_time        , patient, non_pap_smear, screening,                        , 25%            ,     0.10416666666666667
       28,   70, waiting_time        , patient, non_pap_smear, screening,                        , 50%            ,     0.2111111111111111
       28,   70, waiting_time        , patient, non_pap_smear, screening,                        , 75%            ,     0.2984375
       28,   70, waiting_time        , patient, non_pap_smear, screening,                        , max            ,     1.3090277777777777
       28,   70, waiting_time        , patient, non_pap_smear, reporting,                        , count          ,  7588.0
       28,   70, waiting_time        , patient, non_pap_smear, reporting,                        , mean           ,     0.6399744845662744
       28,   70, waiting_time        , patient, non_pap_smear, reporting,                        , std            ,     0.18258474431327673
       28,   70, waiting_time        , patient, non_pap_smear, reporting,                        , min            ,     0.0
       28,   70, waiting_time        , patient, non_pap_smear, reporting,                        , 25%            ,     0.6763888888888889
       28,   70, waiting_time        , patient, non_pap_smear, reporting,                        , 50%            ,     0.6861111111111111
       28,   70, waiting_time        , patient, non_pap_smear, reporting,                        , 75%            ,     0.6944444444444444
       28,   70, waiting_time        , patient, non_pap_smear, reporting,                        , max            ,     0.8395833333333333
       28,   70, waiting_time        , patient, pap_smear    , screening,                        , count          ,  2190.0
       28,   70, waiting_time        , patient, pap_smear    , screening,                        , mean           ,     0.3266416159309995
       28,   70, waiting_time        , patient, pap_smear    , screening,                        , std            ,     0.35913186064723074
       28,   70, waiting_time        , patient, pap_smear    , screening,                        , min            ,     0.0
       28,   70, waiting_time        , patient, pap_smear    , screening,                        , 25%            ,     0.11875
       28,   70, waiting_time        , patient, pap_smear    , screening,                        , 50%            ,     0.2298611111111111
       28,   70, waiting_time        , patient, pap_smear    , screening,                        , 75%            ,     0.3055555555555556
       28,   70, waiting_time        , patient, pap_smear    , screening,                        , max            ,     1.3090277777777777
       28,   70, waiting_time        , patient, pap_smear    , reporting,                        , count          ,  2184.0
       28,   70, waiting_time        , patient, pap_smear    , reporting,                        , mean           ,     0.6328420711233211
       28,   70, waiting_time        , patient, pap_smear    , reporting,                        , std            ,     0.19351217504194945
       28,   70, waiting_time        , patient, pap_smear    , reporting,                        , min            ,     0.0
       28,   70, waiting_time        , patient, pap_smear    , reporting,                        , 25%            ,     0.6763888888888889
       28,   70, waiting_time        , patient, pap_smear    , reporting,                        , 50%            ,     0.6864583333333334
       28,   70, waiting_time        , patient, pap_smear    , reporting,                        , 75%            ,     0.6951388888888889
       28,   70, waiting_time        , patient, pap_smear    , reporting,                        , max            ,     0.8340277777777778
       28,   70, waiting_time        , slide  , all          , fixation ,                        , count          , 13094.0
       28,   70, waiting_time        , slide  , all          , fixation ,                        , mean           ,     0.0
       28,   70, waiting_time        , slide  , all          , fixation ,                        , std            ,     0.0
       28,   70, waiting_time        , slide  , all          , fixation ,                        , min            ,     0.0
       28,   70, waiting_time        , slide  , all          , fixation ,                        , 25%            ,     0.0
       28,   70, waiting_time        , slide  , all          , fixation ,                        , 50%            ,     0.0
       28,   70, waiting_time        , slide  , all          , fixation ,                        , 75%            ,     0.0
       28,   70, waiting_time        , slide  , all          , fixation ,                        , max            ,     0.0
       28,   70, waiting_time        , slide  , all          , staining ,                        , count          , 13841.0
       28,   70, waiting_time        , slide  , all          , staining ,                        , mean           ,     0.1638546207322849
       28,   70, waiting_time        , slide  , all          , staining ,                        , std            ,     0.2767768947927515
       28,   70, waiting_time        , slide  , all          , staining ,                        , min            ,     0.0
       28,   70, waiting_time        , slide  , all          , staining ,                        , 25%            ,     0.010416666666666666
       28,   70, waiting_time        , slide  , all          , staining ,                        , 50%            ,     0.02847222222222222
       28,   70, waiting_time        , slide  , all          , staining ,                        , 75%            ,     0.07569444444444444
       28,   70, waiting_time        , slide  , all          , staining ,                        , max            ,     0.9048611111111111
       28,   70, resource_utilisation,        ,              ,          , Cytotechnicians        , utilisation_pct,    34.14
       28,   70, resource_utilisation,        ,              ,          , Junior Cytopathologists, utilisation_pct,    77.35
       28,   70, resource_utilisation,        ,              ,          , Manual Staining Station, utilisation_pct,    71.37
       28,   70, resource_utilisation,        ,              ,          , Senior Pathologists    , utilisation_pct,    25.31
       29,   71, waiting_time        , patient, non_pap_smear, screening,                        , count          ,  7609.0
       29,   71, waiting_time        , patient, non_pap_smear, screening,                        , mean           ,     0.315622946510711
       29,   71, waiting_time        , patient, non_pap_smear, screening,                        , std            ,     0.3523268657447643
       29,   71, waiting_time        , patient, non_pap_smear, screening,                        , min            ,     0.0
       29,   71, waiting_time        , patient, non_pap_smear, screening,                        , 25%            ,     0.1076388888888889
       29,   71, waiting_time        , patient, non_pap_smear, screening,                        , 50%            ,     0.22152777777777777
       29,   71, waiting_time        , patient, non_pap_smear, screening,                        , 75%            ,     0.3090277777777778
       29,   71, waiting_time        , patient, non_pap_smear, screening,                        , max            ,     1.3090277777777777
       29,   71, waiting_time        , patient, non_pap_smear, reporting,                        , count          ,  7573.0
       29,   71, waiting_time        , patient, non_pap_smear, reporting,                        , mean           ,     0.6386822886864152
       29,   71, waiting_time        , patient, non_pap_smear, reporting,                        , std            ,     0.1841264399643955
       29,   71, waiting_time        , patient, non_pap_smear, reporting,                        , min            ,     0.0
       29,   71, waiting_time        , patient, non_pap_smear, reporting,                        , 25%            ,     0.6763888888888889
       29,   71, waiting_time        , patient, non_pap_smear, reporting,                        , 50%            ,     0.6861111111111111
       29,   71, waiting_time        , patient, non_pap_smear, reporting,                        , 75%            ,     0.6944444444444444
       29,   71, waiting_time        , patient, non_pap_smear, reporting,                        , max            ,     0.8375
       29,   71, waiting_time        , patient, pap_smear    , screening,                        , count          ,  2278.0
       29,   71, waiting_time        , patient, pap_smear    , screening,                        , mean           ,     0.341190188762072
       29,   71, waiting_time        , patient, pap_smear    , screening,                        , std            ,     0.3597399645008237
       29,   71, waiting_time        , patient, pap_smear    , screening,                        , min            ,     0.0
       29,   71, waiting_time        , patient, pap_smear    , screening,                        , 25%            ,     0.1284722222222222
       29,   71, waiting_time        , patient, pap_smear    , screening,                        , 50%            ,     0.24756944444444445
       29,   71, waiting_time        , patient, pap_smear    , screening,                        , 75%            ,     0.3090277777777778
       29,   71, waiting_time        , patient, pap_smear    , screening,                        , max            ,     1.3090277777777777
       29,   71, waiting_time        , patient, pap_smear    , reporting,                        , count          ,  2271.0
       29,   71, waiting_time        , patient, pap_smear    , reporting,                        , mean           ,     0.6386350848867361
       29,   71, waiting_time        , patient, pap_smear    , reporting,                        , std            ,     0.18170297115543438
       29,   71, waiting_time        , patient, pap_smear    , reporting,                        , min            ,     0.0
       29,   71, waiting_time        , patient, pap_smear    , reporting,                        , 25%            ,     0.6770833333333334
       29,   71, waiting_time        , patient, pap_smear    , reporting,                        , 50%            ,     0.6868055555555556
       29,   71, waiting_time        , patient, pap_smear    , reporting,                        , 75%            ,     0.6951388888888889
       29,   71, waiting_time        , patient, pap_smear    , reporting,                        , max            ,     0.8333333333333334
       29,   71, waiting_time        , slide  , all          , fixation ,                        , count          , 13174.0
       29,   71, waiting_time        , slide  , all          , fixation ,                        , mean           ,     0.0
       29,   71, waiting_time        , slide  , all          , fixation ,                        , std            ,     0.0
       29,   71, waiting_time        , slide  , all          , fixation ,                        , min            ,     0.0
       29,   71, waiting_time        , slide  , all          , fixation ,                        , 25%            ,     0.0
       29,   71, waiting_time        , slide  , all          , fixation ,                        , 50%            ,     0.0
       29,   71, waiting_time        , slide  , all          , fixation ,                        , 75%            ,     0.0
       29,   71, waiting_time        , slide  , all          , fixation ,                        , max            ,     0.0
       29,   71, waiting_time        , slide  , all          , staining ,                        , count          , 13910.0
       29,   71, waiting_time        , slide  , all          , staining ,                        , mean           ,     0.1608017812924355
       29,   71, waiting_time        , slide  , all          , staining ,                        , std            ,     0.27518801113004066
       29,   71, waiting_time        , slide  , all          , staining ,                        , min            ,     0.0
       29,   71, waiting_time        , slide  , all          , staining ,                        , 25%            ,     0.010416666666666666
       29,   71, waiting_time        , slide  , all          , staining ,                        , 50%            ,     0.02847222222222222
       29,   71, waiting_time        , slide  , all          , staining ,                        , 75%            ,     0.06875
       29,   71, waiting_time        , slide  , all          , staining ,                        , max            ,     0.9159722222222222
       29,   71, resource_utilisation,        ,              ,          , Cytotechnicians        , utilisation_pct,    33.93
       29,   71, resource_utilisation,        ,              ,          , Junior Cytopathologists, utilisation_pct,    77.34
       29,   71, resource_utilisation,        ,              ,          , Manual Staining Station, utilisation_pct,    71.51
       29,   71, resource_utilisation,        ,              ,          , Senior Pathologists    , utilisation_pct,    25.15
       30,   72, waiting_time        , patient, non_pap_smear, screening,                        , count          ,  7751.0
       30,   72, waiting_time        , patient, non_pap_smear, screening,                        , mean           ,     0.324071535572471
       30,   72, waiting_time        , patient, non_pap_smear, screening,                        , std            ,     0.35561262385957265
       30,   72, waiting_time        , patient, non_pap_smear, screening,                        , min            ,     0.0
       30,   72, waiting_time        , patient, non_pap_smear, screening,                        , 25%            ,     0.11145833333333333
       30,   72, waiting_time        , patient, non_pap_smear, screening,                        , 50%            ,     0.22430555555555556
       30,   72, waiting_time        , patient, non_pap_smear, screening,                        , 75%            ,     0.3090277777777778
       30,   72, waiting_time        , patient, non_pap_smear, screening,                        , max            ,     1.3090277777777777
       30,   72, waiting_time        , patient, non_pap_smear, reporting,                        , count          ,  7727.0
       30,   72, waiting_time        , patient, non_pap_smear, reporting,                        , mean           ,     0.6413435751980788
       30,   72, waiting_time        , patient, non_pap_smear, reporting,                        , std            ,     0.1770587658539057
       30,   72, waiting_time        , patient, non_pap_smear, reporting,                        , min            ,     0.0
       30,   72, waiting_time        , patient, non_pap_smear, reporting,                        , 25%            ,     0.6756944444444445
       30,   72, waiting_time        , patient, non_pap_smear, reporting,                        , 50%            ,     0.6854166666666667
       30,   72, waiting_time        , patient, non_pap_smear, reporting,                        , 75%            ,     0.69375
       30,   72, waiting_time        , patient, non_pap_smear, reporting,                        , max            ,     0.8416666666666667
       30,   72, waiting_time        , patient, pap_smear    , screening,                        , count          ,  2181.0
       30,   72, waiting_time        , patient, pap_smear    , screening,                        , mean           ,     0.3262016659024912
       30,   72, waiting_time        , patient, pap_smear    , screening,                        , std            ,     0.35222085564523226
       30,   72, waiting_time        , patient, pap_smear    , screening,                        , min            ,     0.0
       30,   72, waiting_time        , patient, pap_smear    , screening,                        , 25%            ,     0.11458333333333333
       30,   72, waiting_time        , patient, pap_smear    , screening,                        , 50%            ,     0.2423611111111111
       30,   72, waiting_time        , patient, pap_smear    , screening,                        , 75%            ,     0.3090277777777778
       30,   72, waiting_time        , patient, pap_smear    , screening,                        , max            ,     1.3090277777777777
       30,   72, waiting_time        , patient, pap_smear    , reporting,                        , count          ,  2170.0
       30,   72, waiting_time        , patient, pap_smear    , reporting,                        , mean           ,     0.631997567844342
       30,   72, waiting_time        , patient, pap_smear    , reporting,                        , std            ,     0.19132724746653196
       30,   72, waiting_time        , patient, pap_smear    , reporting,                        , min            ,     0.0
       30,   72, waiting_time        , patient, pap_smear    , reporting,                        , 25%            ,     0.6756944444444445
       30,   72, waiting_time        , patient, pap_smear    , reporting,                        , 50%            ,     0.6854166666666667
       30,   72, waiting_time        , patient, pap_smear    , reporting,                        , 75%            ,     0.6944444444444444
       30,   72, waiting_time        , patient, pap_smear    , reporting,                        , max            ,     0.8368055555555556
       30,   72, waiting_time        , slide  , all          , fixation ,                        , count          , 13351.0
       30,   72, waiting_time        , slide  , all          , fixation ,                        , mean           ,     0.0
       30,   72, waiting_time        , slide  , all          , fixation ,                        , std            ,     0.0
       30,   72, waiting_time        , slide  , all          , fixation ,                        , min            ,     0.0
       30,   72, waiting_time        , slide  , all          , fixation ,                        , 25%            ,     0.0
       30,   72, waiting_time        , slide  , all          , fixation ,                        , 50%            ,     0.0
       30,   72, waiting_time        , slide  , all          , fixation ,                        , 75%            ,     0.0
       30,   72, waiting_time        , slide  , all          , fixation ,                        , max            ,     0.0
       30,   72, waiting_time        , slide  , all          , staining ,                        , count          , 14120.0
       30,   72, waiting_time        , slide  , all          , staining ,                        , mean           ,     0.15842407341831918
       30,   72, waiting_time        , slide  , all          , staining ,                        , std            ,     0.2735544147839741
       30,   72, waiting_time        , slide  , all          , staining ,                        , min            ,     0.0
       30,   72, waiting_time        , slide  , all          , staining ,                        , 25%            ,     0.010416666666666666
       30,   72, waiting_time        , slide  , all          , staining ,                        , 50%            ,     0.027083333333333334
       30,   72, waiting_time        , slide  , all          , staining ,                        , 75%            ,     0.06961805555555556
       30,   72, waiting_time        , slide  , all          , staining ,                        , max            ,     0.8993055555555556
       30,   72, resource_utilisation,        ,              ,          , Cytotechnicians        , utilisation_pct,    34.51
       30,   72, resource_utilisation,        ,              ,          , Junior Cytopathologists, utilisation_pct,    78.57
       30,   72, resource_utilisation,        ,              ,          , Manual Staining Station, utilisation_pct,    72.47
       30,   72, resource_utilisation,        ,              ,          , Senior Pathologists    , utilisation_pct,    25.38
       31,   73, waiting_time        , patient, non_pap_smear, screening,                        , count          ,  7615.0
       31,   73, waiting_time        , patient, non_pap_smear, screening,                        , mean           ,     0.31786632742394394
       31,   73, waiting_time        , patient, non_pap_smear, screening,                        , std            ,     0.3557503897796609
       31,   73, waiting_time        , patient, non_pap_smear, screening,                        , min            ,     0.0
       31,   73, waiting_time        , patient, non_pap_smear, screening,                        , 25%            ,     0.10486111111111111
       31,   73, waiting_time        , patient, non_pap_smear, screening,                        , 50%            ,     0.21805555555555556
       31,   73, waiting_time        , patient, non_pap_smear, screening,                        , 75%            ,     0.3090277777777778
       31,   73, waiting_time        , patient, non_pap_smear, screening,                        , max            ,     1.3090277777777777
       31,   73, waiting_time        , patient, non_pap_smear, reporting,                        , count          ,  7589.0
       31,   73, waiting_time        , patient, non_pap_smear, reporting,                        , mean           ,     0.6384257734147376
       31,   73, waiting_time        , patient, non_pap_smear, reporting,                        , std            ,     0.18397311290190793
       31,   73, waiting_time        , patient, non_pap_smear, reporting,                        , min            ,     0.0
       31,   73, waiting_time        , patient, non_pap_smear, reporting,                        , 25%            ,     0.675
       31,   73, waiting_time        , patient, non_pap_smear, reporting,                        , 50%            ,     0.6854166666666667
       31,   73, waiting_time        , patient, non_pap_smear, reporting,                        , 75%            ,     0.6944444444444444
       31,   73, waiting_time        , patient, non_pap_smear, reporting,                        , max            ,     0.8402777777777778
       31,   73, waiting_time        , patient, pap_smear    , screening,                        , count          ,  2178.0
       31,   73, waiting_time        , patient, pap_smear    , screening,                        , mean           ,     0.3228481149882665
       31,   73, waiting_time        , patient, pap_smear    , screening,                        , std            ,     0.352412265249374
       31,   73, waiting_time        , patient, pap_smear    , screening,                        , min            ,     0.0
       31,   73, waiting_time        , patient, pap_smear    , screening,                        , 25%            ,     0.11805555555555555
       31,   73, waiting_time        , patient, pap_smear    , screening,                        , 50%            ,     0.23576388888888888
       31,   73, waiting_time        , patient, pap_smear    , screening,                        , 75%            ,     0.3090277777777778
       31,   73, waiting_time        , patient, pap_smear    , screening,                        , max            ,     1.3090277777777777
       31,   73, waiting_time        , patient, pap_smear    , reporting,                        , count          ,  2170.0
       31,   73, waiting_time        , patient, pap_smear    , reporting,                        , mean           ,     0.6370398105478751
       31,   73, waiting_time        , patient, pap_smear    , reporting,                        , std            ,     0.18623886273599408
       31,   73, waiting_time        , patient, pap_smear    , reporting,                        , min            ,     0.0
       31,   73, waiting_time        , patient, pap_smear    , reporting,                        , 25%            ,     0.675
       31,   73, waiting_time        , patient, pap_smear    , reporting,                        , 50%            ,     0.6861111111111111
       31,   73, waiting_time        , patient, pap_smear    , reporting,                        , 75%            ,     0.6951388888888889
       31,   73, waiting_time        , patient, pap_smear    , reporting,                        , max            ,     0.8368055555555556
       31,   73, waiting_time        , slide  , all          , fixation ,                        , count          , 13311.0
       31,   73, waiting_time        , slide  , all          , fixation ,                        , mean           ,     0.0
       31,   73, waiting_time        , slide  , all          , fixation ,                        , std            ,     0.0
       31,   73, waiting_time        , slide  , all          , fixation ,                        , min            ,     0.0
       31,   73, waiting_time        , slide  , all          , fixation ,                        , 25%            ,     0.0
       31,   73, waiting_time        , slide  , all          , fixation ,                        , 50%            ,     0.0
       31,   73, waiting_time        , slide  , all          , fixation ,                        , 75%            ,     0.0
       31,   73, waiting_time        , slide  , all          , fixation ,                        , max            ,     0.0
       31,   73, waiting_time        , slide  , all          , staining ,                        , count          , 14103.0
       31,   73, waiting_time        , slide  , all          , staining ,                        , mean           ,     0.1591056768851387
       31,   73, waiting_time        , slide  , all          , staining ,                        , std            ,     0.27459904477351366
       31,   73, waiting_time        , slide  , all          , staining ,                        , min            ,     0.0
       31,   73, waiting_time        , slide  , all          , staining ,                        , 25%            ,     0.010416666666666666
       31,   73, waiting_time        , slide  , all          , staining ,                        , 50%            ,     0.027083333333333334
       31,   73, waiting_time        , slide  , all          , staining ,                        , 75%            ,     0.06631944444444444
       31,   73, waiting_time        , slide  , all          , staining ,                        , max            ,     0.9354166666666667
       31,   73, resource_utilisation,        ,              ,          , Cytotechnicians        , utilisation_pct,    34.24
       31,   73, resource_utilisation,        ,              ,          , Junior Cytopathologists, utilisation_pct,    78.32
       31,   73, resource_utilisation,        ,              ,          , Manual Staining Station, utilisation_pct,    72.14
       31,   73, resource_utilisation,        ,              ,          , Senior Pathologists    , utilisation_pct,    25.46
       32,   74, waiting_time        , patient, non_pap_smear, screening,                        , count          ,  7510.0
       32,   74, waiting_time        , patient, non_pap_smear, screening,                        , mean           ,     0.2837369618286729
       32,   74, waiting_time        , patient, non_pap_smear, screening,                        , std            ,     0.3247383313557692
       32,   74, waiting_time        , patient, non_pap_smear, screening,                        , min            ,     0.0
       32,   74, waiting_time        , patient, non_pap_smear, screening,                        , 25%            ,     0.10138888888888889
       32,   74, waiting_time        , patient, non_pap_smear, screening,                        , 50%            ,     0.20277777777777778
       32,   74, waiting_time        , patient, non_pap_smear, screening,                        , 75%            ,     0.29375
       32,   74, waiting_time        , patient, non_pap_smear, screening,                        , max            ,     1.3090277777777777
       32,   74, waiting_time        , patient, non_pap_smear, reporting,                        , count          ,  7477.0
       32,   74, waiting_time        , patient, non_pap_smear, reporting,                        , mean           ,     0.6376538978794228
       32,   74, waiting_time        , patient, non_pap_smear, reporting,                        , std            ,     0.1852205953175357
       32,   74, waiting_time        , patient, non_pap_smear, reporting,                        , min            ,     0.0
       32,   74, waiting_time        , patient, non_pap_smear, reporting,                        , 25%            ,     0.6763888888888889
       32,   74, waiting_time        , patient, non_pap_smear, reporting,                        , 50%            ,     0.6861111111111111
       32,   74, waiting_time        , patient, non_pap_smear, reporting,                        , 75%            ,     0.6944444444444444
       32,   74, waiting_time        , patient, non_pap_smear, reporting,                        , max            ,     0.8423611111111111
       32,   74, waiting_time        , patient, pap_smear    , screening,                        , count          ,  2154.0
       32,   74, waiting_time        , patient, pap_smear    , screening,                        , mean           ,     0.30663462034457856
       32,   74, waiting_time        , patient, pap_smear    , screening,                        , std            ,     0.3409666505992192
       32,   74, waiting_time        , patient, pap_smear    , screening,                        , min            ,     0.0
       32,   74, waiting_time        , patient, pap_smear    , screening,                        , 25%            ,     0.11267361111111111
       32,   74, waiting_time        , patient, pap_smear    , screening,                        , 50%            ,     0.22430555555555556
       32,   74, waiting_time        , patient, pap_smear    , screening,                        , 75%            ,     0.2972222222222222
       32,   74, waiting_time        , patient, pap_smear    , screening,                        , max            ,     1.3090277777777777
       32,   74, waiting_time        , patient, pap_smear    , reporting,                        , count          ,  2148.0
       32,   74, waiting_time        , patient, pap_smear    , reporting,                        , mean           ,     0.6342563495758329
       32,   74, waiting_time        , patient, pap_smear    , reporting,                        , std            ,     0.19019391660084473
       32,   74, waiting_time        , patient, pap_smear    , reporting,                        , min            ,     0.0
       32,   74, waiting_time        , patient, pap_smear    , reporting,                        , 25%            ,     0.6770833333333334
       32,   74, waiting_time        , patient, pap_smear    , reporting,                        , 50%            ,     0.6868055555555556
       32,   74, waiting_time        , patient, pap_smear    , reporting,                        , 75%            ,     0.6951388888888889
       32,   74, waiting_time        , patient, pap_smear    , reporting,                        , max            ,     0.8375
       32,   74, waiting_time        , slide  , all          , fixation ,                        , count          , 12935.0
       32,   74, waiting_time        , slide  , all          , fixation ,                        , mean           ,     0.0
       32,   74, waiting_time        , slide  , all          , fixation ,                        , std            ,     0.0
       32,   74, waiting_time        , slide  , all          , fixation ,                        , min            ,     0.0
       32,   74, waiting_time        , slide  , all          , fixation ,                        , 25%            ,     0.0
       32,   74, waiting_time        , slide  , all          , fixation ,                        , 50%            ,     0.0
       32,   74, waiting_time        , slide  , all          , fixation ,                        , 75%            ,     0.0
       32,   74, waiting_time        , slide  , all          , fixation ,                        , max            ,     0.0
       32,   74, waiting_time        , slide  , all          , staining ,                        , count          , 13645.0
       32,   74, waiting_time        , slide  , all          , staining ,                        , mean           ,     0.1551883575587313
       32,   74, waiting_time        , slide  , all          , staining ,                        , std            ,     0.2716074229049881
       32,   74, waiting_time        , slide  , all          , staining ,                        , min            ,     0.0
       32,   74, waiting_time        , slide  , all          , staining ,                        , 25%            ,     0.010416666666666666
       32,   74, waiting_time        , slide  , all          , staining ,                        , 50%            ,     0.02638888888888889
       32,   74, waiting_time        , slide  , all          , staining ,                        , 75%            ,     0.06388888888888888
       32,   74, waiting_time        , slide  , all          , staining ,                        , max            ,     0.9381944444444444
       32,   74, resource_utilisation,        ,              ,          , Cytotechnicians        , utilisation_pct,    32.84
       32,   74, resource_utilisation,        ,              ,          , Junior Cytopathologists, utilisation_pct,    76.37
       32,   74, resource_utilisation,        ,              ,          , Manual Staining Station, utilisation_pct,    70.36
       32,   74, resource_utilisation,        ,              ,          , Senior Pathologists    , utilisation_pct,    24.97
       33,   75, waiting_time        , patient, non_pap_smear, screening,                        , count          ,  7639.0
       33,   75, waiting_time        , patient, non_pap_smear, screening,                        , mean           ,     0.311299199284374
       33,   75, waiting_time        , patient, non_pap_smear, screening,                        , std            ,     0.3471304736637732
       33,   75, waiting_time        , patient, non_pap_smear, screening,                        , min            ,     0.0
       33,   75, waiting_time        , patient, non_pap_smear, screening,                        , 25%            ,     0.1076388888888889
       33,   75, waiting_time        , patient, non_pap_smear, screening,                        , 50%            ,     0.21875
       33,   75, waiting_time        , patient, non_pap_smear, screening,                        , 75%            ,     0.30416666666666664
       33,   75, waiting_time        , patient, non_pap_smear, screening,                        , max            ,     1.3090277777777777
       33,   75, waiting_time        , patient, non_pap_smear, reporting,                        , count          ,  7615.0
       33,   75, waiting_time        , patient, non_pap_smear, reporting,                        , mean           ,     0.6406919821988765
       33,   75, waiting_time        , patient, non_pap_smear, reporting,                        , std            ,     0.18032593862432708
       33,   75, waiting_time        , patient, non_pap_smear, reporting,                        , min            ,     0.0
       33,   75, waiting_time        , patient, non_pap_smear, reporting,                        , 25%            ,     0.6756944444444445
       33,   75, waiting_time        , patient, non_pap_smear, reporting,                        , 50%            ,     0.6854166666666667
       33,   75, waiting_time        , patient, non_pap_smear, reporting,                        , 75%            ,     0.6944444444444444
       33,   75, waiting_time        , patient, non_pap_smear, reporting,                        , max            ,     0.8340277777777778
       33,   75, waiting_time        , patient, pap_smear    , screening,                        , count          ,  2207.0
       33,   75, waiting_time        , patient, pap_smear    , screening,                        , mean           ,     0.3232338392991995
       33,   75, waiting_time        , patient, pap_smear    , screening,                        , std            ,     0.3556968581472214
       33,   75, waiting_time        , patient, pap_smear    , screening,                        , min            ,     0.0
       33,   75, waiting_time        , patient, pap_smear    , screening,                        , 25%            ,     0.1125
       33,   75, waiting_time        , patient, pap_smear    , screening,                        , 50%            ,     0.23055555555555557
       33,   75, waiting_time        , patient, pap_smear    , screening,                        , 75%            ,     0.3072916666666667
       33,   75, waiting_time        , patient, pap_smear    , screening,                        , max            ,     1.3090277777777777
       33,   75, waiting_time        , patient, pap_smear    , reporting,                        , count          ,  2203.0
       33,   75, waiting_time        , patient, pap_smear    , reporting,                        , mean           ,     0.6361905482422959
       33,   75, waiting_time        , patient, pap_smear    , reporting,                        , std            ,     0.18737982961829955
       33,   75, waiting_time        , patient, pap_smear    , reporting,                        , min            ,     0.0
       33,   75, waiting_time        , patient, pap_smear    , reporting,                        , 25%            ,     0.6756944444444445
       33,   75, waiting_time        , patient, pap_smear    , reporting,                        , 50%            ,     0.6861111111111111
       33,   75, waiting_time        , patient, pap_smear    , reporting,                        , 75%            ,     0.6951388888888889
       33,   75, waiting_time        , patient, pap_smear    , reporting,                        , max            ,     0.8333333333333334
       33,   75, waiting_time        , slide  , all          , fixation ,                        , count          , 13275.0
       33,   75, waiting_time        , slide  , all          , fixation ,                        , mean           ,     0.0
       33,   75, waiting_time        , slide  , all          , fixation ,                        , std            ,     0.0
       33,   75, waiting_time        , slide  , all          , fixation ,                        , min            ,     0.0
       33,   75, waiting_time        , slide  , all          , fixation ,                        , 25%            ,     0.0
       33,   75, waiting_time        , slide  , all          , fixation ,                        , 50%            ,     0.0
       33,   75, waiting_time        , slide  , all          , fixation ,                        , 75%            ,     0.0
       33,   75, waiting_time        , slide  , all          , fixation ,                        , max            ,     0.0
       33,   75, waiting_time        , slide  , all          , staining ,                        , count          , 13975.0
       33,   75, waiting_time        , slide  , all          , staining ,                        , mean           ,     0.1601962333532101
       33,   75, waiting_time        , slide  , all          , staining ,                        , std            ,     0.2754665766708206
       33,   75, waiting_time        , slide  , all          , staining ,                        , min            ,     0.0
       33,   75, waiting_time        , slide  , all          , staining ,                        , 25%            ,     0.010416666666666666
       33,   75, waiting_time        , slide  , all          , staining ,                        , 50%            ,     0.027777777777777776
       33,   75, waiting_time        , slide  , all          , staining ,                        , 75%            ,     0.07013888888888889
       33,   75, waiting_time        , slide  , all          , staining ,                        , max            ,     0.9215277777777777
       33,   75, resource_utilisation,        ,              ,          , Cytotechnicians        , utilisation_pct,    34.52
       33,   75, resource_utilisation,        ,              ,          , Junior Cytopathologists, utilisation_pct,    78.09
       33,   75, resource_utilisation,        ,              ,          , Manual Staining Station, utilisation_pct,    71.77
       33,   75, resource_utilisation,        ,              ,          , Senior Pathologists    , utilisation_pct,    25.58
       34,   76, waiting_time        , patient, non_pap_smear, screening,                        , count          ,  7635.0
       34,   76, waiting_time        , patient, non_pap_smear, screening,                        , mean           ,     0.3097042130539184
       34,   76, waiting_time        , patient, non_pap_smear, screening,                        , std            ,     0.34493866125798134
       34,   76, waiting_time        , patient, non_pap_smear, screening,                        , min            ,     0.0
       34,   76, waiting_time        , patient, non_pap_smear, screening,                        , 25%            ,     0.10902777777777778
       34,   76, waiting_time        , patient, non_pap_smear, screening,                        , 50%            ,     0.21388888888888888
       34,   76, waiting_time        , patient, non_pap_smear, screening,                        , 75%            ,     0.30625
       34,   76, waiting_time        , patient, non_pap_smear, screening,                        , max            ,     1.3090277777777777
       34,   76, waiting_time        , patient, non_pap_smear, reporting,                        , count          ,  7615.0
       34,   76, waiting_time        , patient, non_pap_smear, reporting,                        , mean           ,     0.6374001422630773
       34,   76, waiting_time        , patient, non_pap_smear, reporting,                        , std            ,     0.18554719248107418
       34,   76, waiting_time        , patient, non_pap_smear, reporting,                        , min            ,     0.0
       34,   76, waiting_time        , patient, non_pap_smear, reporting,                        , 25%            ,     0.6756944444444445
       34,   76, waiting_time        , patient, non_pap_smear, reporting,                        , 50%            ,     0.6861111111111111
       34,   76, waiting_time        , patient, non_pap_smear, reporting,                        , 75%            ,     0.6944444444444444
       34,   76, waiting_time        , patient, non_pap_smear, reporting,                        , max            ,     0.8361111111111111
       34,   76, waiting_time        , patient, pap_smear    , screening,                        , count          ,  2246.0
       34,   76, waiting_time        , patient, pap_smear    , screening,                        , mean           ,     0.3403108612842584
       34,   76, waiting_time        , patient, pap_smear    , screening,                        , std            ,     0.36566829257806827
       34,   76, waiting_time        , patient, pap_smear    , screening,                        , min            ,     0.0
       34,   76, waiting_time        , patient, pap_smear    , screening,                        , 25%            ,     0.12291666666666666
       34,   76, waiting_time        , patient, pap_smear    , screening,                        , 50%            ,     0.24097222222222223
       34,   76, waiting_time        , patient, pap_smear    , screening,                        , 75%            ,     0.3090277777777778
       34,   76, waiting_time        , patient, pap_smear    , screening,                        , max            ,     1.3090277777777777
       34,   76, waiting_time        , patient, pap_smear    , reporting,                        , count          ,  2240.0
       34,   76, waiting_time        , patient, pap_smear    , reporting,                        , mean           ,     0.6393833705357143
       34,   76, waiting_time        , patient, pap_smear    , reporting,                        , std            ,     0.18111179511981162
       34,   76, waiting_time        , patient, pap_smear    , reporting,                        , min            ,     0.0
       34,   76, waiting_time        , patient, pap_smear    , reporting,                        , 25%            ,     0.6763888888888889
       34,   76, waiting_time        , patient, pap_smear    , reporting,                        , 50%            ,     0.6868055555555556
       34,   76, waiting_time        , patient, pap_smear    , reporting,                        , 75%            ,     0.6951388888888889
       34,   76, waiting_time        , patient, pap_smear    , reporting,                        , max            ,     0.8409722222222222
       34,   76, waiting_time        , slide  , all          , fixation ,                        , count          , 13017.0
       34,   76, waiting_time        , slide  , all          , fixation ,                        , mean           ,     0.0
       34,   76, waiting_time        , slide  , all          , fixation ,                        , std            ,     0.0
       34,   76, waiting_time        , slide  , all          , fixation ,                        , min            ,     0.0
       34,   76, waiting_time        , slide  , all          , fixation ,                        , 25%            ,     0.0
       34,   76, waiting_time        , slide  , all          , fixation ,                        , 50%            ,     0.0
       34,   76, waiting_time        , slide  , all          , fixation ,                        , 75%            ,     0.0
       34,   76, waiting_time        , slide  , all          , fixation ,                        , max            ,     0.0
       34,   76, waiting_time        , slide  , all          , staining ,                        , count          , 13718.0
       34,   76, waiting_time        , slide  , all          , staining ,                        , mean           ,     0.1620550250279438
       34,   76, waiting_time        , slide  , all          , staining ,                        , std            ,     0.2764738094997668
       34,   76, waiting_time        , slide  , all          , staining ,                        , min            ,     0.0
       34,   76, waiting_time        , slide  , all          , staining ,                        , 25%            ,     0.010416666666666666
       34,   76, waiting_time        , slide  , all          , staining ,                        , 50%            ,     0.027777777777777776
       34,   76, waiting_time        , slide  , all          , staining ,                        , 75%            ,     0.0763888888888889
       34,   76, waiting_time        , slide  , all          , staining ,                        , max            ,     0.9611111111111111
       34,   76, resource_utilisation,        ,              ,          , Cytotechnicians        , utilisation_pct,    33.94
       34,   76, resource_utilisation,        ,              ,          , Junior Cytopathologists, utilisation_pct,    77.13
       34,   76, resource_utilisation,        ,              ,          , Manual Staining Station, utilisation_pct,    71.04
       34,   76, resource_utilisation,        ,              ,          , Senior Pathologists    , utilisation_pct,    25.09
       35,   77, waiting_time        , patient, non_pap_smear, screening,                        , count          ,  7694.0
       35,   77, waiting_time        , patient, non_pap_smear, screening,                        , mean           ,     0.3264711138549519
       35,   77, waiting_time        , patient, non_pap_smear, screening,                        , std            ,     0.36068002983192676
       35,   77, waiting_time        , patient, non_pap_smear, screening,                        , min            ,     0.0
       35,   77, waiting_time        , patient, non_pap_smear, screening,                        , 25%            ,     0.11041666666666666
       35,   77, waiting_time        , patient, non_pap_smear, screening,                        , 50%            ,     0.22152777777777777
       35,   77, waiting_time        , patient, non_pap_smear, screening,                        , 75%            ,     0.3090277777777778
       35,   77, waiting_time        , patient, non_pap_smear, screening,                        , max            ,     1.3090277777777777
       35,   77, waiting_time        , patient, non_pap_smear, reporting,                        , count          ,  7675.0
       35,   77, waiting_time        , patient, non_pap_smear, reporting,                        , mean           ,     0.6389052660152008
       35,   77, waiting_time        , patient, non_pap_smear, reporting,                        , std            ,     0.18293054404000206
       35,   77, waiting_time        , patient, non_pap_smear, reporting,                        , min            ,     0.0
       35,   77, waiting_time        , patient, non_pap_smear, reporting,                        , 25%            ,     0.6756944444444445
       35,   77, waiting_time        , patient, non_pap_smear, reporting,                        , 50%            ,     0.6861111111111111
       35,   77, waiting_time        , patient, non_pap_smear, reporting,                        , 75%            ,     0.6944444444444444
       35,   77, waiting_time        , patient, non_pap_smear, reporting,                        , max            ,     0.8347222222222223
       35,   77, waiting_time        , patient, pap_smear    , screening,                        , count          ,  2232.0
       35,   77, waiting_time        , patient, pap_smear    , screening,                        , mean           ,     0.32701986260454
       35,   77, waiting_time        , patient, pap_smear    , screening,                        , std            ,     0.3584617646944963
       35,   77, waiting_time        , patient, pap_smear    , screening,                        , min            ,     0.0
       35,   77, waiting_time        , patient, pap_smear    , screening,                        , 25%            ,     0.11666666666666667
       35,   77, waiting_time        , patient, pap_smear    , screening,                        , 50%            ,     0.23368055555555556
       35,   77, waiting_time        , patient, pap_smear    , screening,                        , 75%            ,     0.30625
       35,   77, waiting_time        , patient, pap_smear    , screening,                        , max            ,     1.3090277777777777
       35,   77, waiting_time        , patient, pap_smear    , reporting,                        , count          ,  2219.0
       35,   77, waiting_time        , patient, pap_smear    , reporting,                        , mean           ,     0.6342847128336088
       35,   77, waiting_time        , patient, pap_smear    , reporting,                        , std            ,     0.1906821587580601
       35,   77, waiting_time        , patient, pap_smear    , reporting,                        , min            ,     0.0
       35,   77, waiting_time        , patient, pap_smear    , reporting,                        , 25%            ,     0.6756944444444445
       35,   77, waiting_time        , patient, pap_smear    , reporting,                        , 50%            ,     0.6861111111111111
       35,   77, waiting_time        , patient, pap_smear    , reporting,                        , 75%            ,     0.6944444444444444
       35,   77, waiting_time        , patient, pap_smear    , reporting,                        , max            ,     0.8333333333333334
       35,   77, waiting_time        , slide  , all          , fixation ,                        , count          , 13310.0
       35,   77, waiting_time        , slide  , all          , fixation ,                        , mean           ,     0.0
       35,   77, waiting_time        , slide  , all          , fixation ,                        , std            ,     0.0
       35,   77, waiting_time        , slide  , all          , fixation ,                        , min            ,     0.0
       35,   77, waiting_time        , slide  , all          , fixation ,                        , 25%            ,     0.0
       35,   77, waiting_time        , slide  , all          , fixation ,                        , 50%            ,     0.0
       35,   77, waiting_time        , slide  , all          , fixation ,                        , 75%            ,     0.0
       35,   77, waiting_time        , slide  , all          , fixation ,                        , max            ,     0.0
       35,   77, waiting_time        , slide  , all          , staining ,                        , count          , 14086.0
       35,   77, waiting_time        , slide  , all          , staining ,                        , mean           ,     0.16065853408427594
       35,   77, waiting_time        , slide  , all          , staining ,                        , std            ,     0.27408263802139027
       35,   77, waiting_time        , slide  , all          , staining ,                        , min            ,     0.0
       35,   77, waiting_time        , slide  , all          , staining ,                        , 25%            ,     0.011805555555555555
       35,   77, waiting_time        , slide  , all          , staining ,                        , 50%            ,     0.029166666666666667
       35,   77, waiting_time        , slide  , all          , staining ,                        , 75%            ,     0.06944444444444445
       35,   77, waiting_time        , slide  , all          , staining ,                        , max            ,     0.9263888888888889
       35,   77, resource_utilisation,        ,              ,          , Cytotechnicians        , utilisation_pct,    35.2
       35,   77, resource_utilisation,        ,              ,          , Junior Cytopathologists, utilisation_pct,    78.51
       35,   77, resource_utilisation,        ,              ,          , Manual Staining Station, utilisation_pct,    72.73
       35,   77, resource_utilisation,        ,              ,          , Senior Pathologists    , utilisation_pct,    25.49
       36,   78, waiting_time        , patient, non_pap_smear, screening,                        , count          ,  7742.0
       36,   78, waiting_time        , patient, non_pap_smear, screening,                        , mean           ,     0.3319330527569678
       36,   78, waiting_time        , patient, non_pap_smear, screening,                        , std            ,     0.36564489628835434
       36,   78, waiting_time        , patient, non_pap_smear, screening,                        , min            ,     0.0
       36,   78, waiting_time        , patient, non_pap_smear, screening,                        , 25%            ,     0.1111111111111111
       36,   78, waiting_time        , patient, non_pap_smear, screening,                        , 50%            ,     0.22291666666666668
       36,   78, waiting_time        , patient, non_pap_smear, screening,                        , 75%            ,     0.3090277777777778
       36,   78, waiting_time        , patient, non_pap_smear, screening,                        , max            ,     1.3090277777777777
       36,   78, waiting_time        , patient, non_pap_smear, reporting,                        , count          ,  7714.0
       36,   78, waiting_time        , patient, non_pap_smear, reporting,                        , mean           ,     0.6386938970990695
       36,   78, waiting_time        , patient, non_pap_smear, reporting,                        , std            ,     0.1830665725142454
       36,   78, waiting_time        , patient, non_pap_smear, reporting,                        , min            ,     0.0
       36,   78, waiting_time        , patient, non_pap_smear, reporting,                        , 25%            ,     0.6763888888888889
       36,   78, waiting_time        , patient, non_pap_smear, reporting,                        , 50%            ,     0.6861111111111111
       36,   78, waiting_time        , patient, non_pap_smear, reporting,                        , 75%            ,     0.6944444444444444
       36,   78, waiting_time        , patient, non_pap_smear, reporting,                        , max            ,     0.8458333333333333
       36,   78, waiting_time        , patient, pap_smear    , screening,                        , count          ,  2227.0
       36,   78, waiting_time        , patient, pap_smear    , screening,                        , mean           ,     0.32713104325699743
       36,   78, waiting_time        , patient, pap_smear    , screening,                        , std            ,     0.3498863907150453
       36,   78, waiting_time        , patient, pap_smear    , screening,                        , min            ,     0.0
       36,   78, waiting_time        , patient, pap_smear    , screening,                        , 25%            ,     0.12048611111111111
       36,   78, waiting_time        , patient, pap_smear    , screening,                        , 50%            ,     0.24305555555555555
       36,   78, waiting_time        , patient, pap_smear    , screening,                        , 75%            ,     0.3090277777777778
       36,   78, waiting_time        , patient, pap_smear    , screening,                        , max            ,     1.3090277777777777
       36,   78, waiting_time        , patient, pap_smear    , reporting,                        , count          ,  2224.0
       36,   78, waiting_time        , patient, pap_smear    , reporting,                        , mean           ,     0.6378569019784173
       36,   78, waiting_time        , patient, pap_smear    , reporting,                        , std            ,     0.18323269317842533
       36,   78, waiting_time        , patient, pap_smear    , reporting,                        , min            ,     0.0
       36,   78, waiting_time        , patient, pap_smear    , reporting,                        , 25%            ,     0.675
       36,   78, waiting_time        , patient, pap_smear    , reporting,                        , 50%            ,     0.6861111111111111
       36,   78, waiting_time        , patient, pap_smear    , reporting,                        , 75%            ,     0.6951388888888889
       36,   78, waiting_time        , patient, pap_smear    , reporting,                        , max            ,     0.8340277777777778
       36,   78, waiting_time        , slide  , all          , fixation ,                        , count          , 13369.0
       36,   78, waiting_time        , slide  , all          , fixation ,                        , mean           ,     0.0
       36,   78, waiting_time        , slide  , all          , fixation ,                        , std            ,     0.0
       36,   78, waiting_time        , slide  , all          , fixation ,                        , min            ,     0.0
       36,   78, waiting_time        , slide  , all          , fixation ,                        , 25%            ,     0.0
       36,   78, waiting_time        , slide  , all          , fixation ,                        , 50%            ,     0.0
       36,   78, waiting_time        , slide  , all          , fixation ,                        , 75%            ,     0.0
       36,   78, waiting_time        , slide  , all          , fixation ,                        , max            ,     0.0
       36,   78, waiting_time        , slide  , all          , staining ,                        , count          , 14080.0
       36,   78, waiting_time        , slide  , all          , staining ,                        , mean           ,     0.16622085108901516
       36,   78, waiting_time        , slide  , all          , staining ,                        , std            ,     0.27983357616447535
       36,   78, waiting_time        , slide  , all          , staining ,                        , min            ,     0.0
       36,   78, waiting_time        , slide  , all          , staining ,                        , 25%            ,     0.011111111111111112
       36,   78, waiting_time        , slide  , all          , staining ,                        , 50%            ,     0.02847222222222222
       36,   78, waiting_time        , slide  , all          , staining ,                        , 75%            ,     0.07847222222222222
       36,   78, waiting_time        , slide  , all          , staining ,                        , max            ,     0.9013888888888889
       36,   78, resource_utilisation,        ,              ,          , Cytotechnicians        , utilisation_pct,    34.63
       36,   78, resource_utilisation,        ,              ,          , Junior Cytopathologists, utilisation_pct,    77.79
       36,   78, resource_utilisation,        ,              ,          , Manual Staining Station, utilisation_pct,    71.81
       36,   78, resource_utilisation,        ,              ,          , Senior Pathologists    , utilisation_pct,    25.39
       37,   79, waiting_time        , patient, non_pap_smear, screening,                        , count          ,  7642.0
       37,   79, waiting_time        , patient, non_pap_smear, screening,                        , mean           ,     0.3162957268312542
       37,   79, waiting_time        , patient, non_pap_smear, screening,                        , std            ,     0.3520543733699518
       37,   79, waiting_time        , patient, non_pap_smear, screening,                        , min            ,     0.0
       37,   79, waiting_time        , patient, non_pap_smear, screening,                        , 25%            ,     0.10833333333333334
       37,   79, waiting_time        , patient, non_pap_smear, screening,                        , 50%            ,     0.21909722222222222
       37,   79, waiting_time        , patient, non_pap_smear, screening,                        , 75%            ,     0.30486111111111114
       37,   79, waiting_time        , patient, non_pap_smear, screening,                        , max            ,     1.3090277777777777
       37,   79, waiting_time        , patient, non_pap_smear, reporting,                        , count          ,  7625.0
       37,   79, waiting_time        , patient, non_pap_smear, reporting,                        , mean           ,     0.6398490892531876
       37,   79, waiting_time        , patient, non_pap_smear, reporting,                        , std            ,     0.17959513832781476
       37,   79, waiting_time        , patient, non_pap_smear, reporting,                        , min            ,     0.0
       37,   79, waiting_time        , patient, non_pap_smear, reporting,                        , 25%            ,     0.6763888888888889
       37,   79, waiting_time        , patient, non_pap_smear, reporting,                        , 50%            ,     0.6861111111111111
       37,   79, waiting_time        , patient, non_pap_smear, reporting,                        , 75%            ,     0.6944444444444444
       37,   79, waiting_time        , patient, non_pap_smear, reporting,                        , max            ,     0.8361111111111111
       37,   79, waiting_time        , patient, pap_smear    , screening,                        , count          ,  2121.0
       37,   79, waiting_time        , patient, pap_smear    , screening,                        , mean           ,     0.34913268112525536
       37,   79, waiting_time        , patient, pap_smear    , screening,                        , std            ,     0.3691262802115351
       37,   79, waiting_time        , patient, pap_smear    , screening,                        , min            ,     0.0
       37,   79, waiting_time        , patient, pap_smear    , screening,                        , 25%            ,     0.1284722222222222
       37,   79, waiting_time        , patient, pap_smear    , screening,                        , 50%            ,     0.24861111111111112
       37,   79, waiting_time        , patient, pap_smear    , screening,                        , 75%            ,     0.3090277777777778
       37,   79, waiting_time        , patient, pap_smear    , screening,                        , max            ,     1.3090277777777777
       37,   79, waiting_time        , patient, pap_smear    , reporting,                        , count          ,  2117.0
       37,   79, waiting_time        , patient, pap_smear    , reporting,                        , mean           ,     0.6332378759250512
       37,   79, waiting_time        , patient, pap_smear    , reporting,                        , std            ,     0.1908262059690047
       37,   79, waiting_time        , patient, pap_smear    , reporting,                        , min            ,     0.0
       37,   79, waiting_time        , patient, pap_smear    , reporting,                        , 25%            ,     0.6756944444444445
       37,   79, waiting_time        , patient, pap_smear    , reporting,                        , 50%            ,     0.6868055555555556
       37,   79, waiting_time        , patient, pap_smear    , reporting,                        , 75%            ,     0.6951388888888889
       37,   79, waiting_time        , patient, pap_smear    , reporting,                        , max            ,     0.8354166666666667
       37,   79, waiting_time        , slide  , all          , fixation ,                        , count          , 12962.0
       37,   79, waiting_time        , slide  , all          , fixation ,                        , mean           ,     0.0
       37,   79, waiting_time        , slide  , all          , fixation ,                        , std            ,     0.0
       37,   79, waiting_time        , slide  , all          , fixation ,                        , min            ,     0.0
       37,   79, waiting_time        , slide  , all          , fixation ,                        , 25%            ,     0.0
       37,   79, waiting_time        , slide  , all          , fixation ,                        , 50%            ,     0.0
       37,   79, waiting_time        , slide  , all          , fixation ,                        , 75%            ,     0.0
       37,   79, waiting_time        , slide  , all          , fixation ,                        , max            ,     0.0
       37,   79, waiting_time        , slide  , all          , staining ,                        , count          , 13656.0
       37,   79, waiting_time        , slide  , all          , staining ,                        , mean           ,     0.1585911565123999
       37,   79, waiting_time        , slide  , all          , staining ,                        , std            ,     0.2734801619002188
       37,   79, waiting_time        , slide  , all          , staining ,                        , min            ,     0.0
       37,   79, waiting_time        , slide  , all          , staining ,                        , 25%            ,     0.010416666666666666
       37,   79, waiting_time        , slide  , all          , staining ,                        , 50%            ,     0.027777777777777776
       37,   79, waiting_time        , slide  , all          , staining ,                        , 75%            ,     0.07361111111111111
       37,   79, waiting_time        , slide  , all          , staining ,                        , max            ,     0.9638888888888889
       37,   79, resource_utilisation,        ,              ,          , Cytotechnicians        , utilisation_pct,    33.15
       37,   79, resource_utilisation,        ,              ,          , Junior Cytopathologists, utilisation_pct,    75.93
       37,   79, resource_utilisation,        ,              ,          , Manual Staining Station, utilisation_pct,    69.96
       37,   79, resource_utilisation,        ,              ,          , Senior Pathologists    , utilisation_pct,    24.72
       38,   80, waiting_time        , patient, non_pap_smear, screening,                        , count          ,  7696.0
       38,   80, waiting_time        , patient, non_pap_smear, screening,                        , mean           ,     0.3208510192885193
       38,   80, waiting_time        , patient, non_pap_smear, screening,                        , std            ,     0.3577593357076457
       38,   80, waiting_time        , patient, non_pap_smear, screening,                        , min            ,     0.0
       38,   80, waiting_time        , patient, non_pap_smear, screening,                        , 25%            ,     0.10694444444444444
       38,   80, waiting_time        , patient, non_pap_smear, screening,                        , 50%            ,     0.21666666666666667
       38,   80, waiting_time        , patient, non_pap_smear, screening,                        , 75%            ,     0.3090277777777778
       38,   80, waiting_time        , patient, non_pap_smear, screening,                        , max            ,     1.3090277777777777
       38,   80, waiting_time        , patient, non_pap_smear, reporting,                        , count          ,  7681.0
       38,   80, waiting_time        , patient, non_pap_smear, reporting,                        , mean           ,     0.638198874567837
       38,   80, waiting_time        , patient, non_pap_smear, reporting,                        , std            ,     0.18437273766867668
       38,   80, waiting_time        , patient, non_pap_smear, reporting,                        , min            ,     0.0
       38,   80, waiting_time        , patient, non_pap_smear, reporting,                        , 25%            ,     0.6756944444444445
       38,   80, waiting_time        , patient, non_pap_smear, reporting,                        , 50%            ,     0.6861111111111111
       38,   80, waiting_time        , patient, non_pap_smear, reporting,                        , 75%            ,     0.6944444444444444
       38,   80, waiting_time        , patient, non_pap_smear, reporting,                        , max            ,     0.8375
       38,   80, waiting_time        , patient, pap_smear    , screening,                        , count          ,  2185.0
       38,   80, waiting_time        , patient, pap_smear    , screening,                        , mean           ,     0.3190713196033562
       38,   80, waiting_time        , patient, pap_smear    , screening,                        , std            ,     0.3453104424542606
       38,   80, waiting_time        , patient, pap_smear    , screening,                        , min            ,     0.0
       38,   80, waiting_time        , patient, pap_smear    , screening,                        , 25%            ,     0.11805555555555555
       38,   80, waiting_time        , patient, pap_smear    , screening,                        , 50%            ,     0.23541666666666666
       38,   80, waiting_time        , patient, pap_smear    , screening,                        , 75%            ,     0.30694444444444446
       38,   80, waiting_time        , patient, pap_smear    , screening,                        , max            ,     1.3090277777777777
       38,   80, waiting_time        , patient, pap_smear    , reporting,                        , count          ,  2173.0
       38,   80, waiting_time        , patient, pap_smear    , reporting,                        , mean           ,     0.6313979649230455
       38,   80, waiting_time        , patient, pap_smear    , reporting,                        , std            ,     0.1941564621761678
       38,   80, waiting_time        , patient, pap_smear    , reporting,                        , min            ,     0.0
       38,   80, waiting_time        , patient, pap_smear    , reporting,                        , 25%            ,     0.675
       38,   80, waiting_time        , patient, pap_smear    , reporting,                        , 50%            ,     0.6861111111111111
       38,   80, waiting_time        , patient, pap_smear    , reporting,                        , 75%            ,     0.6944444444444444
       38,   80, waiting_time        , patient, pap_smear    , reporting,                        , max            ,     0.8395833333333333
       38,   80, waiting_time        , slide  , all          , fixation ,                        , count          , 13218.0
       38,   80, waiting_time        , slide  , all          , fixation ,                        , mean           ,     0.0
       38,   80, waiting_time        , slide  , all          , fixation ,                        , std            ,     0.0
       38,   80, waiting_time        , slide  , all          , fixation ,                        , min            ,     0.0
       38,   80, waiting_time        , slide  , all          , fixation ,                        , 25%            ,     0.0
       38,   80, waiting_time        , slide  , all          , fixation ,                        , 50%            ,     0.0
       38,   80, waiting_time        , slide  , all          , fixation ,                        , 75%            ,     0.0
       38,   80, waiting_time        , slide  , all          , fixation ,                        , max            ,     0.0
       38,   80, waiting_time        , slide  , all          , staining ,                        , count          , 13956.0
       38,   80, waiting_time        , slide  , all          , staining ,                        , mean           ,     0.1632163386516353
       38,   80, waiting_time        , slide  , all          , staining ,                        , std            ,     0.2772580787074129
       38,   80, waiting_time        , slide  , all          , staining ,                        , min            ,     0.0
       38,   80, waiting_time        , slide  , all          , staining ,                        , 25%            ,     0.010416666666666666
       38,   80, waiting_time        , slide  , all          , staining ,                        , 50%            ,     0.02847222222222222
       38,   80, waiting_time        , slide  , all          , staining ,                        , 75%            ,     0.07430555555555556
       38,   80, waiting_time        , slide  , all          , staining ,                        , max            ,     0.9298611111111111
       38,   80, resource_utilisation,        ,              ,          , Cytotechnicians        , utilisation_pct,    34.59
       38,   80, resource_utilisation,        ,              ,          , Junior Cytopathologists, utilisation_pct,    77.34
       38,   80, resource_utilisation,        ,              ,          , Manual Staining Station, utilisation_pct,    71.48
       38,   80, resource_utilisation,        ,              ,          , Senior Pathologists    , utilisation_pct,    25.09
       39,   81, waiting_time        , patient, non_pap_smear, screening,                        , count          ,  7670.0
       39,   81, waiting_time        , patient, non_pap_smear, screening,                        , mean           ,     0.3090163696943358
       39,   81, waiting_time        , patient, non_pap_smear, screening,                        , std            ,     0.34605619055252257
       39,   81, waiting_time        , patient, non_pap_smear, screening,                        , min            ,     0.0
       39,   81, waiting_time        , patient, non_pap_smear, screening,                        , 25%            ,     0.10555555555555556
       39,   81, waiting_time        , patient, non_pap_smear, screening,                        , 50%            ,     0.2152777777777778
       39,   81, waiting_time        , patient, non_pap_smear, screening,                        , 75%            ,     0.3055555555555556
       39,   81, waiting_time        , patient, non_pap_smear, screening,                        , max            ,     1.3090277777777777
       39,   81, waiting_time        , patient, non_pap_smear, reporting,                        , count          ,  7650.0
       39,   81, waiting_time        , patient, non_pap_smear, reporting,                        , mean           ,     0.6390314088598402
       39,   81, waiting_time        , patient, non_pap_smear, reporting,                        , std            ,     0.18340092350542342
       39,   81, waiting_time        , patient, non_pap_smear, reporting,                        , min            ,     0.0
       39,   81, waiting_time        , patient, non_pap_smear, reporting,                        , 25%            ,     0.6763888888888889
       39,   81, waiting_time        , patient, non_pap_smear, reporting,                        , 50%            ,     0.6861111111111111
       39,   81, waiting_time        , patient, non_pap_smear, reporting,                        , 75%            ,     0.6944444444444444
       39,   81, waiting_time        , patient, non_pap_smear, reporting,                        , max            ,     0.8388888888888889
       39,   81, waiting_time        , patient, pap_smear    , screening,                        , count          ,  2218.0
       39,   81, waiting_time        , patient, pap_smear    , screening,                        , mean           ,     0.33313295260995895
       39,   81, waiting_time        , patient, pap_smear    , screening,                        , std            ,     0.3627767912413405
       39,   81, waiting_time        , patient, pap_smear    , screening,                        , min            ,     0.0
       39,   81, waiting_time        , patient, pap_smear    , screening,                        , 25%            ,     0.11736111111111111
       39,   81, waiting_time        , patient, pap_smear    , screening,                        , 50%            ,     0.23402777777777778
       39,   81, waiting_time        , patient, pap_smear    , screening,                        , 75%            ,     0.3090277777777778
       39,   81, waiting_time        , patient, pap_smear    , screening,                        , max            ,     1.3090277777777777
       39,   81, waiting_time        , patient, pap_smear    , reporting,                        , count          ,  2212.0
       39,   81, waiting_time        , patient, pap_smear    , reporting,                        , mean           ,     0.6377495855937312
       39,   81, waiting_time        , patient, pap_smear    , reporting,                        , std            ,     0.18627313321729536
       39,   81, waiting_time        , patient, pap_smear    , reporting,                        , min            ,     0.0
       39,   81, waiting_time        , patient, pap_smear    , reporting,                        , 25%            ,     0.6763888888888889
       39,   81, waiting_time        , patient, pap_smear    , reporting,                        , 50%            ,     0.6868055555555556
       39,   81, waiting_time        , patient, pap_smear    , reporting,                        , 75%            ,     0.6958333333333333
       39,   81, waiting_time        , patient, pap_smear    , reporting,                        , max            ,     0.8333333333333334
       39,   81, waiting_time        , slide  , all          , fixation ,                        , count          , 13223.0
       39,   81, waiting_time        , slide  , all          , fixation ,                        , mean           ,     0.0
       39,   81, waiting_time        , slide  , all          , fixation ,                        , std            ,     0.0
       39,   81, waiting_time        , slide  , all          , fixation ,                        , min            ,     0.0
       39,   81, waiting_time        , slide  , all          , fixation ,                        , 25%            ,     0.0
       39,   81, waiting_time        , slide  , all          , fixation ,                        , 50%            ,     0.0
       39,   81, waiting_time        , slide  , all          , fixation ,                        , 75%            ,     0.0
       39,   81, waiting_time        , slide  , all          , fixation ,                        , max            ,     0.0
       39,   81, waiting_time        , slide  , all          , staining ,                        , count          , 13959.0
       39,   81, waiting_time        , slide  , all          , staining ,                        , mean           ,     0.1578221139686861
       39,   81, waiting_time        , slide  , all          , staining ,                        , std            ,     0.27354866362595454
       39,   81, waiting_time        , slide  , all          , staining ,                        , min            ,     0.0
       39,   81, waiting_time        , slide  , all          , staining ,                        , 25%            ,     0.010416666666666666
       39,   81, waiting_time        , slide  , all          , staining ,                        , 50%            ,     0.027083333333333334
       39,   81, waiting_time        , slide  , all          , staining ,                        , 75%            ,     0.06875
       39,   81, waiting_time        , slide  , all          , staining ,                        , max            ,     0.9159722222222222
       39,   81, resource_utilisation,        ,              ,          , Cytotechnicians        , utilisation_pct,    34.17
       39,   81, resource_utilisation,        ,              ,          , Junior Cytopathologists, utilisation_pct,    77.27
       39,   81, resource_utilisation,        ,              ,          , Manual Staining Station, utilisation_pct,    72.09
       39,   81, resource_utilisation,        ,              ,          , Senior Pathologists    , utilisation_pct,    25.37
       40,   82, waiting_time        , patient, non_pap_smear, screening,                        , count          ,  7644.0
       40,   82, waiting_time        , patient, non_pap_smear, screening,                        , mean           ,     0.30360903976975406
       40,   82, waiting_time        , patient, non_pap_smear, screening,                        , std            ,     0.3372719221169292
       40,   82, waiting_time        , patient, non_pap_smear, screening,                        , min            ,     0.0
       40,   82, waiting_time        , patient, non_pap_smear, screening,                        , 25%            ,     0.10902777777777778
       40,   82, waiting_time        , patient, non_pap_smear, screening,                        , 50%            ,     0.2152777777777778
       40,   82, waiting_time        , patient, non_pap_smear, screening,                        , 75%            ,     0.3013888888888889
       40,   82, waiting_time        , patient, non_pap_smear, screening,                        , max            ,     1.3090277777777777
       40,   82, waiting_time        , patient, non_pap_smear, reporting,                        , count          ,  7614.0
       40,   82, waiting_time        , patient, non_pap_smear, reporting,                        , mean           ,     0.6392757858331144
       40,   82, waiting_time        , patient, non_pap_smear, reporting,                        , std            ,     0.1811729184662803
       40,   82, waiting_time        , patient, non_pap_smear, reporting,                        , min            ,     0.0
       40,   82, waiting_time        , patient, non_pap_smear, reporting,                        , 25%            ,     0.6763888888888889
       40,   82, waiting_time        , patient, non_pap_smear, reporting,                        , 50%            ,     0.6861111111111111
       40,   82, waiting_time        , patient, non_pap_smear, reporting,                        , 75%            ,     0.6944444444444444
       40,   82, waiting_time        , patient, non_pap_smear, reporting,                        , max            ,     0.8381944444444445
       40,   82, waiting_time        , patient, pap_smear    , screening,                        , count          ,  2207.0
       40,   82, waiting_time        , patient, pap_smear    , screening,                        , mean           ,     0.3147891179580124
       40,   82, waiting_time        , patient, pap_smear    , screening,                        , std            ,     0.3445091395813623
       40,   82, waiting_time        , patient, pap_smear    , screening,                        , min            ,     0.0
       40,   82, waiting_time        , patient, pap_smear    , screening,                        , 25%            ,     0.11597222222222223
       40,   82, waiting_time        , patient, pap_smear    , screening,                        , 50%            ,     0.23194444444444445
       40,   82, waiting_time        , patient, pap_smear    , screening,                        , 75%            ,     0.2986111111111111
       40,   82, waiting_time        , patient, pap_smear    , screening,                        , max            ,     1.3090277777777777
       40,   82, waiting_time        , patient, pap_smear    , reporting,                        , count          ,  2204.0
       40,   82, waiting_time        , patient, pap_smear    , reporting,                        , mean           ,     0.6353441974188345
       40,   82, waiting_time        , patient, pap_smear    , reporting,                        , std            ,     0.18922785329145062
       40,   82, waiting_time        , patient, pap_smear    , reporting,                        , min            ,     0.0
       40,   82, waiting_time        , patient, pap_smear    , reporting,                        , 25%            ,     0.6763888888888889
       40,   82, waiting_time        , patient, pap_smear    , reporting,                        , 50%            ,     0.6868055555555556
       40,   82, waiting_time        , patient, pap_smear    , reporting,                        , 75%            ,     0.6951388888888889
       40,   82, waiting_time        , patient, pap_smear    , reporting,                        , max            ,     0.8388888888888889
       40,   82, waiting_time        , slide  , all          , fixation ,                        , count          , 13041.0
       40,   82, waiting_time        , slide  , all          , fixation ,                        , mean           ,     0.0
       40,   82, waiting_time        , slide  , all          , fixation ,                        , std            ,     0.0
       40,   82, waiting_time        , slide  , all          , fixation ,                        , min            ,     0.0
       40,   82, waiting_time        , slide  , all          , fixation ,                        , 25%            ,     0.0
       40,   82, waiting_time        , slide  , all          , fixation ,                        , 50%            ,     0.0
       40,   82, waiting_time        , slide  , all          , fixation ,                        , 75%            ,     0.0
       40,   82, waiting_time        , slide  , all          , fixation ,                        , max            ,     0.0
       40,   82, waiting_time        , slide  , all          , staining ,                        , count          , 13761.0
       40,   82, waiting_time        , slide  , all          , staining ,                        , mean           ,     0.15867462595580104
       40,   82, waiting_time        , slide  , all          , staining ,                        , std            ,     0.2753555938101189
       40,   82, waiting_time        , slide  , all          , staining ,                        , min            ,     0.0
       40,   82, waiting_time        , slide  , all          , staining ,                        , 25%            ,     0.010416666666666666
       40,   82, waiting_time        , slide  , all          , staining ,                        , 50%            ,     0.027083333333333334
       40,   82, waiting_time        , slide  , all          , staining ,                        , 75%            ,     0.06666666666666667
       40,   82, waiting_time        , slide  , all          , staining ,                        , max            ,     0.9722222222222222
       40,   82, resource_utilisation,        ,              ,          , Cytotechnicians        , utilisation_pct,    34.04
       40,   82, resource_utilisation,        ,              ,          , Junior Cytopathologists, utilisation_pct,    76.81
       40,   82, resource_utilisation,        ,              ,          , Manual Staining Station, utilisation_pct,    70.76
       40,   82, resource_utilisation,        ,              ,          , Senior Pathologists    , utilisation_pct,    24.89
       41,   83, waiting_time        , patient, non_pap_smear, screening,                        , count          ,  7678.0
       41,   83, waiting_time        , patient, non_pap_smear, screening,                        , mean           ,     0.3011254196694741
       41,   83, waiting_time        , patient, non_pap_smear, screening,                        , std            ,     0.33979378012326544
       41,   83, waiting_time        , patient, non_pap_smear, screening,                        , min            ,     0.0
       41,   83, waiting_time        , patient, non_pap_smear, screening,                        , 25%            ,     0.10555555555555556
       41,   83, waiting_time        , patient, non_pap_smear, screening,                        , 50%            ,     0.21041666666666667
       41,   83, waiting_time        , patient, non_pap_smear, screening,                        , 75%            ,     0.2965277777777778
       41,   83, waiting_time        , patient, non_pap_smear, screening,                        , max            ,     1.3090277777777777
       41,   83, waiting_time        , patient, non_pap_smear, reporting,                        , count          ,  7650.0
       41,   83, waiting_time        , patient, non_pap_smear, reporting,                        , mean           ,     0.6377605301379812
       41,   83, waiting_time        , patient, non_pap_smear, reporting,                        , std            ,     0.18434332802399175
       41,   83, waiting_time        , patient, non_pap_smear, reporting,                        , min            ,     0.0
       41,   83, waiting_time        , patient, non_pap_smear, reporting,                        , 25%            ,     0.6763888888888889
       41,   83, waiting_time        , patient, non_pap_smear, reporting,                        , 50%            ,     0.6861111111111111
       41,   83, waiting_time        , patient, non_pap_smear, reporting,                        , 75%            ,     0.6944444444444444
       41,   83, waiting_time        , patient, non_pap_smear, reporting,                        , max            ,     0.8347222222222223
       41,   83, waiting_time        , patient, pap_smear    , screening,                        , count          ,  2184.0
       41,   83, waiting_time        , patient, pap_smear    , screening,                        , mean           ,     0.3080652854090354
       41,   83, waiting_time        , patient, pap_smear    , screening,                        , std            ,     0.3436446810193143
       41,   83, waiting_time        , patient, pap_smear    , screening,                        , min            ,     0.0
       41,   83, waiting_time        , patient, pap_smear    , screening,                        , 25%            ,     0.11180555555555556
       41,   83, waiting_time        , patient, pap_smear    , screening,                        , 50%            ,     0.22013888888888888
       41,   83, waiting_time        , patient, pap_smear    , screening,                        , 75%            ,     0.29583333333333334
       41,   83, waiting_time        , patient, pap_smear    , screening,                        , max            ,     1.3090277777777777
       41,   83, waiting_time        , patient, pap_smear    , reporting,                        , count          ,  2179.0
       41,   83, waiting_time        , patient, pap_smear    , reporting,                        , mean           ,     0.6329050022946305
       41,   83, waiting_time        , patient, pap_smear    , reporting,                        , std            ,     0.1912496599361139
       41,   83, waiting_time        , patient, pap_smear    , reporting,                        , min            ,     0.0
       41,   83, waiting_time        , patient, pap_smear    , reporting,                        , 25%            ,     0.6756944444444445
       41,   83, waiting_time        , patient, pap_smear    , reporting,                        , 50%            ,     0.6861111111111111
       41,   83, waiting_time        , patient, pap_smear    , reporting,                        , 75%            ,     0.6951388888888889
       41,   83, waiting_time        , patient, pap_smear    , reporting,                        , max            ,     0.8326388888888889
       41,   83, waiting_time        , slide  , all          , fixation ,                        , count          , 13348.0
       41,   83, waiting_time        , slide  , all          , fixation ,                        , mean           ,     0.0
       41,   83, waiting_time        , slide  , all          , fixation ,                        , std            ,     0.0
       41,   83, waiting_time        , slide  , all          , fixation ,                        , min            ,     0.0
       41,   83, waiting_time        , slide  , all          , fixation ,                        , 25%            ,     0.0
       41,   83, waiting_time        , slide  , all          , fixation ,                        , 50%            ,     0.0
       41,   83, waiting_time        , slide  , all          , fixation ,                        , 75%            ,     0.0
       41,   83, waiting_time        , slide  , all          , fixation ,                        , max            ,     0.0
       41,   83, waiting_time        , slide  , all          , staining ,                        , count          , 14073.0
       41,   83, waiting_time        , slide  , all          , staining ,                        , mean           ,     0.159795254111498
       41,   83, waiting_time        , slide  , all          , staining ,                        , std            ,     0.2740479824412117
       41,   83, waiting_time        , slide  , all          , staining ,                        , min            ,     0.0
       41,   83, waiting_time        , slide  , all          , staining ,                        , 25%            ,     0.010416666666666666
       41,   83, waiting_time        , slide  , all          , staining ,                        , 50%            ,     0.027777777777777776
       41,   83, waiting_time        , slide  , all          , staining ,                        , 75%            ,     0.07361111111111111
       41,   83, waiting_time        , slide  , all          , staining ,                        , max            ,     0.9395833333333333
       41,   83, resource_utilisation,        ,              ,          , Cytotechnicians        , utilisation_pct,    34.84
       41,   83, resource_utilisation,        ,              ,          , Junior Cytopathologists, utilisation_pct,    77.95
       41,   83, resource_utilisation,        ,              ,          , Manual Staining Station, utilisation_pct,    72.02
       41,   83, resource_utilisation,        ,              ,          , Senior Pathologists    , utilisation_pct,    25.41
       42,   84, waiting_time        , patient, non_pap_smear, screening,                        , count          ,  7643.0
       42,   84, waiting_time        , patient, non_pap_smear, screening,                        , mean           ,     0.31110193423175897
       42,   84, waiting_time        , patient, non_pap_smear, screening,                        , std            ,     0.3464805813289237
       42,   84, waiting_time        , patient, non_pap_smear, screening,                        , min            ,     0.0
       42,   84, waiting_time        , patient, non_pap_smear, screening,                        , 25%            ,     0.10694444444444444
       42,   84, waiting_time        , patient, non_pap_smear, screening,                        , 50%            ,     0.21597222222222223
       42,   84, waiting_time        , patient, non_pap_smear, screening,                        , 75%            ,     0.30694444444444446
       42,   84, waiting_time        , patient, non_pap_smear, screening,                        , max            ,     1.3090277777777777
       42,   84, waiting_time        , patient, non_pap_smear, reporting,                        , count          ,  7614.0
       42,   84, waiting_time        , patient, non_pap_smear, reporting,                        , mean           ,     0.6352026055803637
       42,   84, waiting_time        , patient, non_pap_smear, reporting,                        , std            ,     0.18878862073394584
       42,   84, waiting_time        , patient, non_pap_smear, reporting,                        , min            ,     0.0
       42,   84, waiting_time        , patient, non_pap_smear, reporting,                        , 25%            ,     0.6756944444444445
       42,   84, waiting_time        , patient, non_pap_smear, reporting,                        , 50%            ,     0.6854166666666667
       42,   84, waiting_time        , patient, non_pap_smear, reporting,                        , 75%            ,     0.69375
       42,   84, waiting_time        , patient, non_pap_smear, reporting,                        , max            ,     0.8423611111111111
       42,   84, waiting_time        , patient, pap_smear    , screening,                        , count          ,  2132.0
       42,   84, waiting_time        , patient, pap_smear    , screening,                        , mean           ,     0.3246846987700646
       42,   84, waiting_time        , patient, pap_smear    , screening,                        , std            ,     0.34746268802501645
       42,   84, waiting_time        , patient, pap_smear    , screening,                        , min            ,     0.0
       42,   84, waiting_time        , patient, pap_smear    , screening,                        , 25%            ,     0.12638888888888888
       42,   84, waiting_time        , patient, pap_smear    , screening,                        , 50%            ,     0.23923611111111112
       42,   84, waiting_time        , patient, pap_smear    , screening,                        , 75%            ,     0.30625
       42,   84, waiting_time        , patient, pap_smear    , screening,                        , max            ,     1.3090277777777777
       42,   84, waiting_time        , patient, pap_smear    , reporting,                        , count          ,  2127.0
       42,   84, waiting_time        , patient, pap_smear    , reporting,                        , mean           ,     0.637300188058298
       42,   84, waiting_time        , patient, pap_smear    , reporting,                        , std            ,     0.18437647537142152
       42,   84, waiting_time        , patient, pap_smear    , reporting,                        , min            ,     0.0
       42,   84, waiting_time        , patient, pap_smear    , reporting,                        , 25%            ,     0.6770833333333334
       42,   84, waiting_time        , patient, pap_smear    , reporting,                        , 50%            ,     0.6861111111111111
       42,   84, waiting_time        , patient, pap_smear    , reporting,                        , 75%            ,     0.6951388888888889
       42,   84, waiting_time        , patient, pap_smear    , reporting,                        , max            ,     0.8375
       42,   84, waiting_time        , slide  , all          , fixation ,                        , count          , 12969.0
       42,   84, waiting_time        , slide  , all          , fixation ,                        , mean           ,     0.0
       42,   84, waiting_time        , slide  , all          , fixation ,                        , std            ,     0.0
       42,   84, waiting_time        , slide  , all          , fixation ,                        , min            ,     0.0
       42,   84, waiting_time        , slide  , all          , fixation ,                        , 25%            ,     0.0
       42,   84, waiting_time        , slide  , all          , fixation ,                        , 50%            ,     0.0
       42,   84, waiting_time        , slide  , all          , fixation ,                        , 75%            ,     0.0
       42,   84, waiting_time        , slide  , all          , fixation ,                        , max            ,     0.0
       42,   84, waiting_time        , slide  , all          , staining ,                        , count          , 13726.0
       42,   84, waiting_time        , slide  , all          , staining ,                        , mean           ,     0.1624476358735247
       42,   84, waiting_time        , slide  , all          , staining ,                        , std            ,     0.2757225123927913
       42,   84, waiting_time        , slide  , all          , staining ,                        , min            ,     0.0
       42,   84, waiting_time        , slide  , all          , staining ,                        , 25%            ,     0.010416666666666666
       42,   84, waiting_time        , slide  , all          , staining ,                        , 50%            ,     0.029166666666666667
       42,   84, waiting_time        , slide  , all          , staining ,                        , 75%            ,     0.07361111111111111
       42,   84, waiting_time        , slide  , all          , staining ,                        , max            ,     0.8993055555555556
       42,   84, resource_utilisation,        ,              ,          , Cytotechnicians        , utilisation_pct,    34.15
       42,   84, resource_utilisation,        ,              ,          , Junior Cytopathologists, utilisation_pct,    77.04
       42,   84, resource_utilisation,        ,              ,          , Manual Staining Station, utilisation_pct,    71.06
       42,   84, resource_utilisation,        ,              ,          , Senior Pathologists    , utilisation_pct,    24.78
       43,   85, waiting_time        , patient, non_pap_smear, screening,                        , count          ,  7730.0
       43,   85, waiting_time        , patient, non_pap_smear, screening,                        , mean           ,     0.3301994394135403
       43,   85, waiting_time        , patient, non_pap_smear, screening,                        , std            ,     0.3593516614542371
       43,   85, waiting_time        , patient, non_pap_smear, screening,                        , min            ,     0.0
       43,   85, waiting_time        , patient, non_pap_smear, screening,                        , 25%            ,     0.11388888888888889
       43,   85, waiting_time        , patient, non_pap_smear, screening,                        , 50%            ,     0.22777777777777777
       43,   85, waiting_time        , patient, non_pap_smear, screening,                        , 75%            ,     0.3090277777777778
       43,   85, waiting_time        , patient, non_pap_smear, screening,                        , max            ,     1.3090277777777777
       43,   85, waiting_time        , patient, non_pap_smear, reporting,                        , count          ,  7708.0
       43,   85, waiting_time        , patient, non_pap_smear, reporting,                        , mean           ,     0.6378283925791385
       43,   85, waiting_time        , patient, non_pap_smear, reporting,                        , std            ,     0.18254546897892548
       43,   85, waiting_time        , patient, non_pap_smear, reporting,                        , min            ,     0.0
       43,   85, waiting_time        , patient, non_pap_smear, reporting,                        , 25%            ,     0.675
       43,   85, waiting_time        , patient, non_pap_smear, reporting,                        , 50%            ,     0.6854166666666667
       43,   85, waiting_time        , patient, non_pap_smear, reporting,                        , 75%            ,     0.69375
       43,   85, waiting_time        , patient, non_pap_smear, reporting,                        , max            ,     0.8381944444444445
       43,   85, waiting_time        , patient, pap_smear    , screening,                        , count          ,  2235.0
       43,   85, waiting_time        , patient, pap_smear    , screening,                        , mean           ,     0.33489684315187673
       43,   85, waiting_time        , patient, pap_smear    , screening,                        , std            ,     0.3593303186152296
       43,   85, waiting_time        , patient, pap_smear    , screening,                        , min            ,     0.0
       43,   85, waiting_time        , patient, pap_smear    , screening,                        , 25%            ,     0.11944444444444445
       43,   85, waiting_time        , patient, pap_smear    , screening,                        , 50%            ,     0.23958333333333334
       43,   85, waiting_time        , patient, pap_smear    , screening,                        , 75%            ,     0.3090277777777778
       43,   85, waiting_time        , patient, pap_smear    , screening,                        , max            ,     1.3090277777777777
       43,   85, waiting_time        , patient, pap_smear    , reporting,                        , count          ,  2223.0
       43,   85, waiting_time        , patient, pap_smear    , reporting,                        , mean           ,     0.6319775578547507
       43,   85, waiting_time        , patient, pap_smear    , reporting,                        , std            ,     0.1917856288231285
       43,   85, waiting_time        , patient, pap_smear    , reporting,                        , min            ,     0.0
       43,   85, waiting_time        , patient, pap_smear    , reporting,                        , 25%            ,     0.675
       43,   85, waiting_time        , patient, pap_smear    , reporting,                        , 50%            ,     0.6854166666666667
       43,   85, waiting_time        , patient, pap_smear    , reporting,                        , 75%            ,     0.6944444444444444
       43,   85, waiting_time        , patient, pap_smear    , reporting,                        , max            ,     0.8333333333333334
       43,   85, waiting_time        , slide  , all          , fixation ,                        , count          , 13407.0
       43,   85, waiting_time        , slide  , all          , fixation ,                        , mean           ,     0.0
       43,   85, waiting_time        , slide  , all          , fixation ,                        , std            ,     0.0
       43,   85, waiting_time        , slide  , all          , fixation ,                        , min            ,     0.0
       43,   85, waiting_time        , slide  , all          , fixation ,                        , 25%            ,     0.0
       43,   85, waiting_time        , slide  , all          , fixation ,                        , 50%            ,     0.0
       43,   85, waiting_time        , slide  , all          , fixation ,                        , 75%            ,     0.0
       43,   85, waiting_time        , slide  , all          , fixation ,                        , max            ,     0.0
       43,   85, waiting_time        , slide  , all          , staining ,                        , count          , 14172.0
       43,   85, waiting_time        , slide  , all          , staining ,                        , mean           ,     0.1693148853764857
       43,   85, waiting_time        , slide  , all          , staining ,                        , std            ,     0.2820776815484002
       43,   85, waiting_time        , slide  , all          , staining ,                        , min            ,     0.0
       43,   85, waiting_time        , slide  , all          , staining ,                        , 25%            ,     0.010416666666666666
       43,   85, waiting_time        , slide  , all          , staining ,                        , 50%            ,     0.029166666666666667
       43,   85, waiting_time        , slide  , all          , staining ,                        , 75%            ,     0.08541666666666667
       43,   85, waiting_time        , slide  , all          , staining ,                        , max            ,     0.9444444444444444
       43,   85, resource_utilisation,        ,              ,          , Cytotechnicians        , utilisation_pct,    35.76
       43,   85, resource_utilisation,        ,              ,          , Junior Cytopathologists, utilisation_pct,    78.62
       43,   85, resource_utilisation,        ,              ,          , Manual Staining Station, utilisation_pct,    72.8
       43,   85, resource_utilisation,        ,              ,          , Senior Pathologists    , utilisation_pct,    25.64
       44,   86, waiting_time        , patient, non_pap_smear, screening,                        , count          ,  7866.0
       44,   86, waiting_time        , patient, non_pap_smear, screening,                        , mean           ,     0.3329193681667938
       44,   86, waiting_time        , patient, non_pap_smear, screening,                        , std            ,     0.3631825791226745
       44,   86, waiting_time        , patient, non_pap_smear, screening,                        , min            ,     0.0
       44,   86, waiting_time        , patient, non_pap_smear, screening,                        , 25%            ,     0.11388888888888889
       44,   86, waiting_time        , patient, non_pap_smear, screening,                        , 50%            ,     0.22291666666666668
       44,   86, waiting_time        , patient, non_pap_smear, screening,                        , 75%            ,     0.3090277777777778
       44,   86, waiting_time        , patient, non_pap_smear, screening,                        , max            ,     1.3090277777777777
       44,   86, waiting_time        , patient, non_pap_smear, reporting,                        , count          ,  7848.0
       44,   86, waiting_time        , patient, non_pap_smear, reporting,                        , mean           ,     0.6345444522312833
       44,   86, waiting_time        , patient, non_pap_smear, reporting,                        , std            ,     0.1901827692480992
       44,   86, waiting_time        , patient, non_pap_smear, reporting,                        , min            ,     0.0
       44,   86, waiting_time        , patient, non_pap_smear, reporting,                        , 25%            ,     0.6736111111111112
       44,   86, waiting_time        , patient, non_pap_smear, reporting,                        , 50%            ,     0.6847222222222222
       44,   86, waiting_time        , patient, non_pap_smear, reporting,                        , 75%            ,     0.69375
       44,   86, waiting_time        , patient, non_pap_smear, reporting,                        , max            ,     0.8416666666666667
       44,   86, waiting_time        , patient, pap_smear    , screening,                        , count          ,  2282.0
       44,   86, waiting_time        , patient, pap_smear    , screening,                        , mean           ,     0.35572414548641546
       44,   86, waiting_time        , patient, pap_smear    , screening,                        , std            ,     0.37383661747625013
       44,   86, waiting_time        , patient, pap_smear    , screening,                        , min            ,     0.0
       44,   86, waiting_time        , patient, pap_smear    , screening,                        , 25%            ,     0.12708333333333333
       44,   86, waiting_time        , patient, pap_smear    , screening,                        , 50%            ,     0.24791666666666667
       44,   86, waiting_time        , patient, pap_smear    , screening,                        , 75%            ,     0.3116319444444444
       44,   86, waiting_time        , patient, pap_smear    , screening,                        , max            ,     1.3090277777777777
       44,   86, waiting_time        , patient, pap_smear    , reporting,                        , count          ,  2272.0
       44,   86, waiting_time        , patient, pap_smear    , reporting,                        , mean           ,     0.640343187597809
       44,   86, waiting_time        , patient, pap_smear    , reporting,                        , std            ,     0.17848314032875506
       44,   86, waiting_time        , patient, pap_smear    , reporting,                        , min            ,     0.0
       44,   86, waiting_time        , patient, pap_smear    , reporting,                        , 25%            ,     0.6743055555555556
       44,   86, waiting_time        , patient, pap_smear    , reporting,                        , 50%            ,     0.6854166666666667
       44,   86, waiting_time        , patient, pap_smear    , reporting,                        , 75%            ,     0.6944444444444444
       44,   86, waiting_time        , patient, pap_smear    , reporting,                        , max            ,     0.8395833333333333
       44,   86, waiting_time        , slide  , all          , fixation ,                        , count          , 13543.0
       44,   86, waiting_time        , slide  , all          , fixation ,                        , mean           ,     0.0
       44,   86, waiting_time        , slide  , all          , fixation ,                        , std            ,     0.0
       44,   86, waiting_time        , slide  , all          , fixation ,                        , min            ,     0.0
       44,   86, waiting_time        , slide  , all          , fixation ,                        , 25%            ,     0.0
       44,   86, waiting_time        , slide  , all          , fixation ,                        , 50%            ,     0.0
       44,   86, waiting_time        , slide  , all          , fixation ,                        , 75%            ,     0.0
       44,   86, waiting_time        , slide  , all          , fixation ,                        , max            ,     0.0
       44,   86, waiting_time        , slide  , all          , staining ,                        , count          , 14401.0
       44,   86, waiting_time        , slide  , all          , staining ,                        , mean           ,     0.16360553665254726
       44,   86, waiting_time        , slide  , all          , staining ,                        , std            ,     0.2769963234167715
       44,   86, waiting_time        , slide  , all          , staining ,                        , min            ,     0.0
       44,   86, waiting_time        , slide  , all          , staining ,                        , 25%            ,     0.010416666666666666
       44,   86, waiting_time        , slide  , all          , staining ,                        , 50%            ,     0.02847222222222222
       44,   86, waiting_time        , slide  , all          , staining ,                        , 75%            ,     0.075
       44,   86, waiting_time        , slide  , all          , staining ,                        , max            ,     0.9256944444444445
       44,   86, resource_utilisation,        ,              ,          , Cytotechnicians        , utilisation_pct,    36.36
       44,   86, resource_utilisation,        ,              ,          , Junior Cytopathologists, utilisation_pct,    81.0
       44,   86, resource_utilisation,        ,              ,          , Manual Staining Station, utilisation_pct,    74.42
       44,   86, resource_utilisation,        ,              ,          , Senior Pathologists    , utilisation_pct,    25.89
       45,   87, waiting_time        , patient, non_pap_smear, screening,                        , count          ,  7655.0
       45,   87, waiting_time        , patient, non_pap_smear, screening,                        , mean           ,     0.30623321721460195
       45,   87, waiting_time        , patient, non_pap_smear, screening,                        , std            ,     0.3437837983747158
       45,   87, waiting_time        , patient, non_pap_smear, screening,                        , min            ,     0.0
       45,   87, waiting_time        , patient, non_pap_smear, screening,                        , 25%            ,     0.10972222222222222
       45,   87, waiting_time        , patient, non_pap_smear, screening,                        , 50%            ,     0.21319444444444444
       45,   87, waiting_time        , patient, non_pap_smear, screening,                        , 75%            ,     0.3020833333333333
       45,   87, waiting_time        , patient, non_pap_smear, screening,                        , max            ,     1.3090277777777777
       45,   87, waiting_time        , patient, non_pap_smear, reporting,                        , count          ,  7625.0
       45,   87, waiting_time        , patient, non_pap_smear, reporting,                        , mean           ,     0.642144262295082
       45,   87, waiting_time        , patient, non_pap_smear, reporting,                        , std            ,     0.17783437154816167
       45,   87, waiting_time        , patient, non_pap_smear, reporting,                        , min            ,     0.0
       45,   87, waiting_time        , patient, non_pap_smear, reporting,                        , 25%            ,     0.6770833333333334
       45,   87, waiting_time        , patient, non_pap_smear, reporting,                        , 50%            ,     0.6861111111111111
       45,   87, waiting_time        , patient, non_pap_smear, reporting,                        , 75%            ,     0.6944444444444444
       45,   87, waiting_time        , patient, non_pap_smear, reporting,                        , max            ,     0.8381944444444445
       45,   87, waiting_time        , patient, pap_smear    , screening,                        , count          ,  2170.0
       45,   87, waiting_time        , patient, pap_smear    , screening,                        , mean           ,     0.31782386072708657
       45,   87, waiting_time        , patient, pap_smear    , screening,                        , std            ,     0.34296379584534675
       45,   87, waiting_time        , patient, pap_smear    , screening,                        , min            ,     0.0
       45,   87, waiting_time        , patient, pap_smear    , screening,                        , 25%            ,     0.12083333333333333
       45,   87, waiting_time        , patient, pap_smear    , screening,                        , 50%            ,     0.2388888888888889
       45,   87, waiting_time        , patient, pap_smear    , screening,                        , 75%            ,     0.3090277777777778
       45,   87, waiting_time        , patient, pap_smear    , screening,                        , max            ,     1.3090277777777777
       45,   87, waiting_time        , patient, pap_smear    , reporting,                        , count          ,  2166.0
       45,   87, waiting_time        , patient, pap_smear    , reporting,                        , mean           ,     0.6320576202934236
       45,   87, waiting_time        , patient, pap_smear    , reporting,                        , std            ,     0.1913848147978636
       45,   87, waiting_time        , patient, pap_smear    , reporting,                        , min            ,     0.0
       45,   87, waiting_time        , patient, pap_smear    , reporting,                        , 25%            ,     0.6763888888888889
       45,   87, waiting_time        , patient, pap_smear    , reporting,                        , 50%            ,     0.6861111111111111
       45,   87, waiting_time        , patient, pap_smear    , reporting,                        , 75%            ,     0.6944444444444444
       45,   87, waiting_time        , patient, pap_smear    , reporting,                        , max            ,     0.8333333333333334
       45,   87, waiting_time        , slide  , all          , fixation ,                        , count          , 13083.0
       45,   87, waiting_time        , slide  , all          , fixation ,                        , mean           ,     0.0
       45,   87, waiting_time        , slide  , all          , fixation ,                        , std            ,     0.0
       45,   87, waiting_time        , slide  , all          , fixation ,                        , min            ,     0.0
       45,   87, waiting_time        , slide  , all          , fixation ,                        , 25%            ,     0.0
       45,   87, waiting_time        , slide  , all          , fixation ,                        , 50%            ,     0.0
       45,   87, waiting_time        , slide  , all          , fixation ,                        , 75%            ,     0.0
       45,   87, waiting_time        , slide  , all          , fixation ,                        , max            ,     0.0
       45,   87, waiting_time        , slide  , all          , staining ,                        , count          , 13848.0
       45,   87, waiting_time        , slide  , all          , staining ,                        , mean           ,     0.15856070270877462
       45,   87, waiting_time        , slide  , all          , staining ,                        , std            ,     0.27471676128401973
       45,   87, waiting_time        , slide  , all          , staining ,                        , min            ,     0.0
       45,   87, waiting_time        , slide  , all          , staining ,                        , 25%            ,     0.010416666666666666
       45,   87, waiting_time        , slide  , all          , staining ,                        , 50%            ,     0.025694444444444443
       45,   87, waiting_time        , slide  , all          , staining ,                        , 75%            ,     0.06527777777777778
       45,   87, waiting_time        , slide  , all          , staining ,                        , max            ,     0.9229166666666667
       45,   87, resource_utilisation,        ,              ,          , Cytotechnicians        , utilisation_pct,    33.25
       45,   87, resource_utilisation,        ,              ,          , Junior Cytopathologists, utilisation_pct,    77.11
       45,   87, resource_utilisation,        ,              ,          , Manual Staining Station, utilisation_pct,    71.39
       45,   87, resource_utilisation,        ,              ,          , Senior Pathologists    , utilisation_pct,    25.13
       46,   88, waiting_time        , patient, non_pap_smear, screening,                        , count          ,  7665.0
       46,   88, waiting_time        , patient, non_pap_smear, screening,                        , mean           ,     0.3111012357758933
       46,   88, waiting_time        , patient, non_pap_smear, screening,                        , std            ,     0.34559289559840467
       46,   88, waiting_time        , patient, non_pap_smear, screening,                        , min            ,     0.0
       46,   88, waiting_time        , patient, non_pap_smear, screening,                        , 25%            ,     0.10972222222222222
       46,   88, waiting_time        , patient, non_pap_smear, screening,                        , 50%            ,     0.21805555555555556
       46,   88, waiting_time        , patient, non_pap_smear, screening,                        , 75%            ,     0.30416666666666664
       46,   88, waiting_time        , patient, non_pap_smear, screening,                        , max            ,     1.3090277777777777
       46,   88, waiting_time        , patient, non_pap_smear, reporting,                        , count          ,  7649.0
       46,   88, waiting_time        , patient, non_pap_smear, reporting,                        , mean           ,     0.6394296276927993
       46,   88, waiting_time        , patient, non_pap_smear, reporting,                        , std            ,     0.1817984877936736
       46,   88, waiting_time        , patient, non_pap_smear, reporting,                        , min            ,     0.0
       46,   88, waiting_time        , patient, non_pap_smear, reporting,                        , 25%            ,     0.6756944444444445
       46,   88, waiting_time        , patient, non_pap_smear, reporting,                        , 50%            ,     0.6854166666666667
       46,   88, waiting_time        , patient, non_pap_smear, reporting,                        , 75%            ,     0.69375
       46,   88, waiting_time        , patient, non_pap_smear, reporting,                        , max            ,     0.8354166666666667
       46,   88, waiting_time        , patient, pap_smear    , screening,                        , count          ,  2179.0
       46,   88, waiting_time        , patient, pap_smear    , screening,                        , mean           ,     0.3294299117842027
       46,   88, waiting_time        , patient, pap_smear    , screening,                        , std            ,     0.3622510599230846
       46,   88, waiting_time        , patient, pap_smear    , screening,                        , min            ,     0.0
       46,   88, waiting_time        , patient, pap_smear    , screening,                        , 25%            ,     0.11597222222222223
       46,   88, waiting_time        , patient, pap_smear    , screening,                        , 50%            ,     0.22777777777777777
       46,   88, waiting_time        , patient, pap_smear    , screening,                        , 75%            ,     0.3090277777777778
       46,   88, waiting_time        , patient, pap_smear    , screening,                        , max            ,     1.3090277777777777
       46,   88, waiting_time        , patient, pap_smear    , reporting,                        , count          ,  2175.0
       46,   88, waiting_time        , patient, pap_smear    , reporting,                        , mean           ,     0.6282544699872284
       46,   88, waiting_time        , patient, pap_smear    , reporting,                        , std            ,     0.20037415268145836
       46,   88, waiting_time        , patient, pap_smear    , reporting,                        , min            ,     0.0
       46,   88, waiting_time        , patient, pap_smear    , reporting,                        , 25%            ,     0.6763888888888889
       46,   88, waiting_time        , patient, pap_smear    , reporting,                        , 50%            ,     0.6868055555555556
       46,   88, waiting_time        , patient, pap_smear    , reporting,                        , 75%            ,     0.6951388888888889
       46,   88, waiting_time        , patient, pap_smear    , reporting,                        , max            ,     0.8347222222222223
       46,   88, waiting_time        , slide  , all          , fixation ,                        , count          , 13174.0
       46,   88, waiting_time        , slide  , all          , fixation ,                        , mean           ,     0.0
       46,   88, waiting_time        , slide  , all          , fixation ,                        , std            ,     0.0
       46,   88, waiting_time        , slide  , all          , fixation ,                        , min            ,     0.0
       46,   88, waiting_time        , slide  , all          , fixation ,                        , 25%            ,     0.0
       46,   88, waiting_time        , slide  , all          , fixation ,                        , 50%            ,     0.0
       46,   88, waiting_time        , slide  , all          , fixation ,                        , 75%            ,     0.0
       46,   88, waiting_time        , slide  , all          , fixation ,                        , max            ,     0.0
       46,   88, waiting_time        , slide  , all          , staining ,                        , count          , 13927.0
       46,   88, waiting_time        , slide  , all          , staining ,                        , mean           ,     0.17126031170468237
       46,   88, waiting_time        , slide  , all          , staining ,                        , std            ,     0.2826971114606954
       46,   88, waiting_time        , slide  , all          , staining ,                        , min            ,     0.0
       46,   88, waiting_time        , slide  , all          , staining ,                        , 25%            ,     0.010416666666666666
       46,   88, waiting_time        , slide  , all          , staining ,                        , 50%            ,     0.029166666666666667
       46,   88, waiting_time        , slide  , all          , staining ,                        , 75%            ,     0.08611111111111111
       46,   88, waiting_time        , slide  , all          , staining ,                        , max            ,     0.9270833333333334
       46,   88, resource_utilisation,        ,              ,          , Cytotechnicians        , utilisation_pct,    34.43
       46,   88, resource_utilisation,        ,              ,          , Junior Cytopathologists, utilisation_pct,    77.59
       46,   88, resource_utilisation,        ,              ,          , Manual Staining Station, utilisation_pct,    71.23
       46,   88, resource_utilisation,        ,              ,          , Senior Pathologists    , utilisation_pct,    24.84
       47,   89, waiting_time        , patient, non_pap_smear, screening,                        , count          ,  7657.0
       47,   89, waiting_time        , patient, non_pap_smear, screening,                        , mean           ,     0.31069001857414424
       47,   89, waiting_time        , patient, non_pap_smear, screening,                        , std            ,     0.34466289335497086
       47,   89, waiting_time        , patient, non_pap_smear, screening,                        , min            ,     0.0
       47,   89, waiting_time        , patient, non_pap_smear, screening,                        , 25%            ,     0.11041666666666666
       47,   89, waiting_time        , patient, non_pap_smear, screening,                        , 50%            ,     0.21944444444444444
       47,   89, waiting_time        , patient, non_pap_smear, screening,                        , 75%            ,     0.30416666666666664
       47,   89, waiting_time        , patient, non_pap_smear, screening,                        , max            ,     1.3090277777777777
       47,   89, waiting_time        , patient, non_pap_smear, reporting,                        , count          ,  7630.0
       47,   89, waiting_time        , patient, non_pap_smear, reporting,                        , mean           ,     0.6414185597786516
       47,   89, waiting_time        , patient, non_pap_smear, reporting,                        , std            ,     0.1779178887596276
       47,   89, waiting_time        , patient, non_pap_smear, reporting,                        , min            ,     0.0
       47,   89, waiting_time        , patient, non_pap_smear, reporting,                        , 25%            ,     0.6756944444444445
       47,   89, waiting_time        , patient, non_pap_smear, reporting,                        , 50%            ,     0.6861111111111111
       47,   89, waiting_time        , patient, non_pap_smear, reporting,                        , 75%            ,     0.69375
       47,   89, waiting_time        , patient, non_pap_smear, reporting,                        , max            ,     0.8444444444444444
       47,   89, waiting_time        , patient, pap_smear    , screening,                        , count          ,  2251.0
       47,   89, waiting_time        , patient, pap_smear    , screening,                        , mean           ,     0.3108556690853448
       47,   89, waiting_time        , patient, pap_smear    , screening,                        , std            ,     0.34251750535731906
       47,   89, waiting_time        , patient, pap_smear    , screening,                        , min            ,     0.0
       47,   89, waiting_time        , patient, pap_smear    , screening,                        , 25%            ,     0.11493055555555556
       47,   89, waiting_time        , patient, pap_smear    , screening,                        , 50%            ,     0.22708333333333333
       47,   89, waiting_time        , patient, pap_smear    , screening,                        , 75%            ,     0.3020833333333333
       47,   89, waiting_time        , patient, pap_smear    , screening,                        , max            ,     1.3090277777777777
       47,   89, waiting_time        , patient, pap_smear    , reporting,                        , count          ,  2242.0
       47,   89, waiting_time        , patient, pap_smear    , reporting,                        , mean           ,     0.6330353602933889
       47,   89, waiting_time        , patient, pap_smear    , reporting,                        , std            ,     0.19122702286647483
       47,   89, waiting_time        , patient, pap_smear    , reporting,                        , min            ,     0.0
       47,   89, waiting_time        , patient, pap_smear    , reporting,                        , 25%            ,     0.6756944444444445
       47,   89, waiting_time        , patient, pap_smear    , reporting,                        , 50%            ,     0.6861111111111111
       47,   89, waiting_time        , patient, pap_smear    , reporting,                        , 75%            ,     0.6951388888888889
       47,   89, waiting_time        , patient, pap_smear    , reporting,                        , max            ,     0.8361111111111111
       47,   89, waiting_time        , slide  , all          , fixation ,                        , count          , 13239.0
       47,   89, waiting_time        , slide  , all          , fixation ,                        , mean           ,     0.0
       47,   89, waiting_time        , slide  , all          , fixation ,                        , std            ,     0.0
       47,   89, waiting_time        , slide  , all          , fixation ,                        , min            ,     0.0
       47,   89, waiting_time        , slide  , all          , fixation ,                        , 25%            ,     0.0
       47,   89, waiting_time        , slide  , all          , fixation ,                        , 50%            ,     0.0
       47,   89, waiting_time        , slide  , all          , fixation ,                        , 75%            ,     0.0
       47,   89, waiting_time        , slide  , all          , fixation ,                        , max            ,     0.0
       47,   89, waiting_time        , slide  , all          , staining ,                        , count          , 13999.0
       47,   89, waiting_time        , slide  , all          , staining ,                        , mean           ,     0.15683134112754088
       47,   89, waiting_time        , slide  , all          , staining ,                        , std            ,     0.2725184913435146
       47,   89, waiting_time        , slide  , all          , staining ,                        , min            ,     0.0
       47,   89, waiting_time        , slide  , all          , staining ,                        , 25%            ,     0.010416666666666666
       47,   89, waiting_time        , slide  , all          , staining ,                        , 50%            ,     0.02638888888888889
       47,   89, waiting_time        , slide  , all          , staining ,                        , 75%            ,     0.06805555555555555
       47,   89, waiting_time        , slide  , all          , staining ,                        , max            ,     0.94375
       47,   89, resource_utilisation,        ,              ,          , Cytotechnicians        , utilisation_pct,    34.4
       47,   89, resource_utilisation,        ,              ,          , Junior Cytopathologists, utilisation_pct,    78.5
       47,   89, resource_utilisation,        ,              ,          , Manual Staining Station, utilisation_pct,    72.4
       47,   89, resource_utilisation,        ,              ,          , Senior Pathologists    , utilisation_pct,    25.49
       48,   90, waiting_time        , patient, non_pap_smear, screening,                        , count          ,  7707.0
       48,   90, waiting_time        , patient, non_pap_smear, screening,                        , mean           ,     0.31107606000317173
       48,   90, waiting_time        , patient, non_pap_smear, screening,                        , std            ,     0.3464573208080109
       48,   90, waiting_time        , patient, non_pap_smear, screening,                        , min            ,     0.0
       48,   90, waiting_time        , patient, non_pap_smear, screening,                        , 25%            ,     0.10972222222222222
       48,   90, waiting_time        , patient, non_pap_smear, screening,                        , 50%            ,     0.21944444444444444
       48,   90, waiting_time        , patient, non_pap_smear, screening,                        , 75%            ,     0.30277777777777776
       48,   90, waiting_time        , patient, non_pap_smear, screening,                        , max            ,     1.3090277777777777
       48,   90, waiting_time        , patient, non_pap_smear, reporting,                        , count          ,  7681.0
       48,   90, waiting_time        , patient, non_pap_smear, reporting,                        , mean           ,     0.6385811309291325
       48,   90, waiting_time        , patient, non_pap_smear, reporting,                        , std            ,     0.18284446870286905
       48,   90, waiting_time        , patient, non_pap_smear, reporting,                        , min            ,     0.0
       48,   90, waiting_time        , patient, non_pap_smear, reporting,                        , 25%            ,     0.6756944444444445
       48,   90, waiting_time        , patient, non_pap_smear, reporting,                        , 50%            ,     0.6861111111111111
       48,   90, waiting_time        , patient, non_pap_smear, reporting,                        , 75%            ,     0.6944444444444444
       48,   90, waiting_time        , patient, non_pap_smear, reporting,                        , max            ,     0.8395833333333333
       48,   90, waiting_time        , patient, pap_smear    , screening,                        , count          ,  2284.0
       48,   90, waiting_time        , patient, pap_smear    , screening,                        , mean           ,     0.31401780502043203
       48,   90, waiting_time        , patient, pap_smear    , screening,                        , std            ,     0.3425853971920759
       48,   90, waiting_time        , patient, pap_smear    , screening,                        , min            ,     0.0
       48,   90, waiting_time        , patient, pap_smear    , screening,                        , 25%            ,     0.11597222222222223
       48,   90, waiting_time        , patient, pap_smear    , screening,                        , 50%            ,     0.23333333333333334
       48,   90, waiting_time        , patient, pap_smear    , screening,                        , 75%            ,     0.29930555555555555
       48,   90, waiting_time        , patient, pap_smear    , screening,                        , max            ,     1.3090277777777777
       48,   90, waiting_time        , patient, pap_smear    , reporting,                        , count          ,  2276.0
       48,   90, waiting_time        , patient, pap_smear    , reporting,                        , mean           ,     0.6325525410076157
       48,   90, waiting_time        , patient, pap_smear    , reporting,                        , std            ,     0.19119262939364987
       48,   90, waiting_time        , patient, pap_smear    , reporting,                        , min            ,     0.0
       48,   90, waiting_time        , patient, pap_smear    , reporting,                        , 25%            ,     0.675
       48,   90, waiting_time        , patient, pap_smear    , reporting,                        , 50%            ,     0.6861111111111111
       48,   90, waiting_time        , patient, pap_smear    , reporting,                        , 75%            ,     0.6944444444444444
       48,   90, waiting_time        , patient, pap_smear    , reporting,                        , max            ,     0.8368055555555556
       48,   90, waiting_time        , slide  , all          , fixation ,                        , count          , 13279.0
       48,   90, waiting_time        , slide  , all          , fixation ,                        , mean           ,     0.0
       48,   90, waiting_time        , slide  , all          , fixation ,                        , std            ,     0.0
       48,   90, waiting_time        , slide  , all          , fixation ,                        , min            ,     0.0
       48,   90, waiting_time        , slide  , all          , fixation ,                        , 25%            ,     0.0
       48,   90, waiting_time        , slide  , all          , fixation ,                        , 50%            ,     0.0
       48,   90, waiting_time        , slide  , all          , fixation ,                        , 75%            ,     0.0
       48,   90, waiting_time        , slide  , all          , fixation ,                        , max            ,     0.0
       48,   90, waiting_time        , slide  , all          , staining ,                        , count          , 14024.0
       48,   90, waiting_time        , slide  , all          , staining ,                        , mean           ,     0.15585578492425683
       48,   90, waiting_time        , slide  , all          , staining ,                        , std            ,     0.2712530307221845
       48,   90, waiting_time        , slide  , all          , staining ,                        , min            ,     0.0
       48,   90, waiting_time        , slide  , all          , staining ,                        , 25%            ,     0.010416666666666666
       48,   90, waiting_time        , slide  , all          , staining ,                        , 50%            ,     0.027083333333333334
       48,   90, waiting_time        , slide  , all          , staining ,                        , 75%            ,     0.06597222222222222
       48,   90, waiting_time        , slide  , all          , staining ,                        , max            ,     0.9395833333333333
       48,   90, resource_utilisation,        ,              ,          , Cytotechnicians        , utilisation_pct,    34.48
       48,   90, resource_utilisation,        ,              ,          , Junior Cytopathologists, utilisation_pct,    78.36
       48,   90, resource_utilisation,        ,              ,          , Manual Staining Station, utilisation_pct,    72.12
       48,   90, resource_utilisation,        ,              ,          , Senior Pathologists    , utilisation_pct,    25.54
       49,   91, waiting_time        , patient, non_pap_smear, screening,                        , count          ,  7592.0
       49,   91, waiting_time        , patient, non_pap_smear, screening,                        , mean           ,     0.3183386569195645
       49,   91, waiting_time        , patient, non_pap_smear, screening,                        , std            ,     0.3521104059351508
       49,   91, waiting_time        , patient, non_pap_smear, screening,                        , min            ,     0.0
       49,   91, waiting_time        , patient, non_pap_smear, screening,                        , 25%            ,     0.10694444444444444
       49,   91, waiting_time        , patient, non_pap_smear, screening,                        , 50%            ,     0.2204861111111111
       49,   91, waiting_time        , patient, non_pap_smear, screening,                        , 75%            ,     0.3090277777777778
       49,   91, waiting_time        , patient, non_pap_smear, screening,                        , max            ,     1.3090277777777777
       49,   91, waiting_time        , patient, non_pap_smear, reporting,                        , count          ,  7571.0
       49,   91, waiting_time        , patient, non_pap_smear, reporting,                        , mean           ,     0.6401876128208515
       49,   91, waiting_time        , patient, non_pap_smear, reporting,                        , std            ,     0.18090225004974694
       49,   91, waiting_time        , patient, non_pap_smear, reporting,                        , min            ,     0.0
       49,   91, waiting_time        , patient, non_pap_smear, reporting,                        , 25%            ,     0.6763888888888889
       49,   91, waiting_time        , patient, non_pap_smear, reporting,                        , 50%            ,     0.6861111111111111
       49,   91, waiting_time        , patient, non_pap_smear, reporting,                        , 75%            ,     0.6944444444444444
       49,   91, waiting_time        , patient, non_pap_smear, reporting,                        , max            ,     0.8354166666666667
       49,   91, waiting_time        , patient, pap_smear    , screening,                        , count          ,  2169.0
       49,   91, waiting_time        , patient, pap_smear    , screening,                        , mean           ,     0.3358543363557195
       49,   91, waiting_time        , patient, pap_smear    , screening,                        , std            ,     0.36401000475237705
       49,   91, waiting_time        , patient, pap_smear    , screening,                        , min            ,     0.0
       49,   91, waiting_time        , patient, pap_smear    , screening,                        , 25%            ,     0.12569444444444444
       49,   91, waiting_time        , patient, pap_smear    , screening,                        , 50%            ,     0.23194444444444445
       49,   91, waiting_time        , patient, pap_smear    , screening,                        , 75%            ,     0.3090277777777778
       49,   91, waiting_time        , patient, pap_smear    , screening,                        , max            ,     1.3090277777777777
       49,   91, waiting_time        , patient, pap_smear    , reporting,                        , count          ,  2165.0
       49,   91, waiting_time        , patient, pap_smear    , reporting,                        , mean           ,     0.632924364896074
       49,   91, waiting_time        , patient, pap_smear    , reporting,                        , std            ,     0.19205267891154826
       49,   91, waiting_time        , patient, pap_smear    , reporting,                        , min            ,     0.0
       49,   91, waiting_time        , patient, pap_smear    , reporting,                        , 25%            ,     0.6756944444444445
       49,   91, waiting_time        , patient, pap_smear    , reporting,                        , 50%            ,     0.6861111111111111
       49,   91, waiting_time        , patient, pap_smear    , reporting,                        , 75%            ,     0.6944444444444444
       49,   91, waiting_time        , patient, pap_smear    , reporting,                        , max            ,     0.8361111111111111
       49,   91, waiting_time        , slide  , all          , fixation ,                        , count          , 13207.0
       49,   91, waiting_time        , slide  , all          , fixation ,                        , mean           ,     0.0
       49,   91, waiting_time        , slide  , all          , fixation ,                        , std            ,     0.0
       49,   91, waiting_time        , slide  , all          , fixation ,                        , min            ,     0.0
       49,   91, waiting_time        , slide  , all          , fixation ,                        , 25%            ,     0.0
       49,   91, waiting_time        , slide  , all          , fixation ,                        , 50%            ,     0.0
       49,   91, waiting_time        , slide  , all          , fixation ,                        , 75%            ,     0.0
       49,   91, waiting_time        , slide  , all          , fixation ,                        , max            ,     0.0
       49,   91, waiting_time        , slide  , all          , staining ,                        , count          , 13902.0
       49,   91, waiting_time        , slide  , all          , staining ,                        , mean           ,     0.16461954914560656
       49,   91, waiting_time        , slide  , all          , staining ,                        , std            ,     0.27937278944685645
       49,   91, waiting_time        , slide  , all          , staining ,                        , min            ,     0.0
       49,   91, waiting_time        , slide  , all          , staining ,                        , 25%            ,     0.010416666666666666
       49,   91, waiting_time        , slide  , all          , staining ,                        , 50%            ,     0.027777777777777776
       49,   91, waiting_time        , slide  , all          , staining ,                        , 75%            ,     0.0763888888888889
       49,   91, waiting_time        , slide  , all          , staining ,                        , max            ,     0.9361111111111111
       49,   91, resource_utilisation,        ,              ,          , Cytotechnicians        , utilisation_pct,    34.01
       49,   91, resource_utilisation,        ,              ,          , Junior Cytopathologists, utilisation_pct,    76.69
       49,   91, resource_utilisation,        ,              ,          , Manual Staining Station, utilisation_pct,    70.8
       49,   91, resource_utilisation,        ,              ,          , Senior Pathologists    , utilisation_pct,    25.0
