resource_name,utilisation_key,process_name,task,capacity,start_min,end_min,duration_min
Junior Pathologists,Junior Pathologists (grossing),Grossing,grossing,6,420.0,430.0,10.0
Grossing Station,Grossing Station,Grossing,,2,420.0,430.0,10.0
Junior Pathologists,Junior Pathologists (grossing),Grossing,grossing,6,420.0,430.0,10.0
Grossing Station,Grossing Station,Grossing,,2,420.0,430.0,10.0
Junior Pathologists,Junior Pathologists (grossing),Grossing,grossing,6,458.49383273729285,468.49383273729285,10.0
Grossing Station,Grossing Station,Grossing,,2,458.49383273729285,468.49383273729285,10.0
Junior Pathologists,Junior Pathologists (grossing),Grossing,grossing,6,492.68727999430735,502.68727999430735,10.0
Grossing Station,Grossing Station,Grossing,,2,492.68727999430735,502.68727999430735,10.0
Junior Pathologists,Junior Pathologists (grossing),Grossing,grossing,6,1500.0,1510.0,10.0
Grossing Station,Grossing Station,Grossing,,2,1500.0,1510.0,10.0
Junior Pathologists,Junior Pathologists (grossing),Grossing,grossing,6,1500.0,1510.0,10.0
Grossing Station,Grossing Station,Grossing,,2,1500.0,1510.0,10.0
Junior Pathologists,Junior Pathologists (grossing),Grossing,grossing,6,1500.0,1520.0,20.0
Grossing Station,Grossing Station,Grossing,,2,1510.0,1520.0,10.0
Junior Pathologists,Junior Pathologists (grossing),Grossing,grossing,6,1500.0,1520.0,20.0
Grossing Station,Grossing Station,Grossing,,2,1510.0,1520.0,10.0
Junior Pathologists,Junior Pathologists (grossing),Grossing,grossing,6,1500.0000000028251,1530.0,29.999999997174882
Grossing Station,Grossing Station,Grossing,,2,1520.0,1530.0,10.0
Junior Pathologists,Junior Pathologists (grossing),Grossing,grossing,6,1500.0000000035225,1530.0,29.999999996477527
Grossing Station,Grossing Station,Grossing,,2,1520.0,1530.0,10.0
Junior Pathologists,Junior Pathologists (grossing),Grossing,grossing,6,1510.0,1540.0,30.0
Grossing Station,Grossing Station,Grossing,,2,1530.0,1540.0,10.0
Junior Pathologists,Junior Pathologists (grossing),Grossing,grossing,6,1510.0,1540.0,30.0
Grossing Station,Grossing Station,Grossing,,2,1530.0,1540.0,10.0
Junior Pathologists,Junior Pathologists (grossing),Grossing,grossing,6,1520.0,1550.0,30.0
Grossing Station,Grossing Station,Grossing,,2,1540.0,1550.0,10.0
Junior Pathologists,Junior Pathologists (grossing),Grossing,grossing,6,4380.0,4390.0,10.0
Grossing Station,Grossing Station,Grossing,,2,4380.0,4390.0,10.0
Junior Pathologists,Junior Pathologists (grossing),Grossing,grossing,6,4380.0,4390.0,10.0
Grossing Station,Grossing Station,Grossing,,2,4380.0,4390.0,10.0
Junior Pathologists,Junior Pathologists (grossing),Grossing,grossing,6,4380.0,4400.0,20.0
Grossing Station,Grossing Station,Grossing,,2,4390.0,4400.0,10.0
Junior Pathologists,Junior Pathologists (grossing),Grossing,grossing,6,4380.0,4400.0,20.0
Grossing Station,Grossing Station,Grossing,,2,4390.0,4400.0,10.0
Junior Pathologists,Junior Pathologists (grossing),Grossing,grossing,6,4380.0,4410.0,30.0
Grossing Station,Grossing Station,Grossing,,2,4400.0,4410.0,10.0
Junior Pathologists,Junior Pathologists (grossing),Grossing,grossing,6,4380.0,4410.0,30.0
Grossing Station,Grossing Station,Grossing,,2,4400.0,4410.0,10.0
Junior Pathologists,Junior Pathologists (grossing),Grossing,grossing,6,4390.0,4420.0,30.0
Grossing Station,Grossing Station,Grossing,,2,4410.0,4420.0,10.0
Junior Pathologists,Junior Pathologists (grossing),Grossing,grossing,6,4390.0,4420.0,30.0
Grossing Station,Grossing Station,Grossing,,2,4410.0,4420.0,10.0
Junior Pathologists,Junior Pathologists (grossing),Grossing,grossing,6,4400.0,4430.0,30.0
Grossing Station,Grossing Station,Grossing,,2,4420.0,4430.0,10.0
Junior Pathologists,Junior Pathologists (grossing),Grossing,grossing,6,4400.0,4430.0,30.0
Grossing Station,Grossing Station,Grossing,,2,4420.0,4430.0,10.0
Junior Pathologists,Junior Pathologists (grossing),Grossing,grossing,6,4410.0,4440.0,30.0
Grossing Station,Grossing Station,Grossing,,2,4430.0,4440.0,10.0
Junior Pathologists,Junior Pathologists (grossing),Grossing,grossing,6,4740.0,4750.0,10.0
Grossing Station,Grossing Station,Grossing,,2,4740.0,4750.0,10.0
Junior Pathologists,Junior Pathologists (grossing),Grossing,grossing,6,4740.0,4750.0,10.0
Grossing Station,Grossing Station,Grossing,,2,4740.0,4750.0,10.0
Junior Pathologists,Junior Pathologists (grossing),Grossing,grossing,6,4746.289346276637,4760.0,13.710653723363066
Grossing Station,Grossing Station,Grossing,,2,4750.0,4760.0,10.0
Junior Pathologists,Junior Pathologists (grossing),Grossing,grossing,6,5820.0,5830.0,10.0
Grossing Station,Grossing Station,Grossing,,2,5820.0,5830.0,10.0
Junior Pathologists,Junior Pathologists (grossing),Grossing,grossing,6,5820.0,5830.0,10.0
Grossing Station,Grossing Station,Grossing,,2,5820.0,5830.0,10.0
Junior Pathologists,Junior Pathologists (grossing),Grossing,grossing,6,5820.0,5840.0,20.0
Grossing Station,Grossing Station,Grossing,,2,5830.0,5840.0,10.0
Junior Pathologists,Junior Pathologists (grossing),Grossing,grossing,6,5820.0,5840.0,20.0
Grossing Station,Grossing Station,Grossing,,2,5830.0,5840.0,10.0
Junior Pathologists,Junior Pathologists (grossing),Grossing,grossing,6,5820.000000004355,5850.0,29.99999999564534
Grossing Station,Grossing Station,Grossing,,2,5840.0,5850.0,10.0
Junior Pathologists,Junior Pathologists (grossing),Grossing,grossing,6,5820.000000006681,5850.0,29.999999993318852
Grossing Station,Grossing Station,Grossing,,2,5840.0,5850.0,10.0
Junior Pathologists,Junior Pathologists (grossing),Grossing,grossing,6,5830.0,5860.0,30.0
Grossing Station,Grossing Station,Grossing,,2,5850.0,5860.0,10.0
Junior Pathologists,Junior Pathologists (grossing),Grossing,grossing,6,5830.0,5860.0,30.0
Grossing Station,Grossing Station,Grossing,,2,5850.0,5860.0,10.0
Junior Pathologists,Junior Pathologists (grossing),Grossing,grossing,6,6180.0,6190.0,10.0
Grossing Station,Grossing Station,Grossing,,2,6180.0,6190.0,10.0
Junior Pathologists,Junior Pathologists (grossing),Grossing,grossing,6,6180.0,6190.0,10.0
Grossing Station,Grossing Station,Grossing,,2,6180.0,6190.0,10.0
Junior Pathologists,Junior Pathologists (grossing),Grossing,grossing,6,6283.984272845987,6293.984272845987,10.0
Grossing Station,Grossing Station,Grossing,,2,6283.984272845987,6293.984272845987,10.0
Junior Pathologists,Junior Pathologists (grossing),Grossing,grossing,6,7260.0,7270.0,10.0
Grossing Station,Grossing Station,Grossing,,2,7260.0,7270.0,10.0
Junior Pathologists,Junior Pathologists (grossing),Grossing,grossing,6,7260.0,7280.0,20.0
Grossing Station,Grossing Station,Grossing,,2,7270.0,7280.0,10.0
Junior Pathologists,Junior Pathologists (grossing),Grossing,grossing,6,7260.0,7290.0,30.0
Grossing Station,Grossing Station,Grossing,,2,7260.0,7290.0,30.0
Junior Pathologists,Junior Pathologists (grossing),Grossing,grossing,6,7260.0,7290.0,30.0
Grossing Station,Grossing Station,Grossing,,2,7280.0,7290.0,10.0
Junior Pathologists,Junior Pathologists (grossing),Grossing,grossing,6,7260.0,7300.0,40.0
Grossing Station,Grossing Station,Grossing,,2,7290.0,7300.0,10.0
Junior Pathologists,Junior Pathologists (grossing),Grossing,grossing,6,7260.000000001625,7300.0,39.99999999837473
Grossing Station,Grossing Station,Grossing,,2,7290.0,7300.0,10.0
Junior Pathologists,Junior Pathologists (grossing),Grossing,grossing,6,7270.0,7310.0,40.0
Grossing Station,Grossing Station,Grossing,,2,7300.0,7310.0,10.0
Junior Pathologists,Junior Pathologists (grossing),Grossing,grossing,6,7280.0,7310.0,30.0
Grossing Station,Grossing Station,Grossing,,2,7300.0,7310.0,10.0
Junior Pathologists,Junior Pathologists (grossing),Grossing,grossing,6,7620.0,7630.0,10.0
Grossing Station,Grossing Station,Grossing,,2,7620.0,7630.0,10.0
Junior Pathologists,Junior Pathologists (grossing),Grossing,grossing,6,7620.0,7630.0,10.0
Grossing Station,Grossing Station,Grossing,,2,7620.0,7630.0,10.0
Junior Pathologists,Junior Pathologists (grossing),Grossing,grossing,6,7643.533120274277,7653.533120274277,10.0
Grossing Station,Grossing Station,Grossing,,2,7643.533120274277,7653.533120274277,10.0
Junior Pathologists,Junior Pathologists (grossing),Grossing,grossing,6,8700.0,8710.0,10.0
Grossing Station,Grossing Station,Grossing,,2,8700.0,8710.0,10.0
Junior Pathologists,Junior Pathologists (grossing),Grossing,grossing,6,8700.0,8710.0,10.0
Grossing Station,Grossing Station,Grossing,,2,8700.0,8710.0,10.0
Junior Pathologists,Junior Pathologists (grossing),Grossing,grossing,6,8700.0,8720.0,20.0
Grossing Station,Grossing Station,Grossing,,2,8710.0,8720.0,10.0
Junior Pathologists,Junior Pathologists (grossing),Grossing,grossing,6,8700.000000002074,8720.0,19.999999997926352
Grossing Station,Grossing Station,Grossing,,2,8710.0,8720.0,10.0
Junior Pathologists,Junior Pathologists (grossing),Grossing,grossing,6,8700.000000003763,8730.0,29.99999999623651
Grossing Station,Grossing Station,Grossing,,2,8720.0,8730.0,10.0
Junior Pathologists,Junior Pathologists (grossing),Grossing,grossing,6,9060.0,9070.0,10.0
Grossing Station,Grossing Station,Grossing,,2,9060.0,9070.0,10.0
Junior Pathologists,Junior Pathologists (grossing),Grossing,grossing,6,9082.271511077435,9092.271511077435,10.0
Grossing Station,Grossing Station,Grossing,,2,9082.271511077435,9092.271511077435,10.0
Junior Pathologists,Junior Pathologists (grossing),Grossing,grossing,6,9150.287453328267,9160.287453328267,10.0
Grossing Station,Grossing Station,Grossing,,2,9150.287453328267,9160.287453328267,10.0
Junior Pathologists,Junior Pathologists (grossing),Grossing,grossing,6,9167.531750048567,9177.531750048567,10.0
Grossing Station,Grossing Station,Grossing,,2,9167.531750048567,9177.531750048567,10.0
Junior Pathologists,Junior Pathologists (grossing),Grossing,grossing,6,10140.0,10150.0,10.0
Grossing Station,Grossing Station,Grossing,,2,10140.0,10150.0,10.0
Junior Pathologists,Junior Pathologists (grossing),Grossing,grossing,6,10140.0,10150.0,10.0
Grossing Station,Grossing Station,Grossing,,2,10140.0,10150.0,10.0
Junior Pathologists,Junior Pathologists (grossing),Grossing,grossing,6,10140.0,10180.0,40.0
Grossing Station,Grossing Station,Grossing,,2,10150.0,10180.0,30.0
Junior Pathologists,Junior Pathologists (grossing),Grossing,grossing,6,10500.0,10510.0,10.0
Grossing Station,Grossing Station,Grossing,,2,10500.0,10510.0,10.0
Junior Pathologists,Junior Pathologists (grossing),Grossing,grossing,6,10500.0,10510.0,10.0
Grossing Station,Grossing Station,Grossing,,2,10500.0,10510.0,10.0
Junior Pathologists,Junior Pathologists (grossing),Grossing,grossing,6,10504.072441576742,10520.0,15.927558423258233
Grossing Station,Grossing Station,Grossing,,2,10510.0,10520.0,10.0
Junior Pathologists,Junior Pathologists (grossing),Grossing,grossing,6,10555.78708461557,10565.78708461557,10.0
Grossing Station,Grossing Station,Grossing,,2,10555.78708461557,10565.78708461557,10.0
Junior Pathologists,Junior Pathologists (grossing),Grossing,grossing,6,11580.0,11590.0,10.0
Grossing Station,Grossing Station,Grossing,,2,11580.0,11590.0,10.0
Junior Pathologists,Junior Pathologists (grossing),Grossing,grossing,6,11580.0,11600.0,20.0
Grossing Station,Grossing Station,Grossing,,2,11590.0,11600.0,10.0
Junior Pathologists,Junior Pathologists (grossing),Grossing,grossing,6,11580.0,11610.0,30.0
Grossing Station,Grossing Station,Grossing,,2,11580.0,11610.0,30.0
Junior Pathologists,Junior Pathologists (grossing),Grossing,grossing,6,11580.000000006532,11610.0,29.99999999346801
Grossing Station,Grossing Station,Grossing,,2,11600.0,11610.0,10.0
Junior Pathologists,Junior Pathologists (grossing),Grossing,grossing,6,11580.000000008333,11620.0,39.99999999166721
Grossing Station,Grossing Station,Grossing,,2,11610.0,11620.0,10.0
Tissue Processor,Tissue Processor,Tissue Processing,,1,11610.0,12930.0,1320.0
Histotechnicians,Histotechnicians,Embedding,,11,13020.0,13021.0,1.0
Embedding Station,Embedding Station,Embedding,,1,13020.0,13021.0,1.0
Histotechnicians,Histotechnicians,Embedding,,11,13020.0,13022.0,2.0
Embedding Station,Embedding Station,Embedding,,1,13021.0,13022.0,1.0
Histotechnicians,Histotechnicians,Embedding,,11,13020.0,13023.0,3.0
Embedding Station,Embedding Station,Embedding,,1,13022.0,13023.0,1.0
Histotechnicians,Histotechnicians,Embedding,,11,13020.0,13024.0,4.0
Embedding Station,Embedding Station,Embedding,,1,13023.0,13024.0,1.0
Histotechnicians,Histotechnicians,Embedding,,11,13020.0,13025.0,5.0
Embedding Station,Embedding Station,Embedding,,1,13024.0,13025.0,1.0
Histotechnicians,Histotechnicians,Embedding,,11,13020.0,13026.0,6.0
Embedding Station,Embedding Station,Embedding,,1,13025.0,13026.0,1.0
Histotechnicians,Histotechnicians,Embedding,,11,13020.0,13027.0,7.0
Embedding Station,Embedding Station,Embedding,,1,13026.0,13027.0,1.0
Histotechnicians,Histotechnicians,Embedding,,11,13020.0,13028.0,8.0
Embedding Station,Embedding Station,Embedding,,1,13027.0,13028.0,1.0
Histotechnicians,Histotechnicians,Embedding,,11,13020.0,13029.0,9.0
Embedding Station,Embedding Station,Embedding,,1,13028.0,13029.0,1.0
Histotechnicians,Histotechnicians,Embedding,,11,13020.0,13030.0,10.0
Embedding Station,Embedding Station,Embedding,,1,13029.0,13030.0,1.0
Histotechnicians,Histotechnicians,Embedding,,11,13020.0,13031.0,11.0
Embedding Station,Embedding Station,Embedding,,1,13030.0,13031.0,1.0
Histotechnicians,Histotechnicians,Embedding,,11,13021.0,13032.0,11.0
Embedding Station,Embedding Station,Embedding,,1,13031.0,13032.0,1.0
Histotechnicians,Histotechnicians,Embedding,,11,13022.0,13033.0,11.0
Embedding Station,Embedding Station,Embedding,,1,13032.0,13033.0,1.0
Histotechnicians,Histotechnicians,Embedding,,11,13023.0,13034.0,11.0
Embedding Station,Embedding Station,Embedding,,1,13033.0,13034.0,1.0
Histotechnicians,Histotechnicians,Embedding,,11,13024.0,13035.0,11.0
Embedding Station,Embedding Station,Embedding,,1,13034.0,13035.0,1.0
Histotechnicians,Histotechnicians,Embedding,,11,13025.0,13036.0,11.0
Embedding Station,Embedding Station,Embedding,,1,13035.0,13036.0,1.0
Histotechnicians,Histotechnicians,Embedding,,11,13026.0,13037.0,11.0
Embedding Station,Embedding Station,Embedding,,1,13036.0,13037.0,1.0
Histotechnicians,Histotechnicians,Embedding,,11,13027.0,13038.0,11.0
Embedding Station,Embedding Station,Embedding,,1,13037.0,13038.0,1.0
Histotechnicians,Histotechnicians,Embedding,,11,13028.0,13039.0,11.0
Embedding Station,Embedding Station,Embedding,,1,13038.0,13039.0,1.0
Histotechnicians,Histotechnicians,Embedding,,11,13029.0,13040.0,11.0
Embedding Station,Embedding Station,Embedding,,1,13039.0,13040.0,1.0
Histotechnicians,Histotechnicians,Embedding,,11,13030.0,13041.0,11.0
Embedding Station,Embedding Station,Embedding,,1,13040.0,13041.0,1.0
Histotechnicians,Histotechnicians,Embedding,,11,13031.0,13042.0,11.0
Embedding Station,Embedding Station,Embedding,,1,13041.0,13042.0,1.0
Histotechnicians,Histotechnicians,Embedding,,11,13032.0,13043.0,11.0
Embedding Station,Embedding Station,Embedding,,1,13042.0,13043.0,1.0
Histotechnicians,Histotechnicians,Embedding,,11,13033.0,13044.0,11.0
Embedding Station,Embedding Station,Embedding,,1,13043.0,13044.0,1.0
Histotechnicians,Histotechnicians,Embedding,,11,13034.0,13045.0,11.0
Embedding Station,Embedding Station,Embedding,,1,13044.0,13045.0,1.0
Histotechnicians,Histotechnicians,Embedding,,11,13035.0,13046.0,11.0
Embedding Station,Embedding Station,Embedding,,1,13045.0,13046.0,1.0
Histotechnicians,Histotechnicians,Embedding,,11,13036.0,13047.0,11.0
Embedding Station,Embedding Station,Embedding,,1,13046.0,13047.0,1.0
Histotechnicians,Histotechnicians,Embedding,,11,13037.0,13048.0,11.0
Embedding Station,Embedding Station,Embedding,,1,13047.0,13048.0,1.0
Histotechnicians,Histotechnicians,Embedding,,11,13038.0,13049.0,11.0
Embedding Station,Embedding Station,Embedding,,1,13048.0,13049.0,1.0
Histotechnicians,Histotechnicians,Embedding,,11,13039.0,13050.0,11.0
Embedding Station,Embedding Station,Embedding,,1,13049.0,13050.0,1.0
Histotechnicians,Histotechnicians,Embedding,,11,13040.0,13051.0,11.0
Embedding Station,Embedding Station,Embedding,,1,13050.0,13051.0,1.0
Histotechnicians,Histotechnicians,Embedding,,11,13041.0,13052.0,11.0
Embedding Station,Embedding Station,Embedding,,1,13051.0,13052.0,1.0
Histotechnicians,Histotechnicians,Embedding,,11,13042.0,13053.0,11.0
Embedding Station,Embedding Station,Embedding,,1,13052.0,13053.0,1.0
Histotechnicians,Histotechnicians,Embedding,,11,13043.0,13054.0,11.0
Embedding Station,Embedding Station,Embedding,,1,13053.0,13054.0,1.0
Histotechnicians,Histotechnicians,Embedding,,11,13044.0,13055.0,11.0
Embedding Station,Embedding Station,Embedding,,1,13054.0,13055.0,1.0
Histotechnicians,Histotechnicians,Embedding,,11,13045.0,13056.0,11.0
Embedding Station,Embedding Station,Embedding,,1,13055.0,13056.0,1.0
Histotechnicians,Histotechnicians,Embedding,,11,13046.0,13057.0,11.0
Embedding Station,Embedding Station,Embedding,,1,13056.0,13057.0,1.0
Histotechnicians,Histotechnicians,Embedding,,11,13047.0,13058.0,11.0
Embedding Station,Embedding Station,Embedding,,1,13057.0,13058.0,1.0
Histotechnicians,Histotechnicians,Embedding,,11,13048.0,13059.0,11.0
Embedding Station,Embedding Station,Embedding,,1,13058.0,13059.0,1.0
Histotechnicians,Histotechnicians,Embedding,,11,13049.0,13060.0,11.0
Embedding Station,Embedding Station,Embedding,,1,13059.0,13060.0,1.0
Histotechnicians,Histotechnicians,Embedding,,11,13050.0,13061.0,11.0
Embedding Station,Embedding Station,Embedding,,1,13060.0,13061.0,1.0
Histotechnicians,Histotechnicians,Embedding,,11,13051.0,13062.0,11.0
Embedding Station,Embedding Station,Embedding,,1,13061.0,13062.0,1.0
Histotechnicians,Histotechnicians,Embedding,,11,13052.0,13063.0,11.0
Embedding Station,Embedding Station,Embedding,,1,13062.0,13063.0,1.0
Histotechnicians,Histotechnicians,Embedding,,11,13053.0,13064.0,11.0
Embedding Station,Embedding Station,Embedding,,1,13063.0,13064.0,1.0
Histotechnicians,Histotechnicians,Embedding,,11,13054.0,13065.0,11.0
Embedding Station,Embedding Station,Embedding,,1,13064.0,13065.0,1.0
Histotechnicians,Histotechnicians,Embedding,,11,13055.0,13066.0,11.0
Embedding Station,Embedding Station,Embedding,,1,13065.0,13066.0,1.0
Histotechnicians,Histotechnicians,Embedding,,11,13056.0,13067.0,11.0
Embedding Station,Embedding Station,Embedding,,1,13066.0,13067.0,1.0
Histotechnicians,Histotechnicians,Embedding,,11,13057.0,13068.0,11.0
Embedding Station,Embedding Station,Embedding,,1,13067.0,13068.0,1.0
Histotechnicians,Histotechnicians,Embedding,,11,13058.0,13069.0,11.0
Embedding Station,Embedding Station,Embedding,,1,13068.0,13069.0,1.0
Histotechnicians,Histotechnicians,Embedding,,11,13059.0,13070.0,11.0
Embedding Station,Embedding Station,Embedding,,1,13069.0,13070.0,1.0
Histotechnicians,Histotechnicians,Embedding,,11,13060.0,13071.0,11.0
Embedding Station,Embedding Station,Embedding,,1,13070.0,13071.0,1.0
Histotechnicians,Histotechnicians,Embedding,,11,13061.0,13072.0,11.0
Embedding Station,Embedding Station,Embedding,,1,13071.0,13072.0,1.0
Histotechnicians,Histotechnicians,Embedding,,11,13062.0,13073.0,11.0
Embedding Station,Embedding Station,Embedding,,1,13072.0,13073.0,1.0
Histotechnicians,Histotechnicians,Embedding,,11,13063.0,13074.0,11.0
Embedding Station,Embedding Station,Embedding,,1,13073.0,13074.0,1.0
Histotechnicians,Histotechnicians,Embedding,,11,13064.0,13075.0,11.0
Embedding Station,Embedding Station,Embedding,,1,13074.0,13075.0,1.0
Histotechnicians,Histotechnicians,Embedding,,11,13065.0,13076.0,11.0
Embedding Station,Embedding Station,Embedding,,1,13075.0,13076.0,1.0
Histotechnicians,Histotechnicians,Embedding,,11,13066.0,13077.0,11.0
Embedding Station,Embedding Station,Embedding,,1,13076.0,13077.0,1.0
Histotechnicians,Histotechnicians,Embedding,,11,13067.0,13078.0,11.0
Embedding Station,Embedding Station,Embedding,,1,13077.0,13078.0,1.0
Histotechnicians,Histotechnicians,Embedding,,11,13068.0,13079.0,11.0
Embedding Station,Embedding Station,Embedding,,1,13078.0,13079.0,1.0
Histotechnicians,Histotechnicians,Embedding,,11,13069.0,13080.0,11.0
Embedding Station,Embedding Station,Embedding,,1,13079.0,13080.0,1.0
Histotechnicians,Histotechnicians,Embedding,,11,13070.0,13081.0,11.0
Embedding Station,Embedding Station,Embedding,,1,13080.0,13081.0,1.0
Histotechnicians,Histotechnicians,Embedding,,11,13071.0,13082.0,11.0
Embedding Station,Embedding Station,Embedding,,1,13081.0,13082.0,1.0
Histotechnicians,Histotechnicians,Embedding,,11,13072.0,13083.0,11.0
Embedding Station,Embedding Station,Embedding,,1,13082.0,13083.0,1.0
Histotechnicians,Histotechnicians,Embedding,,11,13073.0,13084.0,11.0
Embedding Station,Embedding Station,Embedding,,1,13083.0,13084.0,1.0
Histotechnicians,Histotechnicians,Embedding,,11,13074.0,13085.0,11.0
Embedding Station,Embedding Station,Embedding,,1,13084.0,13085.0,1.0
Histotechnicians,Histotechnicians,Embedding,,11,13075.0,13086.0,11.0
Embedding Station,Embedding Station,Embedding,,1,13085.0,13086.0,1.0
Histotechnicians,Histotechnicians,Embedding,,11,13076.0,13087.0,11.0
Embedding Station,Embedding Station,Embedding,,1,13086.0,13087.0,1.0
Histotechnicians,Histotechnicians,Embedding,,11,13077.0,13088.0,11.0
Embedding Station,Embedding Station,Embedding,,1,13087.0,13088.0,1.0
Histotechnicians,Histotechnicians,Embedding,,11,13078.0,13089.0,11.0
Embedding Station,Embedding Station,Embedding,,1,13088.0,13089.0,1.0
Histotechnicians,Histotechnicians,Embedding,,11,13079.0,13090.0,11.0
Embedding Station,Embedding Station,Embedding,,1,13089.0,13090.0,1.0
Histotechnicians,Histotechnicians,Embedding,,11,13080.0,13091.0,11.0
Embedding Station,Embedding Station,Embedding,,1,13090.0,13091.0,1.0
Histotechnicians,Histotechnicians,Embedding,,11,13081.0,13092.0,11.0
Embedding Station,Embedding Station,Embedding,,1,13091.0,13092.0,1.0
Histotechnicians,Histotechnicians,Embedding,,11,13082.0,13093.0,11.0
Embedding Station,Embedding Station,Embedding,,1,13092.0,13093.0,1.0
Histotechnicians,Histotechnicians,Embedding,,11,13083.0,13094.0,11.0
Embedding Station,Embedding Station,Embedding,,1,13093.0,13094.0,1.0
Histotechnicians,Histotechnicians,Embedding,,11,13084.0,13095.0,11.0
Embedding Station,Embedding Station,Embedding,,1,13094.0,13095.0,1.0
Histotechnicians,Histotechnicians,Embedding,,11,13085.0,13096.0,11.0
Embedding Station,Embedding Station,Embedding,,1,13095.0,13096.0,1.0
Histotechnicians,Histotechnicians,Embedding,,11,13086.0,13097.0,11.0
Embedding Station,Embedding Station,Embedding,,1,13096.0,13097.0,1.0
Histotechnicians,Histotechnicians,Embedding,,11,13087.0,13098.0,11.0
Embedding Station,Embedding Station,Embedding,,1,13097.0,13098.0,1.0
Histotechnicians,Histotechnicians,Embedding,,11,13088.0,13099.0,11.0
Embedding Station,Embedding Station,Embedding,,1,13098.0,13099.0,1.0
Histotechnicians,Histotechnicians,Embedding,,11,13089.0,13100.0,11.0
Embedding Station,Embedding Station,Embedding,,1,13099.0,13100.0,1.0
Histotechnicians,Histotechnicians,Embedding,,11,13090.0,13101.0,11.0
Embedding Station,Embedding Station,Embedding,,1,13100.0,13101.0,1.0
Histotechnicians,Histotechnicians,Sectioning,,11,13100.0,13102.0,2.0
Sectioning Station,Sectioning Station,Sectioning,,1,13100.0,13102.0,2.0
Histotechnicians,Histotechnicians,Embedding,,11,13091.0,13102.0,11.0
Embedding Station,Embedding Station,Embedding,,1,13101.0,13102.0,1.0
Histotechnicians,Histotechnicians,Embedding,,11,13092.0,13103.0,11.0
Embedding Station,Embedding Station,Embedding,,1,13102.0,13103.0,1.0
Histotechnicians,Histotechnicians,Sectioning,,11,13101.0,13104.0,3.0
Sectioning Station,Sectioning Station,Sectioning,,1,13102.0,13104.0,2.0
Histotechnicians,Histotechnicians,Embedding,,11,13093.0,13104.0,11.0
Embedding Station,Embedding Station,Embedding,,1,13103.0,13104.0,1.0
Histotechnicians,Histotechnicians,Embedding,,11,13094.0,13105.0,11.0
Embedding Station,Embedding Station,Embedding,,1,13104.0,13105.0,1.0
Histotechnicians,Histotechnicians,Sectioning,,11,13102.0,13106.0,4.0
Sectioning Station,Sectioning Station,Sectioning,,1,13104.0,13106.0,2.0
Histotechnicians,Histotechnicians,Embedding,,11,13095.0,13106.0,11.0
Embedding Station,Embedding Station,Embedding,,1,13105.0,13106.0,1.0
Histotechnicians,Histotechnicians,Embedding,,11,13096.0,13107.0,11.0
Embedding Station,Embedding Station,Embedding,,1,13106.0,13107.0,1.0
Histotechnicians,Histotechnicians,Sectioning,,11,13102.0,13108.0,6.0
Sectioning Station,Sectioning Station,Sectioning,,1,13106.0,13108.0,2.0
Histotechnicians,Histotechnicians,Embedding,,11,13097.0,13108.0,11.0
Embedding Station,Embedding Station,Embedding,,1,13107.0,13108.0,1.0
Histotechnicians,Histotechnicians,Embedding,,11,13098.0,13109.0,11.0
Embedding Station,Embedding Station,Embedding,,1,13108.0,13109.0,1.0
Histotechnicians,Histotechnicians,Sectioning,,11,13103.0,13110.0,7.0
Sectioning Station,Sectioning Station,Sectioning,,1,13108.0,13110.0,2.0
Histotechnicians,Histotechnicians,Embedding,,11,13099.0,13110.0,11.0
Embedding Station,Embedding Station,Embedding,,1,13109.0,13110.0,1.0
Histotechnicians,Histotechnicians,Sectioning,,11,13104.0,13112.0,8.0
Sectioning Station,Sectioning Station,Sectioning,,1,13110.0,13112.0,2.0
Histotechnicians,Histotechnicians,Sectioning,,11,13104.0,13114.0,10.0
Sectioning Station,Sectioning Station,Sectioning,,1,13112.0,13114.0,2.0
Histotechnicians,Histotechnicians,Sectioning,,11,13105.0,13116.0,11.0
Sectioning Station,Sectioning Station,Sectioning,,1,13114.0,13116.0,2.0
Histotechnicians,Histotechnicians,Sectioning,,11,13106.0,13118.0,12.0
Sectioning Station,Sectioning Station,Sectioning,,1,13116.0,13118.0,2.0
Histotechnicians,Histotechnicians,Sectioning,,11,13106.0,13120.0,14.0
Sectioning Station,Sectioning Station,Sectioning,,1,13118.0,13120.0,2.0
Histotechnicians,Histotechnicians,Sectioning,,11,13107.0,13122.0,15.0
Sectioning Station,Sectioning Station,Sectioning,,1,13120.0,13122.0,2.0
Histotechnicians,Histotechnicians,Sectioning,,11,13108.0,13124.0,16.0
Sectioning Station,Sectioning Station,Sectioning,,1,13122.0,13124.0,2.0
Histotechnicians,Histotechnicians,Sectioning,,11,13108.0,13126.0,18.0
Sectioning Station,Sectioning Station,Sectioning,,1,13124.0,13126.0,2.0
Histotechnicians,Histotechnicians,Sectioning,,11,13109.0,13128.0,19.0
Sectioning Station,Sectioning Station,Sectioning,,1,13126.0,13128.0,2.0
Histotechnicians,Histotechnicians,Sectioning,,11,13110.0,13130.0,20.0
Sectioning Station,Sectioning Station,Sectioning,,1,13128.0,13130.0,2.0
Histotechnicians,Histotechnicians,Sectioning,,11,13110.0,13132.0,22.0
Sectioning Station,Sectioning Station,Sectioning,,1,13130.0,13132.0,2.0
Histotechnicians,Histotechnicians,Sectioning,,11,13112.0,13134.0,22.0
Sectioning Station,Sectioning Station,Sectioning,,1,13132.0,13134.0,2.0
Histotechnicians,Histotechnicians,Sectioning,,11,13114.0,13136.0,22.0
Sectioning Station,Sectioning Station,Sectioning,,1,13134.0,13136.0,2.0
Histotechnicians,Histotechnicians,Sectioning,,11,13116.0,13138.0,22.0
Sectioning Station,Sectioning Station,Sectioning,,1,13136.0,13138.0,2.0
Histotechnicians,Histotechnicians,Sectioning,,11,13118.0,13140.0,22.0
Sectioning Station,Sectioning Station,Sectioning,,1,13138.0,13140.0,2.0
Histotechnicians,Histotechnicians,Sectioning,,11,13120.0,13142.0,22.0
Sectioning Station,Sectioning Station,Sectioning,,1,13140.0,13142.0,2.0
Histotechnicians,Histotechnicians,Sectioning,,11,13122.0,13144.0,22.0
Sectioning Station,Sectioning Station,Sectioning,,1,13142.0,13144.0,2.0
Histotechnicians,Histotechnicians,Sectioning,,11,13124.0,13146.0,22.0
Sectioning Station,Sectioning Station,Sectioning,,1,13144.0,13146.0,2.0
Histotechnicians,Histotechnicians,Sectioning,,11,13126.0,13148.0,22.0
Sectioning Station,Sectioning Station,Sectioning,,1,13146.0,13148.0,2.0
Histotechnicians,Histotechnicians,Sectioning,,11,13128.0,13150.0,22.0
Sectioning Station,Sectioning Station,Sectioning,,1,13148.0,13150.0,2.0
Histotechnicians,Histotechnicians,Sectioning,,11,13130.0,13152.0,22.0
Sectioning Station,Sectioning Station,Sectioning,,1,13150.0,13152.0,2.0
Histotechnicians,Histotechnicians,Sectioning,,11,13132.0,13154.0,22.0
Sectioning Station,Sectioning Station,Sectioning,,1,13152.0,13154.0,2.0
Histotechnicians,Histotechnicians,Sectioning,,11,13134.0,13156.0,22.0
Sectioning Station,Sectioning Station,Sectioning,,1,13154.0,13156.0,2.0
Histotechnicians,Histotechnicians,Sectioning,,11,13136.0,13158.0,22.0
Sectioning Station,Sectioning Station,Sectioning,,1,13156.0,13158.0,2.0
Histotechnicians,Histotechnicians,Sectioning,,11,13138.0,13160.0,22.0
Sectioning Station,Sectioning Station,Sectioning,,1,13158.0,13160.0,2.0
Histotechnicians,Histotechnicians,Sectioning,,11,13140.0,13162.0,22.0
Sectioning Station,Sectioning Station,Sectioning,,1,13160.0,13162.0,2.0
Histotechnicians,Histotechnicians,Sectioning,,11,13142.0,13164.0,22.0
Sectioning Station,Sectioning Station,Sectioning,,1,13162.0,13164.0,2.0
Histotechnicians,Histotechnicians,Sectioning,,11,13144.0,13166.0,22.0
Sectioning Station,Sectioning Station,Sectioning,,1,13164.0,13166.0,2.0
Histotechnicians,Histotechnicians,Sectioning,,11,13146.0,13168.0,22.0
Sectioning Station,Sectioning Station,Sectioning,,1,13166.0,13168.0,2.0
Histotechnicians,Histotechnicians,Sectioning,,11,13148.0,13170.0,22.0
Sectioning Station,Sectioning Station,Sectioning,,1,13168.0,13170.0,2.0
Histotechnicians,Histotechnicians,Sectioning,,11,13150.0,13172.0,22.0
Sectioning Station,Sectioning Station,Sectioning,,1,13170.0,13172.0,2.0
Histotechnicians,Histotechnicians,Sectioning,,11,13152.0,13174.0,22.0
Sectioning Station,Sectioning Station,Sectioning,,1,13172.0,13174.0,2.0
Histotechnicians,Histotechnicians,Sectioning,,11,13154.0,13176.0,22.0
Sectioning Station,Sectioning Station,Sectioning,,1,13174.0,13176.0,2.0
Histotechnicians,Histotechnicians,Sectioning,,11,13156.0,13178.0,22.0
Sectioning Station,Sectioning Station,Sectioning,,1,13176.0,13178.0,2.0
Histotechnicians,Histotechnicians,Sectioning,,11,13158.0,13180.0,22.0
Sectioning Station,Sectioning Station,Sectioning,,1,13178.0,13180.0,2.0
Histotechnicians,Histotechnicians,Sectioning,,11,13160.0,13182.0,22.0
Sectioning Station,Sectioning Station,Sectioning,,1,13180.0,13182.0,2.0
Histotechnicians,Histotechnicians,Sectioning,,11,13162.0,13184.0,22.0
Sectioning Station,Sectioning Station,Sectioning,,1,13182.0,13184.0,2.0
Histotechnicians,Histotechnicians,Sectioning,,11,13164.0,13186.0,22.0
Sectioning Station,Sectioning Station,Sectioning,,1,13184.0,13186.0,2.0
Histotechnicians,Histotechnicians,Sectioning,,11,13166.0,13188.0,22.0
Sectioning Station,Sectioning Station,Sectioning,,1,13186.0,13188.0,2.0
Histotechnicians,Histotechnicians,Sectioning,,11,13168.0,13190.0,22.0
Sectioning Station,Sectioning Station,Sectioning,,1,13188.0,13190.0,2.0
Histotechnicians,Histotechnicians,Sectioning,,11,13170.0,13192.0,22.0
Sectioning Station,Sectioning Station,Sectioning,,1,13190.0,13192.0,2.0
Histotechnicians,Histotechnicians,Sectioning,,11,13172.0,13194.0,22.0
Sectioning Station,Sectioning Station,Sectioning,,1,13192.0,13194.0,2.0
Histotechnicians,Histotechnicians,Sectioning,,11,13174.0,13196.0,22.0
Sectioning Station,Sectioning Station,Sectioning,,1,13194.0,13196.0,2.0
Histotechnicians,Histotechnicians,Sectioning,,11,13176.0,13198.0,22.0
Sectioning Station,Sectioning Station,Sectioning,,1,13196.0,13198.0,2.0
Histotechnicians,Histotechnicians,Sectioning,,11,13178.0,13200.0,22.0
Sectioning Station,Sectioning Station,Sectioning,,1,13198.0,13200.0,2.0
Histotechnicians,Histotechnicians,Sectioning,,11,13180.0,13202.0,22.0
Sectioning Station,Sectioning Station,Sectioning,,1,13200.0,13202.0,2.0
Histotechnicians,Histotechnicians,Sectioning,,11,13182.0,13204.0,22.0
Sectioning Station,Sectioning Station,Sectioning,,1,13202.0,13204.0,2.0
Histotechnicians,Histotechnicians,Sectioning,,11,13184.0,13206.0,22.0
Sectioning Station,Sectioning Station,Sectioning,,1,13204.0,13206.0,2.0
Histotechnicians,Histotechnicians,Sectioning,,11,13186.0,13208.0,22.0
Sectioning Station,Sectioning Station,Sectioning,,1,13206.0,13208.0,2.0
Histotechnicians,Histotechnicians,Sectioning,,11,13188.0,13210.0,22.0
Sectioning Station,Sectioning Station,Sectioning,,1,13208.0,13210.0,2.0
Histotechnicians,Histotechnicians,Sectioning,,11,13190.0,13212.0,22.0
Sectioning Station,Sectioning Station,Sectioning,,1,13210.0,13212.0,2.0
Histotechnicians,Histotechnicians,Sectioning,,11,13192.0,13214.0,22.0
Sectioning Station,Sectioning Station,Sectioning,,1,13212.0,13214.0,2.0
Histotechnicians,Histotechnicians,Sectioning,,11,13194.0,13216.0,22.0
Sectioning Station,Sectioning Station,Sectioning,,1,13214.0,13216.0,2.0
Histotechnicians,Histotechnicians,Sectioning,,11,13196.0,13218.0,22.0
Sectioning Station,Sectioning Station,Sectioning,,1,13216.0,13218.0,2.0
Histotechnicians,Histotechnicians,Sectioning,,11,13198.0,13220.0,22.0
Sectioning Station,Sectioning Station,Sectioning,,1,13218.0,13220.0,2.0
Histotechnicians,Histotechnicians,Sectioning,,11,13200.0,13222.0,22.0
Sectioning Station,Sectioning Station,Sectioning,,1,13220.0,13222.0,2.0
Histotechnicians,Histotechnicians,Sectioning,,11,13202.0,13224.0,22.0
Sectioning Station,Sectioning Station,Sectioning,,1,13222.0,13224.0,2.0
Histotechnicians,Histotechnicians,Sectioning,,11,13204.0,13226.0,22.0
Sectioning Station,Sectioning Station,Sectioning,,1,13224.0,13226.0,2.0
Histotechnicians,Histotechnicians,Sectioning,,11,13206.0,13228.0,22.0
Sectioning Station,Sectioning Station,Sectioning,,1,13226.0,13228.0,2.0
Histotechnicians,Histotechnicians,Sectioning,,11,13208.0,13230.0,22.0
Sectioning Station,Sectioning Station,Sectioning,,1,13228.0,13230.0,2.0
Histotechnicians,Histotechnicians,Sectioning,,11,13210.0,13232.0,22.0
Sectioning Station,Sectioning Station,Sectioning,,1,13230.0,13232.0,2.0
Histotechnicians,Histotechnicians,Sectioning,,11,13212.0,13234.0,22.0
Sectioning Station,Sectioning Station,Sectioning,,1,13232.0,13234.0,2.0
Histotechnicians,Histotechnicians,Sectioning,,11,13214.0,13236.0,22.0
Sectioning Station,Sectioning Station,Sectioning,,1,13234.0,13236.0,2.0
Histotechnicians,Histotechnicians,Sectioning,,11,13216.0,13238.0,22.0
Sectioning Station,Sectioning Station,Sectioning,,1,13236.0,13238.0,2.0
Histotechnicians,Histotechnicians,Sectioning,,11,13218.0,13240.0,22.0
Sectioning Station,Sectioning Station,Sectioning,,1,13238.0,13240.0,2.0
Histotechnicians,Histotechnicians,Sectioning,,11,13220.0,13242.0,22.0
Sectioning Station,Sectioning Station,Sectioning,,1,13240.0,13242.0,2.0
Histotechnicians,Histotechnicians,Sectioning,,11,13222.0,13244.0,22.0
Sectioning Station,Sectioning Station,Sectioning,,1,13242.0,13244.0,2.0
Histotechnicians,Histotechnicians,Sectioning,,11,13224.0,13246.0,22.0
Sectioning Station,Sectioning Station,Sectioning,,1,13244.0,13246.0,2.0
Histotechnicians,Histotechnicians,Sectioning,,11,13226.0,13248.0,22.0
Sectioning Station,Sectioning Station,Sectioning,,1,13246.0,13248.0,2.0
Histotechnicians,Histotechnicians,Sectioning,,11,13228.0,13250.0,22.0
Sectioning Station,Sectioning Station,Sectioning,,1,13248.0,13250.0,2.0
Histotechnicians,Histotechnicians,Sectioning,,11,13230.0,13252.0,22.0
Sectioning Station,Sectioning Station,Sectioning,,1,13250.0,13252.0,2.0
Histotechnicians,Histotechnicians,Sectioning,,11,13232.0,13254.0,22.0
Sectioning Station,Sectioning Station,Sectioning,,1,13252.0,13254.0,2.0
Histotechnicians,Histotechnicians,Sectioning,,11,13234.0,13256.0,22.0
Sectioning Station,Sectioning Station,Sectioning,,1,13254.0,13256.0,2.0
Histotechnicians,Histotechnicians,Sectioning,,11,13236.0,13258.0,22.0
Sectioning Station,Sectioning Station,Sectioning,,1,13256.0,13258.0,2.0
Histotechnicians,Histotechnicians,Sectioning,,11,13238.0,13260.0,22.0
Sectioning Station,Sectioning Station,Sectioning,,1,13258.0,13260.0,2.0
Histotechnicians,Histotechnicians,Sectioning,,11,13240.0,13262.0,22.0
Sectioning Station,Sectioning Station,Sectioning,,1,13260.0,13262.0,2.0
Histotechnicians,Histotechnicians,Sectioning,,11,13242.0,13264.0,22.0
Sectioning Station,Sectioning Station,Sectioning,,1,13262.0,13264.0,2.0
Histotechnicians,Histotechnicians,Sectioning,,11,13244.0,13266.0,22.0
Sectioning Station,Sectioning Station,Sectioning,,1,13264.0,13266.0,2.0
Histotechnicians,Histotechnicians,Sectioning,,11,13246.0,13268.0,22.0
Sectioning Station,Sectioning Station,Sectioning,,1,13266.0,13268.0,2.0
Histotechnicians,Histotechnicians,Sectioning,,11,13248.0,13270.0,22.0
Sectioning Station,Sectioning Station,Sectioning,,1,13268.0,13270.0,2.0
Histotechnicians,Histotechnicians,Sectioning,,11,13250.0,13272.0,22.0
Sectioning Station,Sectioning Station,Sectioning,,1,13270.0,13272.0,2.0
Histotechnicians,Histotechnicians,Sectioning,,11,13252.0,13274.0,22.0
Sectioning Station,Sectioning Station,Sectioning,,1,13272.0,13274.0,2.0
Histotechnicians,Histotechnicians,Sectioning,,11,13254.0,13276.0,22.0
Sectioning Station,Sectioning Station,Sectioning,,1,13274.0,13276.0,2.0
Histotechnicians,Histotechnicians,Sectioning,,11,13256.0,13278.0,22.0
Sectioning Station,Sectioning Station,Sectioning,,1,13276.0,13278.0,2.0
Histotechnicians,Histotechnicians,Sectioning,,11,13258.0,13280.0,22.0
Sectioning Station,Sectioning Station,Sectioning,,1,13278.0,13280.0,2.0
Junior Pathologists,Junior Pathologists (grossing),Grossing,grossing,6,14460.0,14470.0,10.0
Grossing Station,Grossing Station,Grossing,,2,14460.0,14470.0,10.0
Junior Pathologists,Junior Pathologists (grossing),Grossing,grossing,6,14460.0,14470.0,10.0
Grossing Station,Grossing Station,Grossing,,2,14460.0,14470.0,10.0
Junior Pathologists,Junior Pathologists (grossing),Grossing,grossing,6,14460.0,14480.0,20.0
Grossing Station,Grossing Station,Grossing,,2,14470.0,14480.0,10.0
Junior Pathologists,Junior Pathologists (grossing),Grossing,grossing,6,14460.0,14490.0,30.0
Grossing Station,Grossing Station,Grossing,,2,14480.0,14490.0,10.0
Histotechnicians,Histotechnicians,Staining,,11,14460.0,14495.0,35.0
Staining Station,Staining Station,Staining,,1,14460.0,14495.0,35.0
Junior Pathologists,Junior Pathologists (grossing),Grossing,grossing,6,14460.0,14500.0,40.0
Grossing Station,Grossing Station,Grossing,,2,14470.0,14500.0,30.0
Junior Pathologists,Junior Pathologists (grossing),Grossing,grossing,6,14470.0,14510.0,40.0
Grossing Station,Grossing Station,Grossing,,2,14500.0,14510.0,10.0
Junior Pathologists,Junior Pathologists (grossing),Grossing,grossing,6,14460.0,14520.0,60.0
Grossing Station,Grossing Station,Grossing,,2,14490.0,14520.0,30.0
Junior Pathologists,Junior Pathologists (grossing),Grossing,grossing,6,14470.0,14520.0,50.0
Grossing Station,Grossing Station,Grossing,,2,14510.0,14520.0,10.0
Histotechnicians,Histotechnicians,Staining,,11,14460.0,14530.0,70.0
Staining Station,Staining Station,Staining,,1,14495.0,14530.0,35.0
Junior Pathologists,Junior Pathologists (grossing),Grossing,grossing,6,14480.0,14530.0,50.0
Grossing Station,Grossing Station,Grossing,,2,14520.0,14530.0,10.0
Junior Pathologists,Junior Pathologists (grossing),Grossing,grossing,6,14490.0,14530.0,40.0
Grossing Station,Grossing Station,Grossing,,2,14520.0,14530.0,10.0
Junior Pathologists,Junior Pathologists (grossing),Grossing,grossing,6,14500.0,14540.0,40.0
Grossing Station,Grossing Station,Grossing,,2,14530.0,14540.0,10.0
Junior Pathologists,Junior Pathologists (grossing),Grossing,grossing,6,14510.0,14540.0,30.0
Grossing Station,Grossing Station,Grossing,,2,14530.0,14540.0,10.0
Junior Pathologists,Junior Pathologists (grossing),Grossing,grossing,6,14520.0,14550.0,30.0
Grossing Station,Grossing Station,Grossing,,2,14540.0,14550.0,10.0
Junior Pathologists,Junior Pathologists (grossing),Grossing,grossing,6,14520.0,14550.0,30.0
Grossing Station,Grossing Station,Grossing,,2,14540.0,14550.0,10.0
Junior Pathologists,Junior Pathologists (grossing),Grossing,grossing,6,14530.0,14560.0,30.0
Grossing Station,Grossing Station,Grossing,,2,14550.0,14560.0,10.0
Histotechnicians,Histotechnicians,Staining,,11,14460.0,14565.0,105.0
Staining Station,Staining Station,Staining,,1,14530.0,14565.0,35.0
Junior Pathologists,Junior Pathologists (grossing),Grossing,grossing,6,14820.0,14830.0,10.0
Grossing Station,Grossing Station,Grossing,,2,14820.0,14830.0,10.0
Junior Pathologists,Junior Pathologists (grossing),Grossing,grossing,6,14820.0,14830.0,10.0
Grossing Station,Grossing Station,Grossing,,2,14820.0,14830.0,10.0
Junior Pathologists,Junior Pathologists (grossing),Grossing,grossing,6,14859.625860613944,14869.625860613944,10.0
Grossing Station,Grossing Station,Grossing,,2,14859.625860613944,14869.625860613944,10.0
Junior Pathologists,Junior Pathologists (grossing),Grossing,grossing,6,14911.130377178533,14921.130377178533,10.0
Grossing Station,Grossing Station,Grossing,,2,14911.130377178533,14921.130377178533,10.0
Junior Pathologists,Junior Pathologists (screening),slide screening,screening,6,14940.0,14962.178907306843,22.17890730684303
Junior Pathologists,Junior Pathologists (screening),slide screening,screening,6,14940.0,14962.701641254323,22.701641254323476
Junior Pathologists,Junior Pathologists (screening),slide screening,screening,6,14940.0,14964.564246631746,24.564246631745846
Junior Pathologists,Junior Pathologists (screening),slide screening,screening,6,14940.0,14965.005379089554,25.00537908955448
Junior Pathologists,Junior Pathologists (screening),slide screening,screening,6,14940.0,14966.88584356031,26.885843560310605
Junior Pathologists,Junior Pathologists (screening),slide screening,screening,6,14940.0,14974.103404701691,34.10340470169103
Junior Pathologists,Junior Pathologists (screening),slide screening,screening,6,14962.701641254323,14976.535657026707,13.834015772383282
Junior Pathologists,Junior Pathologists (screening),slide screening,screening,6,14966.88584356031,14982.626551238363,15.740707678052786
Junior Pathologists,Junior Pathologists (screening),slide screening,screening,6,14965.005379089554,14983.410304928437,18.404925838882264
Junior Pathologists,Junior Pathologists (screening),slide screening,screening,6,14962.178907306843,14983.704695128461,21.525787821617996
Junior Pathologists,Junior Pathologists (screening),slide screening,screening,6,14964.564246631746,14985.885360923266,21.321114291520644
Junior Pathologists,Junior Pathologists (screening),slide screening,screening,6,14974.103404701691,14999.480985131098,25.377580429407317
Junior Pathologists,Junior Pathologists (screening),slide screening,screening,6,14976.535657026707,15000.617726327664,24.0820693009573
Junior Pathologists,Junior Pathologists (screening),slide screening,screening,6,14985.885360923266,15003.106441447944,17.221080524677745
Junior Pathologists,Junior Pathologists (screening),slide screening,screening,6,14983.704695128461,15003.597129491418,19.89243436295692
Junior Pathologists,Junior Pathologists (screening),slide screening,screening,6,14982.626551238363,15012.896581288285,30.270030049921843
Junior Pathologists,Junior Pathologists (screening),slide screening,screening,6,14983.410304928437,15013.037861795614,29.62755686717719
Junior Pathologists,Junior Pathologists (screening),slide screening,screening,6,15003.106441447944,15014.841730141412,11.735288693467737
Junior Pathologists,Junior Pathologists (screening),slide screening,screening,6,14999.480985131098,15018.454701453036,18.9737163219379
Junior Pathologists,Junior Pathologists (screening),slide screening,screening,6,15000.617726327664,15019.962991222004,19.34526489434029
Junior Pathologists,Junior Pathologists (screening),slide screening,screening,6,15012.896581288285,15025.31109232978,12.414511041495643
Junior Pathologists,Junior Pathologists (screening),slide screening,screening,6,15003.597129491418,15028.969082021453,25.371952530034832
Junior Pathologists,Junior Pathologists (screening),slide screening,screening,6,15014.841730141412,15029.220618463642,14.378888322229614
Junior Pathologists,Junior Pathologists (screening),slide screening,screening,6,15013.037861795614,15031.673750678778,18.635888883163716
Junior Pathologists,Junior Pathologists (screening),slide screening,screening,6,15018.454701453036,15034.731074933798,16.276373480761322
Junior Pathologists,Junior Pathologists (screening),slide screening,screening,6,15025.31109232978,15043.92818199704,18.61708966725928
Junior Pathologists,Junior Pathologists (screening),slide screening,screening,6,15029.220618463642,15044.243767050515,15.023148586873504
Junior Pathologists,Junior Pathologists (screening),slide screening,screening,6,15019.962991222004,15046.569486025224,26.606494803219903
Junior Pathologists,Junior Pathologists (screening),slide screening,screening,6,15031.673750678778,15048.762938526581,17.08918784780326
Junior Pathologists,Junior Pathologists (screening),slide screening,screening,6,15028.969082021453,15051.607027984996,22.637945963542734
Junior Pathologists,Junior Pathologists (screening),slide screening,screening,6,15034.731074933798,15059.857376074024,25.126301140226133
Junior Pathologists,Junior Pathologists (screening),slide screening,screening,6,15044.243767050515,15061.82842601735,17.584658966834468
Junior Pathologists,Junior Pathologists (screening),slide screening,screening,6,15043.92818199704,15069.530367778341,25.60218578130116
Junior Pathologists,Junior Pathologists (screening),slide screening,screening,6,15051.607027984996,15071.637141060204,20.030113075208646
Junior Pathologists,Junior Pathologists (screening),slide screening,screening,6,15046.569486025224,15074.004846928286,27.435360903062247
Junior Pathologists,Junior Pathologists (screening),slide screening,screening,6,15059.857376074024,15078.552229823783,18.694853749759204
Junior Pathologists,Junior Pathologists (screening),slide screening,screening,6,15061.82842601735,15080.04266115273,18.214235135379568
Junior Pathologists,Junior Pathologists (screening),slide screening,screening,6,15048.762938526581,15080.61553815131,31.85259962472992
Junior Pathologists,Junior Pathologists (screening),slide screening,screening,6,15078.552229823783,15091.50145677118,12.94922694739762
Junior Pathologists,Junior Pathologists (screening),slide screening,screening,6,15071.637141060204,15093.805587301073,22.168446240868434
Junior Pathologists,Junior Pathologists (screening),slide screening,screening,6,15074.004846928286,15094.351885725353,20.34703879706649
Junior Pathologists,Junior Pathologists (screening),slide screening,screening,6,15069.530367778341,15096.432326625709,26.901958847367496
Junior Pathologists,Junior Pathologists (screening),slide screening,screening,6,15080.04266115273,15097.07900786992,17.0363467171901
Junior Pathologists,Junior Pathologists (screening),slide screening,screening,6,15094.351885725353,15105.726685648098,11.374799922745296
Junior Pathologists,Junior Pathologists (screening),slide screening,screening,6,15080.61553815131,15107.244209708908,26.628671557597045
Junior Pathologists,Junior Pathologists (screening),slide screening,screening,6,15091.50145677118,15112.087214010802,20.58575723962167
Junior Pathologists,Junior Pathologists (screening),slide screening,screening,6,15093.805587301073,15112.261570181321,18.455982880248484
Junior Pathologists,Junior Pathologists (screening),slide screening,screening,6,15096.432326625709,15113.553397714035,17.12107108832606
Junior Pathologists,Junior Pathologists (screening),slide screening,screening,6,15097.07900786992,15114.209599572583,17.130591702663878
Junior Pathologists,Junior Pathologists (screening),slide screening,screening,6,15105.726685648098,15121.569382389056,15.842696740957763
Junior Pathologists,Junior Pathologists (screening),slide screening,screening,6,15112.261570181321,15125.808443175405,13.54687299408397
Junior Pathologists,Junior Pathologists (screening),slide screening,screening,6,15113.553397714035,15127.97969178213,14.426294068094649
Junior Pathologists,Junior Pathologists (screening),slide screening,screening,6,15112.087214010802,15128.45351672663,16.36630271582726
Junior Pathologists,Junior Pathologists (screening),slide screening,screening,6,15114.209599572583,15134.176820873568,19.96722130098533
Junior Pathologists,Junior Pathologists (screening),slide screening,screening,6,15121.569382389056,15135.30195765052,13.732575261463353
Junior Pathologists,Junior Pathologists (screening),slide screening,screening,6,15107.244209708908,15135.550592311187,28.306382602278973
Junior Pathologists,Junior Pathologists (screening),slide screening,screening,6,15127.97969178213,15144.399935315992,16.42024353386296
Junior Pathologists,Junior Pathologists (screening),slide screening,screening,6,15128.45351672663,15148.088996475548,19.635479748918442
Junior Pathologists,Junior Pathologists (screening),slide screening,screening,6,15134.176820873568,15153.283612373396,19.106791499827523
Junior Pathologists,Junior Pathologists (screening),slide screening,screening,6,15125.808443175405,15162.20715349951,36.398710324105195
Junior Pathologists,Junior Pathologists (grossing),Grossing,grossing,6,15900.0,15910.0,10.0
Grossing Station,Grossing Station,Grossing,,2,15900.0,15910.0,10.0
Junior Pathologists,Junior Pathologists (grossing),Grossing,grossing,6,15900.0,15920.0,20.0
Grossing Station,Grossing Station,Grossing,,2,15910.0,15920.0,10.0
Junior Pathologists,Junior Pathologists (grossing),Grossing,grossing,6,15900.0,15930.0,30.0
Grossing Station,Grossing Station,Grossing,,2,15900.0,15930.0,30.0
Junior Pathologists,Junior Pathologists (grossing),Grossing,grossing,6,15900.0,15930.0,30.0
Grossing Station,Grossing Station,Grossing,,2,15920.0,15930.0,10.0
Senior Pathologists,Senior Pathologists,Reporting,,5,15960.0,15969.833705126579,9.833705126578934
Senior Pathologists,Senior Pathologists,Reporting,,5,15960.0,15970.40606226642,10.406062266420122
Senior Pathologists,Senior Pathologists,Reporting,,5,15960.0,15972.362159667015,12.362159667014566
Senior Pathologists,Senior Pathologists,Reporting,,5,15960.0,15972.69787211877,12.697872118769737
Histotechnicians,Histotechnicians,Sectioning,,11,15972.69787211877,15974.69787211877,2.0
Sectioning Station,Sectioning Station,Sectioning,,1,15972.69787211877,15974.69787211877,2.0
Senior Pathologists,Senior Pathologists,Reporting,,5,15960.0,15975.76264745668,15.762647456680497
Histotechnicians,Histotechnicians,Sectioning,,11,15972.69787211877,15976.69787211877,4.0
Sectioning Station,Sectioning Station,Sectioning,,1,15974.69787211877,15976.69787211877,2.0
Histotechnicians,Histotechnicians,Sectioning,,11,15972.69787211877,15978.69787211877,6.0
Sectioning Station,Sectioning Station,Sectioning,,1,15976.69787211877,15978.69787211877,2.0
Histotechnicians,Histotechnicians,Sectioning,,11,15972.69787211877,15980.69787211877,8.0
Sectioning Station,Sectioning Station,Sectioning,,1,15978.69787211877,15980.69787211877,2.0
Histotechnicians,Histotechnicians,Sectioning,,11,15972.69787211877,15982.69787211877,10.0
Sectioning Station,Sectioning Station,Sectioning,,1,15980.69787211877,15982.69787211877,2.0
Senior Pathologists,Senior Pathologists,Reporting,,5,15975.76264745668,15983.937865084928,8.175217628247992
Senior Pathologists,Senior Pathologists,Reporting,,5,15972.69787211877,15983.969634326098,11.27176220732872
Senior Pathologists,Senior Pathologists,Reporting,,5,15970.40606226642,15985.634292296005,15.228230029584665
Histotechnicians,Histotechnicians,Sectioning,,11,15983.937865084928,15985.937865084928,2.0
Sectioning Station,Sectioning Station,Sectioning,,1,15983.937865084928,15985.937865084928,2.0
Histotechnicians,Histotechnicians,Sectioning,,11,15983.937865084928,15987.937865084928,4.0
Sectioning Station,Sectioning Station,Sectioning,,1,15985.937865084928,15987.937865084928,2.0
Senior Pathologists,Senior Pathologists,Reporting,,5,15972.362159667015,15989.74362868256,17.381469015545008
Histotechnicians,Histotechnicians,Sectioning,,11,15983.937865084928,15989.937865084928,6.0
Sectioning Station,Sectioning Station,Sectioning,,1,15987.937865084928,15989.937865084928,2.0
Histotechnicians,Histotechnicians,Sectioning,,11,15983.937865084928,15991.937865084928,8.0
Sectioning Station,Sectioning Station,Sectioning,,1,15989.937865084928,15991.937865084928,2.0
Histotechnicians,Histotechnicians,Sectioning,,11,15983.937865084928,15993.937865084928,10.0
Sectioning Station,Sectioning Station,Sectioning,,1,15991.937865084928,15993.937865084928,2.0
Senior Pathologists,Senior Pathologists,Reporting,,5,15983.969634326098,15993.96533215736,9.995697831262078
Senior Pathologists,Senior Pathologists,Reporting,,5,15983.937865084928,15995.321560081424,11.383694996495251
Histotechnicians,Histotechnicians,Sectioning,,11,15989.74362868256,15995.937865084928,6.194236402368915
Sectioning Station,Sectioning Station,Sectioning,,1,15993.937865084928,15995.937865084928,2.0
Histotechnicians,Histotechnicians,Sectioning,,11,15989.74362868256,15997.937865084928,8.194236402368915
Sectioning Station,Sectioning Station,Sectioning,,1,15995.937865084928,15997.937865084928,2.0
Senior Pathologists,Senior Pathologists,Reporting,,5,15985.634292296005,15999.835127415026,14.200835119021576
Histotechnicians,Histotechnicians,Sectioning,,11,15989.74362868256,15999.937865084928,10.194236402368915
Sectioning Station,Sectioning Station,Sectioning,,1,15997.937865084928,15999.937865084928,2.0
Histotechnicians,Histotechnicians,Sectioning,,11,15989.74362868256,16001.937865084928,12.194236402368915
Sectioning Station,Sectioning Station,Sectioning,,1,15999.937865084928,16001.937865084928,2.0
Histotechnicians,Histotechnicians,Sectioning,,11,15989.74362868256,16003.937865084928,14.194236402368915
Sectioning Station,Sectioning Station,Sectioning,,1,16001.937865084928,16003.937865084928,2.0
Senior Pathologists,Senior Pathologists,Reporting,,5,15989.74362868256,16004.075267312486,14.331638629926601
Senior Pathologists,Senior Pathologists,Reporting,,5,15993.96533215736,16006.505534477483,12.540202320122262
Senior Pathologists,Senior Pathologists,Reporting,,5,15969.833705126579,16008.354587535454,38.52088240887497
Histotechnicians,Histotechnicians,Sectioning,,11,16006.505534477483,16008.505534477483,2.0
Sectioning Station,Sectioning Station,Sectioning,,1,16006.505534477483,16008.505534477483,2.0
Histotechnicians,Histotechnicians,Sectioning,,11,16006.505534477483,16010.505534477483,4.0
Sectioning Station,Sectioning Station,Sectioning,,1,16008.505534477483,16010.505534477483,2.0
Histotechnicians,Histotechnicians,Sectioning,,11,16006.505534477483,16012.505534477483,6.0
Sectioning Station,Sectioning Station,Sectioning,,1,16010.505534477483,16012.505534477483,2.0
Senior Pathologists,Senior Pathologists,Reporting,,5,16004.075267312486,16012.897514640588,8.822247328102094
Histotechnicians,Histotechnicians,Sectioning,,11,16006.505534477483,16014.505534477483,8.0
Sectioning Station,Sectioning Station,Sectioning,,1,16012.505534477483,16014.505534477483,2.0
Senior Pathologists,Senior Pathologists,Reporting,,5,16006.505534477483,16016.316529121059,9.810994643576123
Histotechnicians,Histotechnicians,Sectioning,,11,16006.505534477483,16016.505534477483,10.0
Sectioning Station,Sectioning Station,Sectioning,,1,16014.505534477483,16016.505534477483,2.0
Histotechnicians,Histotechnicians,Sectioning,,11,16016.316529121059,16018.505534477483,2.189005356423877
Sectioning Station,Sectioning Station,Sectioning,,1,16016.505534477483,16018.505534477483,2.0
Histotechnicians,Histotechnicians,Sectioning,,11,16016.316529121059,16020.505534477483,4.189005356423877
Sectioning Station,Sectioning Station,Sectioning,,1,16018.505534477483,16020.505534477483,2.0
Senior Pathologists,Senior Pathologists,Reporting,,5,16012.897514640588,16020.58206348784,7.68454884725179
Histotechnicians,Histotechnicians,Sectioning,,11,16016.316529121059,16022.505534477483,6.189005356423877
Sectioning Station,Sectioning Station,Sectioning,,1,16020.505534477483,16022.505534477483,2.0
Senior Pathologists,Senior Pathologists,Reporting,,5,16008.354587535454,16023.060936378359,14.706348842904845
Senior Pathologists,Senior Pathologists,Reporting,,5,15995.321560081424,16024.197082800516,28.87552271909226
Histotechnicians,Histotechnicians,Sectioning,,11,16016.316529121059,16024.505534477483,8.189005356423877
Sectioning Station,Sectioning Station,Sectioning,,1,16022.505534477483,16024.505534477483,2.0
Histotechnicians,Histotechnicians,Sectioning,,11,16016.316529121059,16026.505534477483,10.189005356423877
Sectioning Station,Sectioning Station,Sectioning,,1,16024.505534477483,16026.505534477483,2.0
Histotechnicians,Histotechnicians,Sectioning,,11,16024.197082800516,16028.505534477483,4.308451676966797
Sectioning Station,Sectioning Station,Sectioning,,1,16026.505534477483,16028.505534477483,2.0
Histotechnicians,Histotechnicians,Staining,,11,15993.937865084928,16028.937865084928,35.0
Staining Station,Staining Station,Staining,,1,15993.937865084928,16028.937865084928,35.0
Histotechnicians,Histotechnicians,Sectioning,,11,16024.197082800516,16030.505534477483,6.308451676966797
Sectioning Station,Sectioning Station,Sectioning,,1,16028.505534477483,16030.505534477483,2.0
Senior Pathologists,Senior Pathologists,Reporting,,5,16016.316529121059,16030.882964993225,14.56643587216604
Histotechnicians,Histotechnicians,Sectioning,,11,16024.197082800516,16032.505534477483,8.308451676966797
Sectioning Station,Sectioning Station,Sectioning,,1,16030.505534477483,16032.505534477483,2.0
Senior Pathologists,Senior Pathologists,Reporting,,5,16023.060936378359,16032.52280374174,9.461867363381316
Senior Pathologists,Senior Pathologists,Reporting,,5,16020.58206348784,16032.807263318748,12.225199830907513
Senior Pathologists,Senior Pathologists,Reporting,,5,16024.197082800516,16033.858162267727,9.661079467210584
Histotechnicians,Histotechnicians,Sectioning,,11,16024.197082800516,16034.505534477483,10.308451676966797
Sectioning Station,Sectioning Station,Sectioning,,1,16032.505534477483,16034.505534477483,2.0
Histotechnicians,Histotechnicians,Sectioning,,11,16024.197082800516,16036.505534477483,12.308451676966797
Sectioning Station,Sectioning Station,Sectioning,,1,16034.505534477483,16036.505534477483,2.0
Senior Pathologists,Senior Pathologists,Reporting,,5,16030.882964993225,16037.069076711323,6.186111718097891
Histotechnicians,Histotechnicians,Sectioning,,11,16032.52280374174,16038.505534477483,5.982730735742734
Sectioning Station,Sectioning Station,Sectioning,,1,16036.505534477483,16038.505534477483,2.0
Histotechnicians,Histotechnicians,Sectioning,,11,16032.52280374174,16040.505534477483,7.982730735742734
Sectioning Station,Sectioning Station,Sectioning,,1,16038.505534477483,16040.505534477483,2.0
Histotechnicians,Histotechnicians,Sectioning,,11,16032.52280374174,16042.505534477483,9.982730735742734
Sectioning Station,Sectioning Station,Sectioning,,1,16040.505534477483,16042.505534477483,2.0
Senior Pathologists,Senior Pathologists,Reporting,,5,16032.52280374174,16042.582053964843,10.059250223102936
Histotechnicians,Histotechnicians,Sectioning,,11,16032.52280374174,16044.505534477483,11.982730735742734
Sectioning Station,Sectioning Station,Sectioning,,1,16042.505534477483,16044.505534477483,2.0
Senior Pathologists,Senior Pathologists,Reporting,,5,16032.807263318748,16044.709646992776,11.902383674028897
Senior Pathologists,Senior Pathologists,Reporting,,5,16033.858162267727,16045.157834711861,11.299672444134558
Histotechnicians,Histotechnicians,Sectioning,,11,16032.52280374174,16046.505534477483,13.982730735742734
Sectioning Station,Sectioning Station,Sectioning,,1,16044.505534477483,16046.505534477483,2.0
Histotechnicians,Histotechnicians,Sectioning,,11,16032.807263318748,16048.505534477483,15.698271158735224
Sectioning Station,Sectioning Station,Sectioning,,1,16046.505534477483,16048.505534477483,2.0
Senior Pathologists,Senior Pathologists,Reporting,,5,16037.069076711323,16048.508545699799,11.43946898847571
Histotechnicians,Histotechnicians,Sectioning,,11,16032.807263318748,16050.505534477483,17.698271158735224
Sectioning Station,Sectioning Station,Sectioning,,1,16048.505534477483,16050.505534477483,2.0
Histotechnicians,Histotechnicians,Sectioning,,11,16032.807263318748,16052.505534477483,19.698271158735224
Sectioning Station,Sectioning Station,Sectioning,,1,16050.505534477483,16052.505534477483,2.0
Senior Pathologists,Senior Pathologists,Reporting,,5,16045.157834711861,16053.55709331742,8.399258605559226
Histotechnicians,Histotechnicians,Sectioning,,11,16032.807263318748,16054.505534477483,21.698271158735224
Sectioning Station,Sectioning Station,Sectioning,,1,16052.505534477483,16054.505534477483,2.0
Histotechnicians,Histotechnicians,Sectioning,,11,16034.505534477483,16056.505534477483,22.0
Sectioning Station,Sectioning Station,Sectioning,,1,16054.505534477483,16056.505534477483,2.0
Senior Pathologists,Senior Pathologists,Reporting,,5,16042.582053964843,16057.27883204075,14.696778075907787
Histotechnicians,Histotechnicians,Sectioning,,11,16045.157834711861,16058.505534477483,13.347699765621655
Sectioning Station,Sectioning Station,Sectioning,,1,16056.505534477483,16058.505534477483,2.0
Senior Pathologists,Senior Pathologists,Reporting,,5,16048.508545699799,16058.902843465363,10.39429776556426
Senior Pathologists,Senior Pathologists,Reporting,,5,16044.709646992776,16059.319867977045,14.61022098426838
Histotechnicians,Histotechnicians,Sectioning,,11,16045.157834711861,16060.505534477483,15.347699765621655
Sectioning Station,Sectioning Station,Sectioning,,1,16058.505534477483,16060.505534477483,2.0
Histotechnicians,Histotechnicians,Sectioning,,11,16045.157834711861,16062.505534477483,17.347699765621655
Sectioning Station,Sectioning Station,Sectioning,,1,16060.505534477483,16062.505534477483,2.0
Senior Pathologists,Senior Pathologists,Reporting,,5,16053.55709331742,16063.96781199677,10.410718679349884
Histotechnicians,Histotechnicians,Sectioning,,11,16045.157834711861,16064.505534477483,19.347699765621655
Sectioning Station,Sectioning Station,Sectioning,,1,16062.505534477483,16064.505534477483,2.0
Histotechnicians,Histotechnicians,Sectioning,,11,16045.157834711861,16066.505534477483,21.347699765621655
Sectioning Station,Sectioning Station,Sectioning,,1,16064.505534477483,16066.505534477483,2.0
Senior Pathologists,Senior Pathologists,Reporting,,5,15999.835127415026,16068.290711494921,68.45558407989483
Histotechnicians,Histotechnicians,Sectioning,,11,16063.96781199677,16068.505534477483,4.537722480712546
Sectioning Station,Sectioning Station,Sectioning,,1,16066.505534477483,16068.505534477483,2.0
Senior Pathologists,Senior Pathologists,Reporting,,5,16057.27883204075,16069.549961360899,12.271129320148248
Senior Pathologists,Senior Pathologists,Reporting,,5,16058.902843465363,16070.105573215633,11.20272975027001
Histotechnicians,Histotechnicians,Sectioning,,11,16063.96781199677,16070.505534477483,6.537722480712546
Sectioning Station,Sectioning Station,Sectioning,,1,16068.505534477483,16070.505534477483,2.0
Histotechnicians,Histotechnicians,Sectioning,,11,16063.96781199677,16072.505534477483,8.537722480712546
Sectioning Station,Sectioning Station,Sectioning,,1,16070.505534477483,16072.505534477483,2.0
Histotechnicians,Histotechnicians,Sectioning,,11,16063.96781199677,16074.505534477483,10.537722480712546
Sectioning Station,Sectioning Station,Sectioning,,1,16072.505534477483,16074.505534477483,2.0
Senior Pathologists,Senior Pathologists,Reporting,,5,16068.290711494921,16076.009396968686,7.718685473764708
Histotechnicians,Histotechnicians,Sectioning,,11,16063.96781199677,16076.505534477483,12.537722480712546
Sectioning Station,Sectioning Station,Sectioning,,1,16074.505534477483,16076.505534477483,2.0
Senior Pathologists,Senior Pathologists,Reporting,,5,16063.96781199677,16077.709268027336,13.741456030566042
Senior Pathologists,Senior Pathologists,Reporting,,5,16070.105573215633,16079.204365580581,9.098792364948167
Senior Pathologists,Senior Pathologists,Reporting,,5,16069.549961360899,16081.457613457802,11.907652096902893
Histotechnicians,Histotechnicians,Staining,,11,16046.505534477483,16081.505534477483,35.0
Staining Station,Staining Station,Staining,,1,16046.505534477483,16081.505534477483,35.0
Histotechnicians,Histotechnicians,Sectioning,,11,16081.457613457802,16083.457613457802,2.0
Sectioning Station,Sectioning Station,Sectioning,,1,16081.457613457802,16083.457613457802,2.0
Histotechnicians,Histotechnicians,Sectioning,,11,16081.457613457802,16085.457613457802,4.0
Sectioning Station,Sectioning Station,Sectioning,,1,16083.457613457802,16085.457613457802,2.0
Histotechnicians,Histotechnicians,Sectioning,,11,16081.457613457802,16087.457613457802,6.0
Sectioning Station,Sectioning Station,Sectioning,,1,16085.457613457802,16087.457613457802,2.0
Senior Pathologists,Senior Pathologists,Reporting,,5,16076.009396968686,16088.694977572342,12.68558060365649
Histotechnicians,Histotechnicians,Sectioning,,11,16081.457613457802,16089.457613457802,8.0
Sectioning Station,Sectioning Station,Sectioning,,1,16087.457613457802,16089.457613457802,2.0
Senior Pathologists,Senior Pathologists,Reporting,,5,16079.204365580581,16090.822853711701,11.618488131120102
Histotechnicians,Histotechnicians,Sectioning,,11,16081.457613457802,16091.457613457802,10.0
Sectioning Station,Sectioning Station,Sectioning,,1,16089.457613457802,16091.457613457802,2.0
Senior Pathologists,Senior Pathologists,Reporting,,5,16081.457613457802,16093.20887691786,11.751263460058908
Senior Pathologists,Senior Pathologists,Reporting,,5,16077.709268027336,16095.302720620022,17.593452592685935
Senior Pathologists,Senior Pathologists,Reporting,,5,16088.694977572342,16097.644423891603,8.94944631926046
Senior Pathologists,Senior Pathologists,Reporting,,5,16090.822853711701,16101.9570943608,11.134240649098501
Senior Pathologists,Senior Pathologists,Reporting,,5,16097.644423891603,16106.064341790408,8.41991789880558
Senior Pathologists,Senior Pathologists,Reporting,,5,16093.20887691786,16106.09517746506,12.886300547199426
Senior Pathologists,Senior Pathologists,Reporting,,5,16095.302720620022,16108.574414977853,13.271694357830711
Senior Pathologists,Senior Pathologists,Reporting,,5,16059.319867977045,16110.632848131263,51.31298015421817
Senior Pathologists,Senior Pathologists,Reporting,,5,16101.9570943608,16112.245516982955,10.28842262215585
Senior Pathologists,Senior Pathologists,Reporting,,5,16108.574414977853,16114.074573312713,5.500158334860316
Histotechnicians,Histotechnicians,Sectioning,,11,16112.245516982955,16114.245516982955,2.0
Sectioning Station,Sectioning Station,Sectioning,,1,16112.245516982955,16114.245516982955,2.0
Histotechnicians,Histotechnicians,Sectioning,,11,16112.245516982955,16116.245516982955,4.0
Sectioning Station,Sectioning Station,Sectioning,,1,16114.245516982955,16116.245516982955,2.0
Senior Pathologists,Senior Pathologists,Reporting,,5,16106.064341790408,16117.004686425955,10.940344635546353
Histotechnicians,Histotechnicians,Sectioning,,11,16112.245516982955,16118.245516982955,6.0
Sectioning Station,Sectioning Station,Sectioning,,1,16116.245516982955,16118.245516982955,2.0
Senior Pathologists,Senior Pathologists,Reporting,,5,16106.09517746506,16118.88697225932,12.791794794260568
Senior Pathologists,Senior Pathologists,Reporting,,5,16112.245516982955,16119.465494618975,7.219977636019394
Histotechnicians,Histotechnicians,Sectioning,,11,16112.245516982955,16120.245516982955,8.0
Sectioning Station,Sectioning Station,Sectioning,,1,16118.245516982955,16120.245516982955,2.0
Histotechnicians,Histotechnicians,Sectioning,,11,16112.245516982955,16122.245516982955,10.0
Sectioning Station,Sectioning Station,Sectioning,,1,16120.245516982955,16122.245516982955,2.0
Senior Pathologists,Senior Pathologists,Reporting,,5,16114.074573312713,16126.18998819247,12.115414879755917
Senior Pathologists,Senior Pathologists,Reporting,,5,16117.004686425955,16127.79970912081,10.795022694856016
Histotechnicians,Histotechnicians,Sectioning,,11,16127.79970912081,16129.79970912081,2.0
Sectioning Station,Sectioning Station,Sectioning,,1,16127.79970912081,16129.79970912081,2.0
Histotechnicians,Histotechnicians,Sectioning,,11,16127.79970912081,16131.79970912081,4.0
Sectioning Station,Sectioning Station,Sectioning,,1,16129.79970912081,16131.79970912081,2.0
Histotechnicians,Histotechnicians,Sectioning,,11,16127.79970912081,16133.79970912081,6.0
Sectioning Station,Sectioning Station,Sectioning,,1,16131.79970912081,16133.79970912081,2.0
Histotechnicians,Histotechnicians,Sectioning,,11,16127.79970912081,16135.79970912081,8.0
Sectioning Station,Sectioning Station,Sectioning,,1,16133.79970912081,16135.79970912081,2.0
Histotechnicians,Histotechnicians,Sectioning,,11,16127.79970912081,16137.79970912081,10.0
Sectioning Station,Sectioning Station,Sectioning,,1,16135.79970912081,16137.79970912081,2.0
Histotechnicians,Histotechnicians,Staining,,11,16122.245516982955,16157.245516982955,35.0
Staining Station,Staining Station,Staining,,1,16122.245516982955,16157.245516982955,35.0
Senior Pathologists,Senior Pathologists,Reporting,,5,16118.88697225932,16169.814263460623,50.92729120130207
Senior Pathologists,Senior Pathologists,Reporting,,5,16110.632848131263,16194.11755291643,83.4847047851672
Junior Pathologists,Junior Pathologists (grossing),Grossing,grossing,6,16260.0,16270.0,10.0
Grossing Station,Grossing Station,Grossing,,2,16260.0,16270.0,10.0
Junior Pathologists,Junior Pathologists (grossing),Grossing,grossing,6,16260.0,16270.0,10.0
Grossing Station,Grossing Station,Grossing,,2,16260.0,16270.0,10.0
Junior Pathologists,Junior Pathologists (screening),slide screening,screening,6,16379.99999999415,16394.220194214748,14.220194220597477
Junior Pathologists,Junior Pathologists (screening),slide screening,screening,6,16379.99999999415,16399.482879357063,19.48287936291308
Junior Pathologists,Junior Pathologists (screening),slide screening,screening,6,16379.999999999622,16402.21053423888,22.21053423925696
Junior Pathologists,Junior Pathologists (screening),slide screening,screening,6,16379.99999999415,16402.370991831795,22.370991837644397
Junior Pathologists,Junior Pathologists (screening),slide screening,screening,6,16379.99999999415,16403.232104806742,23.232104812592297
Junior Pathologists,Junior Pathologists (screening),slide screening,screening,6,16399.482879357063,16412.678412137517,13.195532780453505
Junior Pathologists,Junior Pathologists (screening),slide screening,screening,6,16394.220194214748,16413.025181996305,18.80498778155743
Junior Pathologists,Junior Pathologists (screening),slide screening,screening,6,16379.99999999415,16415.840564705875,35.840564711725165
Junior Pathologists,Junior Pathologists (screening),slide screening,screening,6,16402.370991831795,16420.922723400883,18.551731569088588
Junior Pathologists,Junior Pathologists (screening),slide screening,screening,6,16403.232104806742,16423.774620576056,20.542515769313468
Junior Pathologists,Junior Pathologists (screening),slide screening,screening,6,16402.21053423888,16424.00859858465,21.7980643457704
Junior Pathologists,Junior Pathologists (screening),slide screening,screening,6,16413.025181996305,16429.410729438332,16.38554744202702
Junior Pathologists,Junior Pathologists (screening),slide screening,screening,6,16412.678412137517,16429.98032751031,17.30191537279461
Junior Pathologists,Junior Pathologists (screening),slide screening,screening,6,16415.840564705875,16433.537381629936,17.69681692406084
Junior Pathologists,Junior Pathologists (screening),slide screening,screening,6,16420.922723400883,16445.298981454314,24.37625805343123
Junior Pathologists,Junior Pathologists (screening),slide screening,screening,6,16429.410729438332,16448.513816248487,19.10308681015522
Junior Pathologists,Junior Pathologists (screening),slide screening,screening,6,16423.774620576056,16449.876292515823,26.101671939766675
Junior Pathologists,Junior Pathologists (screening),slide screening,screening,6,16424.00859858465,16451.938989326856,27.930390742207237
Junior Pathologists,Junior Pathologists (screening),slide screening,screening,6,16429.98032751031,16453.24514480203,23.264817291717918
Junior Pathologists,Junior Pathologists (grossing),Grossing,grossing,6,17340.0,17350.0,10.0
Grossing Station,Grossing Station,Grossing,,2,17340.0,17350.0,10.0
Junior Pathologists,Junior Pathologists (grossing),Grossing,grossing,6,17340.0,17350.0,10.0
Grossing Station,Grossing Station,Grossing,,2,17340.0,17350.0,10.0
Junior Pathologists,Junior Pathologists (grossing),Grossing,grossing,6,17340.0,17360.0,20.0
Grossing Station,Grossing Station,Grossing,,2,17350.0,17360.0,10.0
Junior Pathologists,Junior Pathologists (grossing),Grossing,grossing,6,17340.0,17370.0,30.0
Grossing Station,Grossing Station,Grossing,,2,17360.0,17370.0,10.0
Junior Pathologists,Junior Pathologists (grossing),Grossing,grossing,6,17340.0,17380.0,40.0
Grossing Station,Grossing Station,Grossing,,2,17350.0,17380.0,30.0
Junior Pathologists,Junior Pathologists (grossing),Grossing,grossing,6,17340.00000000064,17380.0,39.999999999359716
Grossing Station,Grossing Station,Grossing,,2,17370.0,17380.0,10.0
Junior Pathologists,Junior Pathologists (grossing),Grossing,grossing,6,17350.0,17390.0,40.0
Grossing Station,Grossing Station,Grossing,,2,17380.0,17390.0,10.0
Junior Pathologists,Junior Pathologists (grossing),Grossing,grossing,6,17350.0,17390.0,40.0
Grossing Station,Grossing Station,Grossing,,2,17380.0,17390.0,10.0
Senior Pathologists,Senior Pathologists,Reporting,,5,17400.0,17408.248938543013,8.248938543012628
Senior Pathologists,Senior Pathologists,Reporting,,5,17400.0,17409.182681784656,9.18268178465587
Senior Pathologists,Senior Pathologists,Reporting,,5,17400.0,17409.789967256387,9.789967256387172
Histotechnicians,Histotechnicians,Sectioning,,11,17408.248938543013,17410.248938543013,2.0
Sectioning Station,Sectioning Station,Sectioning,,1,17408.248938543013,17410.248938543013,2.0
Senior Pathologists,Senior Pathologists,Reporting,,5,17400.0,17410.886424692693,10.886424692693254
Histotechnicians,Histotechnicians,Sectioning,,11,17408.248938543013,17412.248938543013,4.0
Sectioning Station,Sectioning Station,Sectioning,,1,17410.248938543013,17412.248938543013,2.0
Senior Pathologists,Senior Pathologists,Reporting,,5,17400.0,17413.397295252897,13.397295252896583
Histotechnicians,Histotechnicians,Sectioning,,11,17408.248938543013,17414.248938543013,6.0
Sectioning Station,Sectioning Station,Sectioning,,1,17412.248938543013,17414.248938543013,2.0
Histotechnicians,Histotechnicians,Sectioning,,11,17408.248938543013,17416.248938543013,8.0
Sectioning Station,Sectioning Station,Sectioning,,1,17414.248938543013,17416.248938543013,2.0
Senior Pathologists,Senior Pathologists,Reporting,,5,17409.182681784656,17416.37228955912,7.189607774464093
Senior Pathologists,Senior Pathologists,Reporting,,5,17410.886424692693,17416.90759406594,6.021169373245357
Histotechnicians,Histotechnicians,Sectioning,,11,17408.248938543013,17418.248938543013,10.0
Sectioning Station,Sectioning Station,Sectioning,,1,17416.248938543013,17418.248938543013,2.0
Histotechnicians,Histotechnicians,Sectioning,,11,17410.886424692693,17420.248938543013,9.362513850319374
Sectioning Station,Sectioning Station,Sectioning,,1,17418.248938543013,17420.248938543013,2.0
Senior Pathologists,Senior Pathologists,Reporting,,5,17408.248938543013,17421.46483859906,13.215900056045939
Histotechnicians,Histotechnicians,Sectioning,,11,17410.886424692693,17422.248938543013,11.362513850319374
Sectioning Station,Sectioning Station,Sectioning,,1,17420.248938543013,17422.248938543013,2.0
Histotechnicians,Histotechnicians,Sectioning,,11,17410.886424692693,17424.248938543013,13.362513850319374
Sectioning Station,Sectioning Station,Sectioning,,1,17422.248938543013,17424.248938543013,2.0
Histotechnicians,Histotechnicians,Sectioning,,11,17410.886424692693,17426.248938543013,15.362513850319374
Sectioning Station,Sectioning Station,Sectioning,,1,17424.248938543013,17426.248938543013,2.0
Senior Pathologists,Senior Pathologists,Reporting,,5,17416.37228955912,17427.399913405974,11.027623846854112
Senior Pathologists,Senior Pathologists,Reporting,,5,17416.90759406594,17428.027603489547,11.12000942360828
Histotechnicians,Histotechnicians,Sectioning,,11,17410.886424692693,17428.248938543013,17.362513850319374
Sectioning Station,Sectioning Station,Sectioning,,1,17426.248938543013,17428.248938543013,2.0
Senior Pathologists,Senior Pathologists,Reporting,,5,17413.397295252897,17428.668638712643,15.271343459746276
Histotechnicians,Histotechnicians,Sectioning,,11,17416.90759406594,17430.248938543013,13.341344477074017
Sectioning Station,Sectioning Station,Sectioning,,1,17428.248938543013,17430.248938543013,2.0
Senior Pathologists,Senior Pathologists,Reporting,,5,17421.46483859906,17431.28197426669,9.817135667632101
Histotechnicians,Histotechnicians,Sectioning,,11,17416.90759406594,17432.248938543013,15.341344477074017
Sectioning Station,Sectioning Station,Sectioning,,1,17430.248938543013,17432.248938543013,2.0
Senior Pathologists,Senior Pathologists,Reporting,,5,17428.027603489547,17433.545297907018,5.517694417470921
Histotechnicians,Histotechnicians,Sectioning,,11,17416.90759406594,17434.248938543013,17.341344477074017
Sectioning Station,Sectioning Station,Sectioning,,1,17432.248938543013,17434.248938543013,2.0
Histotechnicians,Histotechnicians,Sectioning,,11,17416.90759406594,17436.248938543013,19.341344477074017
Sectioning Station,Sectioning Station,Sectioning,,1,17434.248938543013,17436.248938543013,2.0
Histotechnicians,Histotechnicians,Sectioning,,11,17416.90759406594,17438.248938543013,21.341344477074017
Sectioning Station,Sectioning Station,Sectioning,,1,17436.248938543013,17438.248938543013,2.0
Histotechnicians,Histotechnicians,Sectioning,,11,17421.46483859906,17440.248938543013,18.78409994395406
Sectioning Station,Sectioning Station,Sectioning,,1,17438.248938543013,17440.248938543013,2.0
Senior Pathologists,Senior Pathologists,Reporting,,5,17409.789967256387,17440.39999266162,30.61002540523259
Senior Pathologists,Senior Pathologists,Reporting,,5,17428.668638712643,17441.962646024916,13.294007312273607
Histotechnicians,Histotechnicians,Sectioning,,11,17421.46483859906,17442.248938543013,20.78409994395406
Sectioning Station,Sectioning Station,Sectioning,,1,17440.248938543013,17442.248938543013,2.0
Senior Pathologists,Senior Pathologists,Reporting,,5,17433.545297907018,17442.39979814845,8.854500241432106
Histotechnicians,Histotechnicians,Sectioning,,11,17422.248938543013,17444.248938543013,22.0
Sectioning Station,Sectioning Station,Sectioning,,1,17442.248938543013,17444.248938543013,2.0
Senior Pathologists,Senior Pathologists,Reporting,,5,17427.399913405974,17444.764336113803,17.364422707829362
Senior Pathologists,Senior Pathologists,Reporting,,5,17431.28197426669,17445.199871373883,13.917897107192402
Histotechnicians,Histotechnicians,Sectioning,,11,17424.248938543013,17446.248938543013,22.0
Sectioning Station,Sectioning Station,Sectioning,,1,17444.248938543013,17446.248938543013,2.0
Histotechnicians,Histotechnicians,Sectioning,,11,17426.248938543013,17448.248938543013,22.0
Sectioning Station,Sectioning Station,Sectioning,,1,17446.248938543013,17448.248938543013,2.0
Histotechnicians,Histotechnicians,Sectioning,,11,17428.248938543013,17450.248938543013,22.0
Sectioning Station,Sectioning Station,Sectioning,,1,17448.248938543013,17450.248938543013,2.0
Senior Pathologists,Senior Pathologists,Reporting,,5,17440.39999266162,17451.39559425882,10.99560159720204
Histotechnicians,Histotechnicians,Sectioning,,11,17430.248938543013,17452.248938543013,22.0
Sectioning Station,Sectioning Station,Sectioning,,1,17450.248938543013,17452.248938543013,2.0
Histotechnicians,Histotechnicians,Sectioning,,11,17432.248938543013,17454.248938543013,22.0
Sectioning Station,Sectioning Station,Sectioning,,1,17452.248938543013,17454.248938543013,2.0
Histotechnicians,Histotechnicians,Sectioning,,11,17434.248938543013,17456.248938543013,22.0
Sectioning Station,Sectioning Station,Sectioning,,1,17454.248938543013,17456.248938543013,2.0
Histotechnicians,Histotechnicians,Sectioning,,11,17436.248938543013,17458.248938543013,22.0
Sectioning Station,Sectioning Station,Sectioning,,1,17456.248938543013,17458.248938543013,2.0
Histotechnicians,Histotechnicians,Sectioning,,11,17441.962646024916,17460.248938543013,18.28629251809616
Sectioning Station,Sectioning Station,Sectioning,,1,17458.248938543013,17460.248938543013,2.0
Histotechnicians,Histotechnicians,Sectioning,,11,17441.962646024916,17462.248938543013,20.28629251809616
Sectioning Station,Sectioning Station,Sectioning,,1,17460.248938543013,17462.248938543013,2.0
Histotechnicians,Histotechnicians,Sectioning,,11,17442.248938543013,17464.248938543013,22.0
Sectioning Station,Sectioning Station,Sectioning,,1,17462.248938543013,17464.248938543013,2.0
Histotechnicians,Histotechnicians,Sectioning,,11,17444.248938543013,17466.248938543013,22.0
Sectioning Station,Sectioning Station,Sectioning,,1,17464.248938543013,17466.248938543013,2.0
Histotechnicians,Histotechnicians,Sectioning,,11,17446.248938543013,17468.248938543013,22.0
Sectioning Station,Sectioning Station,Sectioning,,1,17466.248938543013,17468.248938543013,2.0
Histotechnicians,Histotechnicians,Sectioning,,11,17448.248938543013,17470.248938543013,22.0
Sectioning Station,Sectioning Station,Sectioning,,1,17468.248938543013,17470.248938543013,2.0
Histotechnicians,Histotechnicians,Sectioning,,11,17450.248938543013,17472.248938543013,22.0
Sectioning Station,Sectioning Station,Sectioning,,1,17470.248938543013,17472.248938543013,2.0
Histotechnicians,Histotechnicians,Sectioning,,11,17452.248938543013,17474.248938543013,22.0
Sectioning Station,Sectioning Station,Sectioning,,1,17472.248938543013,17474.248938543013,2.0
Histotechnicians,Histotechnicians,Sectioning,,11,17454.248938543013,17476.248938543013,22.0
Sectioning Station,Sectioning Station,Sectioning,,1,17474.248938543013,17476.248938543013,2.0
Histotechnicians,Histotechnicians,Sectioning,,11,17456.248938543013,17478.248938543013,22.0
Sectioning Station,Sectioning Station,Sectioning,,1,17476.248938543013,17478.248938543013,2.0
Histotechnicians,Histotechnicians,Sectioning,,11,17458.248938543013,17480.248938543013,22.0
Sectioning Station,Sectioning Station,Sectioning,,1,17478.248938543013,17480.248938543013,2.0
Histotechnicians,Histotechnicians,Sectioning,,11,17460.248938543013,17482.248938543013,22.0
Sectioning Station,Sectioning Station,Sectioning,,1,17480.248938543013,17482.248938543013,2.0
Histotechnicians,Histotechnicians,Sectioning,,11,17462.248938543013,17484.248938543013,22.0
Sectioning Station,Sectioning Station,Sectioning,,1,17482.248938543013,17484.248938543013,2.0
Histotechnicians,Histotechnicians,Sectioning,,11,17464.248938543013,17486.248938543013,22.0
Sectioning Station,Sectioning Station,Sectioning,,1,17484.248938543013,17486.248938543013,2.0
Histotechnicians,Histotechnicians,Sectioning,,11,17466.248938543013,17488.248938543013,22.0
Sectioning Station,Sectioning Station,Sectioning,,1,17486.248938543013,17488.248938543013,2.0
Histotechnicians,Histotechnicians,Staining,,11,17468.248938543013,17503.248938543013,35.0
Staining Station,Staining Station,Staining,,1,17468.248938543013,17503.248938543013,35.0
Junior Pathologists,Junior Pathologists (grossing),Grossing,grossing,6,17700.0,17710.0,10.0
Grossing Station,Grossing Station,Grossing,,2,17700.0,17710.0,10.0
Junior Pathologists,Junior Pathologists (grossing),Grossing,grossing,6,17700.0,17710.0,10.0
Grossing Station,Grossing Station,Grossing,,2,17700.0,17710.0,10.0
Junior Pathologists,Junior Pathologists (grossing),Grossing,grossing,6,17752.99256392644,17762.99256392644,10.0
Grossing Station,Grossing Station,Grossing,,2,17752.99256392644,17762.99256392644,10.0
Junior Pathologists,Junior Pathologists (grossing),Grossing,grossing,6,17805.892242511734,17815.892242511734,10.0
Grossing Station,Grossing Station,Grossing,,2,17805.892242511734,17815.892242511734,10.0
Junior Pathologists,Junior Pathologists (screening),slide screening,screening,6,17819.99999999301,17831.05568150431,11.055681511297735
Junior Pathologists,Junior Pathologists (screening),slide screening,screening,6,17819.99999999301,17834.075009168275,14.075009175263403
Junior Pathologists,Junior Pathologists (screening),slide screening,screening,6,17819.99999999301,17834.930752455904,14.930752462892997
Junior Pathologists,Junior Pathologists (screening),slide screening,screening,6,17819.99999999301,17836.96733980593,16.967339812919818
Junior Pathologists,Junior Pathologists (screening),slide screening,screening,6,17819.99999999301,17842.866322937403,22.866322944391868
Junior Pathologists,Junior Pathologists (grossing),Grossing,grossing,6,18780.0,18790.0,10.0
Grossing Station,Grossing Station,Grossing,,2,18780.0,18790.0,10.0
Junior Pathologists,Junior Pathologists (grossing),Grossing,grossing,6,18780.0,18790.0,10.0
Grossing Station,Grossing Station,Grossing,,2,18780.0,18790.0,10.0
Junior Pathologists,Junior Pathologists (grossing),Grossing,grossing,6,18780.0,18800.0,20.0
Grossing Station,Grossing Station,Grossing,,2,18790.0,18800.0,10.0
Junior Pathologists,Junior Pathologists (grossing),Grossing,grossing,6,18780.0,18800.0,20.0
Grossing Station,Grossing Station,Grossing,,2,18790.0,18800.0,10.0
Junior Pathologists,Junior Pathologists (grossing),Grossing,grossing,6,18780.000000007698,18810.0,29.999999992302037
Grossing Station,Grossing Station,Grossing,,2,18800.0,18810.0,10.0
Junior Pathologists,Junior Pathologists (grossing),Grossing,grossing,6,18790.0,18820.0,30.0
Grossing Station,Grossing Station,Grossing,,2,18810.0,18820.0,10.0
Junior Pathologists,Junior Pathologists (grossing),Grossing,grossing,6,18780.000000003045,18830.0,49.99999999695501
Grossing Station,Grossing Station,Grossing,,2,18800.0,18830.0,30.0
Senior Pathologists,Senior Pathologists,Reporting,,5,18840.0,18849.750381932405,9.750381932404707
Senior Pathologists,Senior Pathologists,Reporting,,5,18840.0,18850.384615097744,10.384615097744245
Senior Pathologists,Senior Pathologists,Reporting,,5,18840.0,18852.061335679315,12.061335679314652
Senior Pathologists,Senior Pathologists,Reporting,,5,18840.0,18853.094218304446,13.094218304446258
Senior Pathologists,Senior Pathologists,Reporting,,5,18840.0,18858.899448143726,18.89944814372575
Junior Pathologists,Junior Pathologists (grossing),Grossing,grossing,6,19140.0,19150.0,10.0
Grossing Station,Grossing Station,Grossing,,2,19140.0,19150.0,10.0
Junior Pathologists,Junior Pathologists (grossing),Grossing,grossing,6,19199.57034516691,19209.57034516691,10.0
Grossing Station,Grossing Station,Grossing,,2,19199.57034516691,19209.57034516691,10.0
Tissue Processor,Tissue Processor,Tissue Processing,,1,18830.0,20150.0,1320.0
Histotechnicians,Histotechnicians,Embedding,,11,20220.0,20221.0,1.0
Embedding Station,Embedding Station,Embedding,,1,20220.0,20221.0,1.0
Histotechnicians,Histotechnicians,Embedding,,11,20220.0,20222.0,2.0
Embedding Station,Embedding Station,Embedding,,1,20221.0,20222.0,1.0
Histotechnicians,Histotechnicians,Embedding,,11,20220.0,20223.0,3.0
Embedding Station,Embedding Station,Embedding,,1,20222.0,20223.0,1.0
Histotechnicians,Histotechnicians,Embedding,,11,20220.0,20224.0,4.0
Embedding Station,Embedding Station,Embedding,,1,20223.0,20224.0,1.0
Histotechnicians,Histotechnicians,Embedding,,11,20220.0,20225.0,5.0
Embedding Station,Embedding Station,Embedding,,1,20224.0,20225.0,1.0
Histotechnicians,Histotechnicians,Embedding,,11,20220.0,20226.0,6.0
Embedding Station,Embedding Station,Embedding,,1,20225.0,20226.0,1.0
Histotechnicians,Histotechnicians,Embedding,,11,20220.0,20227.0,7.0
Embedding Station,Embedding Station,Embedding,,1,20226.0,20227.0,1.0
Histotechnicians,Histotechnicians,Embedding,,11,20220.0,20228.0,8.0
Embedding Station,Embedding Station,Embedding,,1,20227.0,20228.0,1.0
Histotechnicians,Histotechnicians,Embedding,,11,20220.0,20229.0,9.0
Embedding Station,Embedding Station,Embedding,,1,20228.0,20229.0,1.0
Junior Pathologists,Junior Pathologists (grossing),Grossing,grossing,6,20220.0,20230.0,10.0
Grossing Station,Grossing Station,Grossing,,2,20220.0,20230.0,10.0
Histotechnicians,Histotechnicians,Embedding,,11,20220.0,20230.0,10.0
Embedding Station,Embedding Station,Embedding,,1,20229.0,20230.0,1.0
Histotechnicians,Histotechnicians,Embedding,,11,20220.0,20231.0,11.0
Embedding Station,Embedding Station,Embedding,,1,20230.0,20231.0,1.0
Histotechnicians,Histotechnicians,Embedding,,11,20221.0,20232.0,11.0
Embedding Station,Embedding Station,Embedding,,1,20231.0,20232.0,1.0
Histotechnicians,Histotechnicians,Embedding,,11,20222.0,20233.0,11.0
Embedding Station,Embedding Station,Embedding,,1,20232.0,20233.0,1.0
Histotechnicians,Histotechnicians,Embedding,,11,20223.0,20234.0,11.0
Embedding Station,Embedding Station,Embedding,,1,20233.0,20234.0,1.0
Histotechnicians,Histotechnicians,Embedding,,11,20224.0,20235.0,11.0
Embedding Station,Embedding Station,Embedding,,1,20234.0,20235.0,1.0
Histotechnicians,Histotechnicians,Embedding,,11,20225.0,20236.0,11.0
Embedding Station,Embedding Station,Embedding,,1,20235.0,20236.0,1.0
Histotechnicians,Histotechnicians,Embedding,,11,20226.0,20237.0,11.0
Embedding Station,Embedding Station,Embedding,,1,20236.0,20237.0,1.0
Histotechnicians,Histotechnicians,Embedding,,11,20227.0,20238.0,11.0
Embedding Station,Embedding Station,Embedding,,1,20237.0,20238.0,1.0
Histotechnicians,Histotechnicians,Embedding,,11,20228.0,20239.0,11.0
Embedding Station,Embedding Station,Embedding,,1,20238.0,20239.0,1.0
Junior Pathologists,Junior Pathologists (grossing),Grossing,grossing,6,20220.000000001677,20240.0,19.99999999832289
Grossing Station,Grossing Station,Grossing,,2,20230.0,20240.0,10.0
Histotechnicians,Histotechnicians,Embedding,,11,20229.0,20240.0,11.0
Embedding Station,Embedding Station,Embedding,,1,20239.0,20240.0,1.0
Histotechnicians,Histotechnicians,Embedding,,11,20230.0,20241.0,11.0
Embedding Station,Embedding Station,Embedding,,1,20240.0,20241.0,1.0
Histotechnicians,Histotechnicians,Embedding,,11,20231.0,20242.0,11.0
Embedding Station,Embedding Station,Embedding,,1,20241.0,20242.0,1.0
Histotechnicians,Histotechnicians,Embedding,,11,20232.0,20243.0,11.0
Embedding Station,Embedding Station,Embedding,,1,20242.0,20243.0,1.0
Histotechnicians,Histotechnicians,Embedding,,11,20233.0,20244.0,11.0
Embedding Station,Embedding Station,Embedding,,1,20243.0,20244.0,1.0
Histotechnicians,Histotechnicians,Embedding,,11,20234.0,20245.0,11.0
Embedding Station,Embedding Station,Embedding,,1,20244.0,20245.0,1.0
Histotechnicians,Histotechnicians,Embedding,,11,20235.0,20246.0,11.0
Embedding Station,Embedding Station,Embedding,,1,20245.0,20246.0,1.0
Histotechnicians,Histotechnicians,Embedding,,11,20236.0,20247.0,11.0
Embedding Station,Embedding Station,Embedding,,1,20246.0,20247.0,1.0
Histotechnicians,Histotechnicians,Embedding,,11,20237.0,20248.0,11.0
Embedding Station,Embedding Station,Embedding,,1,20247.0,20248.0,1.0
Histotechnicians,Histotechnicians,Embedding,,11,20238.0,20249.0,11.0
Embedding Station,Embedding Station,Embedding,,1,20248.0,20249.0,1.0
Junior Pathologists,Junior Pathologists (grossing),Grossing,grossing,6,20220.0,20250.0,30.0
Grossing Station,Grossing Station,Grossing,,2,20220.0,20250.0,30.0
Junior Pathologists,Junior Pathologists (grossing),Grossing,grossing,6,20220.000000001823,20250.0,29.999999998177373
Grossing Station,Grossing Station,Grossing,,2,20240.0,20250.0,10.0
Histotechnicians,Histotechnicians,Embedding,,11,20239.0,20250.0,11.0
Embedding Station,Embedding Station,Embedding,,1,20249.0,20250.0,1.0
Histotechnicians,Histotechnicians,Embedding,,11,20240.0,20251.0,11.0
Embedding Station,Embedding Station,Embedding,,1,20250.0,20251.0,1.0
Histotechnicians,Histotechnicians,Embedding,,11,20241.0,20252.0,11.0
Embedding Station,Embedding Station,Embedding,,1,20251.0,20252.0,1.0
Histotechnicians,Histotechnicians,Embedding,,11,20242.0,20253.0,11.0
Embedding Station,Embedding Station,Embedding,,1,20252.0,20253.0,1.0
Histotechnicians,Histotechnicians,Embedding,,11,20243.0,20254.0,11.0
Embedding Station,Embedding Station,Embedding,,1,20253.0,20254.0,1.0
Histotechnicians,Histotechnicians,Embedding,,11,20244.0,20255.0,11.0
Embedding Station,Embedding Station,Embedding,,1,20254.0,20255.0,1.0
Histotechnicians,Histotechnicians,Embedding,,11,20245.0,20256.0,11.0
Embedding Station,Embedding Station,Embedding,,1,20255.0,20256.0,1.0
Histotechnicians,Histotechnicians,Embedding,,11,20246.0,20257.0,11.0
Embedding Station,Embedding Station,Embedding,,1,20256.0,20257.0,1.0
Histotechnicians,Histotechnicians,Embedding,,11,20247.0,20258.0,11.0
Embedding Station,Embedding Station,Embedding,,1,20257.0,20258.0,1.0
Histotechnicians,Histotechnicians,Embedding,,11,20248.0,20259.0,11.0
Embedding Station,Embedding Station,Embedding,,1,20258.0,20259.0,1.0
Histotechnicians,Histotechnicians,Embedding,,11,20249.0,20260.0,11.0
Embedding Station,Embedding Station,Embedding,,1,20259.0,20260.0,1.0
Histotechnicians,Histotechnicians,Embedding,,11,20250.0,20261.0,11.0
Embedding Station,Embedding Station,Embedding,,1,20260.0,20261.0,1.0
Histotechnicians,Histotechnicians,Embedding,,11,20251.0,20262.0,11.0
Embedding Station,Embedding Station,Embedding,,1,20261.0,20262.0,1.0
Histotechnicians,Histotechnicians,Embedding,,11,20252.0,20263.0,11.0
Embedding Station,Embedding Station,Embedding,,1,20262.0,20263.0,1.0
Histotechnicians,Histotechnicians,Embedding,,11,20253.0,20264.0,11.0
Embedding Station,Embedding Station,Embedding,,1,20263.0,20264.0,1.0
Histotechnicians,Histotechnicians,Embedding,,11,20254.0,20265.0,11.0
Embedding Station,Embedding Station,Embedding,,1,20264.0,20265.0,1.0
Histotechnicians,Histotechnicians,Embedding,,11,20255.0,20266.0,11.0
Embedding Station,Embedding Station,Embedding,,1,20265.0,20266.0,1.0
Histotechnicians,Histotechnicians,Embedding,,11,20256.0,20267.0,11.0
Embedding Station,Embedding Station,Embedding,,1,20266.0,20267.0,1.0
Histotechnicians,Histotechnicians,Embedding,,11,20257.0,20268.0,11.0
Embedding Station,Embedding Station,Embedding,,1,20267.0,20268.0,1.0
Histotechnicians,Histotechnicians,Embedding,,11,20258.0,20269.0,11.0
Embedding Station,Embedding Station,Embedding,,1,20268.0,20269.0,1.0
Histotechnicians,Histotechnicians,Embedding,,11,20259.0,20270.0,11.0
Embedding Station,Embedding Station,Embedding,,1,20269.0,20270.0,1.0
Histotechnicians,Histotechnicians,Embedding,,11,20260.0,20271.0,11.0
Embedding Station,Embedding Station,Embedding,,1,20270.0,20271.0,1.0
Histotechnicians,Histotechnicians,Embedding,,11,20261.0,20272.0,11.0
Embedding Station,Embedding Station,Embedding,,1,20271.0,20272.0,1.0
Histotechnicians,Histotechnicians,Embedding,,11,20262.0,20273.0,11.0
Embedding Station,Embedding Station,Embedding,,1,20272.0,20273.0,1.0
Histotechnicians,Histotechnicians,Embedding,,11,20263.0,20274.0,11.0
Embedding Station,Embedding Station,Embedding,,1,20273.0,20274.0,1.0
Histotechnicians,Histotechnicians,Embedding,,11,20264.0,20275.0,11.0
Embedding Station,Embedding Station,Embedding,,1,20274.0,20275.0,1.0
Histotechnicians,Histotechnicians,Embedding,,11,20265.0,20276.0,11.0
Embedding Station,Embedding Station,Embedding,,1,20275.0,20276.0,1.0
Histotechnicians,Histotechnicians,Embedding,,11,20266.0,20277.0,11.0
Embedding Station,Embedding Station,Embedding,,1,20276.0,20277.0,1.0
Histotechnicians,Histotechnicians,Embedding,,11,20267.0,20278.0,11.0
Embedding Station,Embedding Station,Embedding,,1,20277.0,20278.0,1.0
Histotechnicians,Histotechnicians,Embedding,,11,20268.0,20279.0,11.0
Embedding Station,Embedding Station,Embedding,,1,20278.0,20279.0,1.0
Histotechnicians,Histotechnicians,Embedding,,11,20269.0,20280.0,11.0
Embedding Station,Embedding Station,Embedding,,1,20279.0,20280.0,1.0
Histotechnicians,Histotechnicians,Embedding,,11,20270.0,20281.0,11.0
Embedding Station,Embedding Station,Embedding,,1,20280.0,20281.0,1.0
Histotechnicians,Histotechnicians,Embedding,,11,20271.0,20282.0,11.0
Embedding Station,Embedding Station,Embedding,,1,20281.0,20282.0,1.0
Histotechnicians,Histotechnicians,Embedding,,11,20272.0,20283.0,11.0
Embedding Station,Embedding Station,Embedding,,1,20282.0,20283.0,1.0
Histotechnicians,Histotechnicians,Embedding,,11,20273.0,20284.0,11.0
Embedding Station,Embedding Station,Embedding,,1,20283.0,20284.0,1.0
Histotechnicians,Histotechnicians,Embedding,,11,20274.0,20285.0,11.0
Embedding Station,Embedding Station,Embedding,,1,20284.0,20285.0,1.0
Histotechnicians,Histotechnicians,Embedding,,11,20275.0,20286.0,11.0
Embedding Station,Embedding Station,Embedding,,1,20285.0,20286.0,1.0
Histotechnicians,Histotechnicians,Embedding,,11,20276.0,20287.0,11.0
Embedding Station,Embedding Station,Embedding,,1,20286.0,20287.0,1.0
Histotechnicians,Histotechnicians,Embedding,,11,20277.0,20288.0,11.0
Embedding Station,Embedding Station,Embedding,,1,20287.0,20288.0,1.0
Histotechnicians,Histotechnicians,Embedding,,11,20278.0,20289.0,11.0
Embedding Station,Embedding Station,Embedding,,1,20288.0,20289.0,1.0
Histotechnicians,Histotechnicians,Embedding,,11,20279.0,20290.0,11.0
Embedding Station,Embedding Station,Embedding,,1,20289.0,20290.0,1.0
Histotechnicians,Histotechnicians,Embedding,,11,20280.0,20291.0,11.0
Embedding Station,Embedding Station,Embedding,,1,20290.0,20291.0,1.0
Histotechnicians,Histotechnicians,Embedding,,11,20281.0,20292.0,11.0
Embedding Station,Embedding Station,Embedding,,1,20291.0,20292.0,1.0
Histotechnicians,Histotechnicians,Embedding,,11,20282.0,20293.0,11.0
Embedding Station,Embedding Station,Embedding,,1,20292.0,20293.0,1.0
Histotechnicians,Histotechnicians,Embedding,,11,20283.0,20294.0,11.0
Embedding Station,Embedding Station,Embedding,,1,20293.0,20294.0,1.0
Histotechnicians,Histotechnicians,Embedding,,11,20284.0,20295.0,11.0
Embedding Station,Embedding Station,Embedding,,1,20294.0,20295.0,1.0
Histotechnicians,Histotechnicians,Embedding,,11,20285.0,20296.0,11.0
Embedding Station,Embedding Station,Embedding,,1,20295.0,20296.0,1.0
Histotechnicians,Histotechnicians,Embedding,,11,20286.0,20297.0,11.0
Embedding Station,Embedding Station,Embedding,,1,20296.0,20297.0,1.0
Histotechnicians,Histotechnicians,Embedding,,11,20287.0,20298.0,11.0
Embedding Station,Embedding Station,Embedding,,1,20297.0,20298.0,1.0
Histotechnicians,Histotechnicians,Embedding,,11,20288.0,20299.0,11.0
Embedding Station,Embedding Station,Embedding,,1,20298.0,20299.0,1.0
Histotechnicians,Histotechnicians,Embedding,,11,20289.0,20300.0,11.0
Embedding Station,Embedding Station,Embedding,,1,20299.0,20300.0,1.0
Histotechnicians,Histotechnicians,Embedding,,11,20290.0,20301.0,11.0
Embedding Station,Embedding Station,Embedding,,1,20300.0,20301.0,1.0
Histotechnicians,Histotechnicians,Sectioning,,11,20300.0,20302.0,2.0
Sectioning Station,Sectioning Station,Sectioning,,1,20300.0,20302.0,2.0
Histotechnicians,Histotechnicians,Embedding,,11,20291.0,20302.0,11.0
Embedding Station,Embedding Station,Embedding,,1,20301.0,20302.0,1.0
Histotechnicians,Histotechnicians,Embedding,,11,20292.0,20303.0,11.0
Embedding Station,Embedding Station,Embedding,,1,20302.0,20303.0,1.0
Histotechnicians,Histotechnicians,Sectioning,,11,20301.0,20304.0,3.0
Sectioning Station,Sectioning Station,Sectioning,,1,20302.0,20304.0,2.0
Histotechnicians,Histotechnicians,Embedding,,11,20293.0,20304.0,11.0
Embedding Station,Embedding Station,Embedding,,1,20303.0,20304.0,1.0
Histotechnicians,Histotechnicians,Embedding,,11,20294.0,20305.0,11.0
Embedding Station,Embedding Station,Embedding,,1,20304.0,20305.0,1.0
Histotechnicians,Histotechnicians,Sectioning,,11,20302.0,20306.0,4.0
Sectioning Station,Sectioning Station,Sectioning,,1,20304.0,20306.0,2.0
Histotechnicians,Histotechnicians,Embedding,,11,20295.0,20306.0,11.0
Embedding Station,Embedding Station,Embedding,,1,20305.0,20306.0,1.0
Histotechnicians,Histotechnicians,Embedding,,11,20296.0,20307.0,11.0
Embedding Station,Embedding Station,Embedding,,1,20306.0,20307.0,1.0
Histotechnicians,Histotechnicians,Sectioning,,11,20302.0,20308.0,6.0
Sectioning Station,Sectioning Station,Sectioning,,1,20306.0,20308.0,2.0
Histotechnicians,Histotechnicians,Embedding,,11,20297.0,20308.0,11.0
Embedding Station,Embedding Station,Embedding,,1,20307.0,20308.0,1.0
Histotechnicians,Histotechnicians,Embedding,,11,20298.0,20309.0,11.0
Embedding Station,Embedding Station,Embedding,,1,20308.0,20309.0,1.0
Histotechnicians,Histotechnicians,Sectioning,,11,20303.0,20310.0,7.0
Sectioning Station,Sectioning Station,Sectioning,,1,20308.0,20310.0,2.0
Histotechnicians,Histotechnicians,Embedding,,11,20299.0,20310.0,11.0
Embedding Station,Embedding Station,Embedding,,1,20309.0,20310.0,1.0
Histotechnicians,Histotechnicians,Sectioning,,11,20304.0,20312.0,8.0
Sectioning Station,Sectioning Station,Sectioning,,1,20310.0,20312.0,2.0
Histotechnicians,Histotechnicians,Sectioning,,11,20304.0,20314.0,10.0
Sectioning Station,Sectioning Station,Sectioning,,1,20312.0,20314.0,2.0
Histotechnicians,Histotechnicians,Sectioning,,11,20305.0,20316.0,11.0
Sectioning Station,Sectioning Station,Sectioning,,1,20314.0,20316.0,2.0
Histotechnicians,Histotechnicians,Sectioning,,11,20306.0,20318.0,12.0
Sectioning Station,Sectioning Station,Sectioning,,1,20316.0,20318.0,2.0
Histotechnicians,Histotechnicians,Sectioning,,11,20306.0,20320.0,14.0
Sectioning Station,Sectioning Station,Sectioning,,1,20318.0,20320.0,2.0
Histotechnicians,Histotechnicians,Sectioning,,11,20307.0,20322.0,15.0
Sectioning Station,Sectioning Station,Sectioning,,1,20320.0,20322.0,2.0
Histotechnicians,Histotechnicians,Sectioning,,11,20308.0,20324.0,16.0
Sectioning Station,Sectioning Station,Sectioning,,1,20322.0,20324.0,2.0
Histotechnicians,Histotechnicians,Sectioning,,11,20308.0,20326.0,18.0
Sectioning Station,Sectioning Station,Sectioning,,1,20324.0,20326.0,2.0
Histotechnicians,Histotechnicians,Sectioning,,11,20309.0,20328.0,19.0
Sectioning Station,Sectioning Station,Sectioning,,1,20326.0,20328.0,2.0
Histotechnicians,Histotechnicians,Sectioning,,11,20310.0,20330.0,20.0
Sectioning Station,Sectioning Station,Sectioning,,1,20328.0,20330.0,2.0
Histotechnicians,Histotechnicians,Sectioning,,11,20310.0,20332.0,22.0
Sectioning Station,Sectioning Station,Sectioning,,1,20330.0,20332.0,2.0
Histotechnicians,Histotechnicians,Sectioning,,11,20312.0,20334.0,22.0
Sectioning Station,Sectioning Station,Sectioning,,1,20332.0,20334.0,2.0
Histotechnicians,Histotechnicians,Sectioning,,11,20314.0,20336.0,22.0
Sectioning Station,Sectioning Station,Sectioning,,1,20334.0,20336.0,2.0
Histotechnicians,Histotechnicians,Sectioning,,11,20316.0,20338.0,22.0
Sectioning Station,Sectioning Station,Sectioning,,1,20336.0,20338.0,2.0
Histotechnicians,Histotechnicians,Sectioning,,11,20318.0,20340.0,22.0
Sectioning Station,Sectioning Station,Sectioning,,1,20338.0,20340.0,2.0
Histotechnicians,Histotechnicians,Sectioning,,11,20320.0,20342.0,22.0
Sectioning Station,Sectioning Station,Sectioning,,1,20340.0,20342.0,2.0
Histotechnicians,Histotechnicians,Sectioning,,11,20322.0,20344.0,22.0
Sectioning Station,Sectioning Station,Sectioning,,1,20342.0,20344.0,2.0
Histotechnicians,Histotechnicians,Sectioning,,11,20324.0,20346.0,22.0
Sectioning Station,Sectioning Station,Sectioning,,1,20344.0,20346.0,2.0
Histotechnicians,Histotechnicians,Sectioning,,11,20326.0,20348.0,22.0
Sectioning Station,Sectioning Station,Sectioning,,1,20346.0,20348.0,2.0
Histotechnicians,Histotechnicians,Sectioning,,11,20328.0,20350.0,22.0
Sectioning Station,Sectioning Station,Sectioning,,1,20348.0,20350.0,2.0
Histotechnicians,Histotechnicians,Sectioning,,11,20330.0,20352.0,22.0
Sectioning Station,Sectioning Station,Sectioning,,1,20350.0,20352.0,2.0
Histotechnicians,Histotechnicians,Sectioning,,11,20332.0,20354.0,22.0
Sectioning Station,Sectioning Station,Sectioning,,1,20352.0,20354.0,2.0
Histotechnicians,Histotechnicians,Sectioning,,11,20334.0,20356.0,22.0
Sectioning Station,Sectioning Station,Sectioning,,1,20354.0,20356.0,2.0
Histotechnicians,Histotechnicians,Sectioning,,11,20336.0,20358.0,22.0
Sectioning Station,Sectioning Station,Sectioning,,1,20356.0,20358.0,2.0
Histotechnicians,Histotechnicians,Sectioning,,11,20338.0,20360.0,22.0
Sectioning Station,Sectioning Station,Sectioning,,1,20358.0,20360.0,2.0
Histotechnicians,Histotechnicians,Sectioning,,11,20340.0,20362.0,22.0
Sectioning Station,Sectioning Station,Sectioning,,1,20360.0,20362.0,2.0
Histotechnicians,Histotechnicians,Sectioning,,11,20342.0,20364.0,22.0
Sectioning Station,Sectioning Station,Sectioning,,1,20362.0,20364.0,2.0
Histotechnicians,Histotechnicians,Sectioning,,11,20344.0,20366.0,22.0
Sectioning Station,Sectioning Station,Sectioning,,1,20364.0,20366.0,2.0
Histotechnicians,Histotechnicians,Sectioning,,11,20346.0,20368.0,22.0
Sectioning Station,Sectioning Station,Sectioning,,1,20366.0,20368.0,2.0
Histotechnicians,Histotechnicians,Sectioning,,11,20348.0,20370.0,22.0
Sectioning Station,Sectioning Station,Sectioning,,1,20368.0,20370.0,2.0
Histotechnicians,Histotechnicians,Sectioning,,11,20350.0,20372.0,22.0
Sectioning Station,Sectioning Station,Sectioning,,1,20370.0,20372.0,2.0
Histotechnicians,Histotechnicians,Sectioning,,11,20352.0,20374.0,22.0
Sectioning Station,Sectioning Station,Sectioning,,1,20372.0,20374.0,2.0
Histotechnicians,Histotechnicians,Sectioning,,11,20354.0,20376.0,22.0
Sectioning Station,Sectioning Station,Sectioning,,1,20374.0,20376.0,2.0
Histotechnicians,Histotechnicians,Sectioning,,11,20356.0,20378.0,22.0
Sectioning Station,Sectioning Station,Sectioning,,1,20376.0,20378.0,2.0
Histotechnicians,Histotechnicians,Sectioning,,11,20358.0,20380.0,22.0
Sectioning Station,Sectioning Station,Sectioning,,1,20378.0,20380.0,2.0
Histotechnicians,Histotechnicians,Sectioning,,11,20360.0,20382.0,22.0
Sectioning Station,Sectioning Station,Sectioning,,1,20380.0,20382.0,2.0
Histotechnicians,Histotechnicians,Sectioning,,11,20362.0,20384.0,22.0
Sectioning Station,Sectioning Station,Sectioning,,1,20382.0,20384.0,2.0
Histotechnicians,Histotechnicians,Sectioning,,11,20364.0,20386.0,22.0
Sectioning Station,Sectioning Station,Sectioning,,1,20384.0,20386.0,2.0
Histotechnicians,Histotechnicians,Sectioning,,11,20366.0,20388.0,22.0
Sectioning Station,Sectioning Station,Sectioning,,1,20386.0,20388.0,2.0
Histotechnicians,Histotechnicians,Sectioning,,11,20368.0,20390.0,22.0
Sectioning Station,Sectioning Station,Sectioning,,1,20388.0,20390.0,2.0
Histotechnicians,Histotechnicians,Sectioning,,11,20370.0,20392.0,22.0
Sectioning Station,Sectioning Station,Sectioning,,1,20390.0,20392.0,2.0
Histotechnicians,Histotechnicians,Sectioning,,11,20372.0,20394.0,22.0
Sectioning Station,Sectioning Station,Sectioning,,1,20392.0,20394.0,2.0
Histotechnicians,Histotechnicians,Sectioning,,11,20374.0,20396.0,22.0
Sectioning Station,Sectioning Station,Sectioning,,1,20394.0,20396.0,2.0
Histotechnicians,Histotechnicians,Sectioning,,11,20376.0,20398.0,22.0
Sectioning Station,Sectioning Station,Sectioning,,1,20396.0,20398.0,2.0
Histotechnicians,Histotechnicians,Sectioning,,11,20378.0,20400.0,22.0
Sectioning Station,Sectioning Station,Sectioning,,1,20398.0,20400.0,2.0
Histotechnicians,Histotechnicians,Sectioning,,11,20380.0,20402.0,22.0
Sectioning Station,Sectioning Station,Sectioning,,1,20400.0,20402.0,2.0
Histotechnicians,Histotechnicians,Sectioning,,11,20382.0,20404.0,22.0
Sectioning Station,Sectioning Station,Sectioning,,1,20402.0,20404.0,2.0
Histotechnicians,Histotechnicians,Sectioning,,11,20384.0,20406.0,22.0
Sectioning Station,Sectioning Station,Sectioning,,1,20404.0,20406.0,2.0
Histotechnicians,Histotechnicians,Sectioning,,11,20386.0,20408.0,22.0
Sectioning Station,Sectioning Station,Sectioning,,1,20406.0,20408.0,2.0
Histotechnicians,Histotechnicians,Sectioning,,11,20388.0,20410.0,22.0
Sectioning Station,Sectioning Station,Sectioning,,1,20408.0,20410.0,2.0
Histotechnicians,Histotechnicians,Sectioning,,11,20390.0,20412.0,22.0
Sectioning Station,Sectioning Station,Sectioning,,1,20410.0,20412.0,2.0
Histotechnicians,Histotechnicians,Sectioning,,11,20392.0,20414.0,22.0
Sectioning Station,Sectioning Station,Sectioning,,1,20412.0,20414.0,2.0
Histotechnicians,Histotechnicians,Sectioning,,11,20394.0,20416.0,22.0
Sectioning Station,Sectioning Station,Sectioning,,1,20414.0,20416.0,2.0
Histotechnicians,Histotechnicians,Sectioning,,11,20396.0,20418.0,22.0
Sectioning Station,Sectioning Station,Sectioning,,1,20416.0,20418.0,2.0
Histotechnicians,Histotechnicians,Sectioning,,11,20398.0,20420.0,22.0
Sectioning Station,Sectioning Station,Sectioning,,1,20418.0,20420.0,2.0
Histotechnicians,Histotechnicians,Sectioning,,11,20400.0,20422.0,22.0
Sectioning Station,Sectioning Station,Sectioning,,1,20420.0,20422.0,2.0
Histotechnicians,Histotechnicians,Sectioning,,11,20402.0,20424.0,22.0
Sectioning Station,Sectioning Station,Sectioning,,1,20422.0,20424.0,2.0
Histotechnicians,Histotechnicians,Sectioning,,11,20404.0,20426.0,22.0
Sectioning Station,Sectioning Station,Sectioning,,1,20424.0,20426.0,2.0
Histotechnicians,Histotechnicians,Sectioning,,11,20406.0,20428.0,22.0
Sectioning Station,Sectioning Station,Sectioning,,1,20426.0,20428.0,2.0
Histotechnicians,Histotechnicians,Sectioning,,11,20408.0,20430.0,22.0
Sectioning Station,Sectioning Station,Sectioning,,1,20428.0,20430.0,2.0
Histotechnicians,Histotechnicians,Sectioning,,11,20410.0,20432.0,22.0
Sectioning Station,Sectioning Station,Sectioning,,1,20430.0,20432.0,2.0
Histotechnicians,Histotechnicians,Sectioning,,11,20412.0,20434.0,22.0
Sectioning Station,Sectioning Station,Sectioning,,1,20432.0,20434.0,2.0
Histotechnicians,Histotechnicians,Sectioning,,11,20414.0,20436.0,22.0
Sectioning Station,Sectioning Station,Sectioning,,1,20434.0,20436.0,2.0
Histotechnicians,Histotechnicians,Sectioning,,11,20416.0,20438.0,22.0
Sectioning Station,Sectioning Station,Sectioning,,1,20436.0,20438.0,2.0
Histotechnicians,Histotechnicians,Sectioning,,11,20418.0,20440.0,22.0
Sectioning Station,Sectioning Station,Sectioning,,1,20438.0,20440.0,2.0
Histotechnicians,Histotechnicians,Sectioning,,11,20420.0,20442.0,22.0
Sectioning Station,Sectioning Station,Sectioning,,1,20440.0,20442.0,2.0
Histotechnicians,Histotechnicians,Sectioning,,11,20422.0,20444.0,22.0
Sectioning Station,Sectioning Station,Sectioning,,1,20442.0,20444.0,2.0
Histotechnicians,Histotechnicians,Sectioning,,11,20424.0,20446.0,22.0
Sectioning Station,Sectioning Station,Sectioning,,1,20444.0,20446.0,2.0
Histotechnicians,Histotechnicians,Sectioning,,11,20426.0,20448.0,22.0
Sectioning Station,Sectioning Station,Sectioning,,1,20446.0,20448.0,2.0
Histotechnicians,Histotechnicians,Sectioning,,11,20428.0,20450.0,22.0
Sectioning Station,Sectioning Station,Sectioning,,1,20448.0,20450.0,2.0
Histotechnicians,Histotechnicians,Sectioning,,11,20430.0,20452.0,22.0
Sectioning Station,Sectioning Station,Sectioning,,1,20450.0,20452.0,2.0
Histotechnicians,Histotechnicians,Sectioning,,11,20432.0,20454.0,22.0
Sectioning Station,Sectioning Station,Sectioning,,1,20452.0,20454.0,2.0
Histotechnicians,Histotechnicians,Sectioning,,11,20434.0,20456.0,22.0
Sectioning Station,Sectioning Station,Sectioning,,1,20454.0,20456.0,2.0
Histotechnicians,Histotechnicians,Sectioning,,11,20436.0,20458.0,22.0
Sectioning Station,Sectioning Station,Sectioning,,1,20456.0,20458.0,2.0
Histotechnicians,Histotechnicians,Sectioning,,11,20438.0,20460.0,22.0
Sectioning Station,Sectioning Station,Sectioning,,1,20458.0,20460.0,2.0
Histotechnicians,Histotechnicians,Sectioning,,11,20440.0,20462.0,22.0
Sectioning Station,Sectioning Station,Sectioning,,1,20460.0,20462.0,2.0
Histotechnicians,Histotechnicians,Sectioning,,11,20442.0,20464.0,22.0
Sectioning Station,Sectioning Station,Sectioning,,1,20462.0,20464.0,2.0
Histotechnicians,Histotechnicians,Sectioning,,11,20444.0,20466.0,22.0
Sectioning Station,Sectioning Station,Sectioning,,1,20464.0,20466.0,2.0
Histotechnicians,Histotechnicians,Sectioning,,11,20446.0,20468.0,22.0
Sectioning Station,Sectioning Station,Sectioning,,1,20466.0,20468.0,2.0
Histotechnicians,Histotechnicians,Sectioning,,11,20448.0,20470.0,22.0
Sectioning Station,Sectioning Station,Sectioning,,1,20468.0,20470.0,2.0
Histotechnicians,Histotechnicians,Sectioning,,11,20450.0,20472.0,22.0
Sectioning Station,Sectioning Station,Sectioning,,1,20470.0,20472.0,2.0
Histotechnicians,Histotechnicians,Sectioning,,11,20452.0,20474.0,22.0
Sectioning Station,Sectioning Station,Sectioning,,1,20472.0,20474.0,2.0
Histotechnicians,Histotechnicians,Sectioning,,11,20454.0,20476.0,22.0
Sectioning Station,Sectioning Station,Sectioning,,1,20474.0,20476.0,2.0
Histotechnicians,Histotechnicians,Sectioning,,11,20456.0,20478.0,22.0
Sectioning Station,Sectioning Station,Sectioning,,1,20476.0,20478.0,2.0
Histotechnicians,Histotechnicians,Sectioning,,11,20460.0,20480.0,20.0
Sectioning Station,Sectioning Station,Sectioning,,1,20478.0,20480.0,2.0
Histotechnicians,Histotechnicians,Staining,,11,20458.0,20493.0,35.0
Staining Station,Staining Station,Staining,,1,20458.0,20493.0,35.0
Histotechnicians,Histotechnicians,Staining,,11,20462.0,20528.0,66.0
Staining Station,Staining Station,Staining,,1,20493.0,20528.0,35.0
Histotechnicians,Histotechnicians,Staining,,11,20464.0,20563.0,99.0
Staining Station,Staining Station,Staining,,1,20528.0,20563.0,35.0
Junior Pathologists,Junior Pathologists (grossing),Grossing,grossing,6,20580.0,20590.0,10.0
Grossing Station,Grossing Station,Grossing,,2,20580.0,20590.0,10.0
Junior Pathologists,Junior Pathologists (grossing),Grossing,grossing,6,20580.0,20590.0,10.0
Grossing Station,Grossing Station,Grossing,,2,20580.0,20590.0,10.0
Histotechnicians,Histotechnicians,Staining,,11,20466.0,20598.0,132.0
Staining Station,Staining Station,Staining,,1,20563.0,20598.0,35.0
Junior Pathologists,Junior Pathologists (grossing),Grossing,grossing,6,20639.726768650693,20649.726768650693,10.0
Grossing Station,Grossing Station,Grossing,,2,20639.726768650693,20649.726768650693,10.0
Junior Pathologists,Junior Pathologists (screening),slide screening,screening,6,20700.0,20716.865129716447,16.865129716446972
Junior Pathologists,Junior Pathologists (screening),slide screening,screening,6,20700.0,20717.681416576284,17.68141657628439
Junior Pathologists,Junior Pathologists (screening),slide screening,screening,6,20700.0,20717.948485952493,17.948485952492774
Junior Pathologists,Junior Pathologists (screening),slide screening,screening,6,20700.0,20719.4051587491,19.405158749101247
Junior Pathologists,Junior Pathologists (screening),slide screening,screening,6,20700.0,20723.65512212573,23.655122125728667
Junior Pathologists,Junior Pathologists (screening),slide screening,screening,6,20700.0,20726.338996606937,26.338996606937144
Junior Pathologists,Junior Pathologists (screening),slide screening,screening,6,20717.948485952493,20732.445373729093,14.496887776600488
Junior Pathologists,Junior Pathologists (screening),slide screening,screening,6,20716.865129716447,20735.15317264351,18.288042927062634
Junior Pathologists,Junior Pathologists (screening),slide screening,screening,6,20717.681416576284,20737.16649828587,19.485081709586666
Junior Pathologists,Junior Pathologists (screening),slide screening,screening,6,20719.4051587491,20740.342925519522,20.93776677042115
Junior Pathologists,Junior Pathologists (screening),slide screening,screening,6,20726.338996606937,20743.091074730735,16.752078123798128
Junior Pathologists,Junior Pathologists (screening),slide screening,screening,6,20723.65512212573,20746.291786945676,22.636664819947327
Junior Pathologists,Junior Pathologists (screening),slide screening,screening,6,20732.445373729093,20751.847664249497,19.402290520403767
Junior Pathologists,Junior Pathologists (screening),slide screening,screening,6,20737.16649828587,20756.575467559156,19.408969273285038
Junior Pathologists,Junior Pathologists (screening),slide screening,screening,6,20735.15317264351,20757.089024840367,21.935852196857013
Junior Pathologists,Junior Pathologists (screening),slide screening,screening,6,20743.091074730735,20759.33365843447,16.242583703733544
Junior Pathologists,Junior Pathologists (screening),slide screening,screening,6,20740.342925519522,20760.8618437333,20.518918213776487
Junior Pathologists,Junior Pathologists (screening),slide screening,screening,6,20751.847664249497,20766.529814747453,14.682150497956172
Junior Pathologists,Junior Pathologists (screening),slide screening,screening,6,20746.291786945676,20769.888634300765,23.596847355089267
Junior Pathologists,Junior Pathologists (screening),slide screening,screening,6,20759.33365843447,20773.924733780048,14.591075345579156
Junior Pathologists,Junior Pathologists (screening),slide screening,screening,6,20757.089024840367,20774.71943922553,17.63041438516302
Junior Pathologists,Junior Pathologists (screening),slide screening,screening,6,20756.575467559156,20776.27819622872,19.70272866956293
Junior Pathologists,Junior Pathologists (screening),slide screening,screening,6,20766.529814747453,20782.857473774173,16.32765902671963
Junior Pathologists,Junior Pathologists (screening),slide screening,screening,6,20760.8618437333,20785.48677126676,24.624927533459413
Junior Pathologists,Junior Pathologists (screening),slide screening,screening,6,20769.888634300765,20789.576438829165,19.687804528399283
Junior Pathologists,Junior Pathologists (screening),slide screening,screening,6,20774.71943922553,20792.062629349934,17.343190124403918
Junior Pathologists,Junior Pathologists (screening),slide screening,screening,6,20773.924733780048,20795.12426705189,21.199533271843393
Junior Pathologists,Junior Pathologists (screening),slide screening,screening,6,20776.27819622872,20796.072721616536,19.794525387816975
Junior Pathologists,Junior Pathologists (screening),slide screening,screening,6,20782.857473774173,20803.166951130155,20.30947735598238
Junior Pathologists,Junior Pathologists (screening),slide screening,screening,6,20785.48677126676,20804.91881104232,19.43203977556186
Junior Pathologists,Junior Pathologists (screening),slide screening,screening,6,20789.576438829165,20808.09886399551,18.522425166345784
Junior Pathologists,Junior Pathologists (screening),slide screening,screening,6,20792.062629349934,20809.21834617562,17.155716825687705
Junior Pathologists,Junior Pathologists (screening),slide screening,screening,6,20796.072721616536,20816.167976311965,20.095254695428594
Junior Pathologists,Junior Pathologists (screening),slide screening,screening,6,20795.12426705189,20820.792370888623,25.66810383673146
Junior Pathologists,Junior Pathologists (screening),slide screening,screening,6,20804.91881104232,20825.264947417272,20.34613637495204
Junior Pathologists,Junior Pathologists (screening),slide screening,screening,6,20803.166951130155,20825.43832825395,22.271377123794082
Junior Pathologists,Junior Pathologists (screening),slide screening,screening,6,20808.09886399551,20825.66275560748,17.563891611971485
Junior Pathologists,Junior Pathologists (screening),slide screening,screening,6,20809.21834617562,20829.00246318133,19.78411700570723
Junior Pathologists,Junior Pathologists (screening),slide screening,screening,6,20816.167976311965,20840.22178241403,24.05380610206703
Junior Pathologists,Junior Pathologists (screening),slide screening,screening,6,20825.43832825395,20842.009723734507,16.57139548055784
Junior Pathologists,Junior Pathologists (screening),slide screening,screening,6,20829.00246318133,20843.87992032847,14.877457147140376
Junior Pathologists,Junior Pathologists (screening),slide screening,screening,6,20825.66275560748,20843.971973770032,18.30921816255068
Junior Pathologists,Junior Pathologists (screening),slide screening,screening,6,20820.792370888623,20845.812269183498,25.01989829487502
Junior Pathologists,Junior Pathologists (screening),slide screening,screening,6,20825.264947417272,20851.823883964284,26.5589365470114
Junior Pathologists,Junior Pathologists (grossing),Grossing,grossing,6,21660.0,21670.0,10.0
Grossing Station,Grossing Station,Grossing,,2,21660.0,21670.0,10.0
Junior Pathologists,Junior Pathologists (grossing),Grossing,grossing,6,21660.0,21680.0,20.0
Grossing Station,Grossing Station,Grossing,,2,21670.0,21680.0,10.0
Junior Pathologists,Junior Pathologists (grossing),Grossing,grossing,6,21660.0,21690.0,30.0
Grossing Station,Grossing Station,Grossing,,2,21660.0,21690.0,30.0
Junior Pathologists,Junior Pathologists (grossing),Grossing,grossing,6,21660.0,21690.0,30.0
Grossing Station,Grossing Station,Grossing,,2,21680.0,21690.0,10.0
Junior Pathologists,Junior Pathologists (grossing),Grossing,grossing,6,21660.000000002477,21700.0,39.999999997522536
Grossing Station,Grossing Station,Grossing,,2,21690.0,21700.0,10.0
Junior Pathologists,Junior Pathologists (grossing),Grossing,grossing,6,21660.000000005788,21700.0,39.999999994211976
Grossing Station,Grossing Station,Grossing,,2,21690.0,21700.0,10.0
Junior Pathologists,Junior Pathologists (grossing),Grossing,grossing,6,21670.0,21710.0,40.0
Grossing Station,Grossing Station,Grossing,,2,21700.0,21710.0,10.0
Senior Pathologists,Senior Pathologists,Reporting,,5,21720.0,21728.649473324585,8.649473324585415
Senior Pathologists,Senior Pathologists,Reporting,,5,21720.0,21729.633197127932,9.633197127932362
Senior Pathologists,Senior Pathologists,Reporting,,5,21720.0,21730.648742234578,10.648742234578094
Histotechnicians,Histotechnicians,Sectioning,,11,21728.649473324585,21730.649473324585,2.0
Sectioning Station,Sectioning Station,Sectioning,,1,21728.649473324585,21730.649473324585,2.0
Histotechnicians,Histotechnicians,Sectioning,,11,21728.649473324585,21732.649473324585,4.0
Sectioning Station,Sectioning Station,Sectioning,,1,21730.649473324585,21732.649473324585,2.0
Senior Pathologists,Senior Pathologists,Reporting,,5,21720.0,21733.55553598262,13.555535982621223
Histotechnicians,Histotechnicians,Sectioning,,11,21728.649473324585,21734.649473324585,6.0
Sectioning Station,Sectioning Station,Sectioning,,1,21732.649473324585,21734.649473324585,2.0
Senior Pathologists,Senior Pathologists,Reporting,,5,21720.0,21734.976807533516,14.976807533515966
Senior Pathologists,Senior Pathologists,Reporting,,5,21730.648742234578,21736.59944715571,5.950704921131546
Histotechnicians,Histotechnicians,Sectioning,,11,21728.649473324585,21736.649473324585,8.0
Sectioning Station,Sectioning Station,Sectioning,,1,21734.649473324585,21736.649473324585,2.0
Senior Pathologists,Senior Pathologists,Reporting,,5,21729.633197127932,21737.538392495386,7.905195367453416
Histotechnicians,Histotechnicians,Sectioning,,11,21728.649473324585,21738.649473324585,10.0
Sectioning Station,Sectioning Station,Sectioning,,1,21736.649473324585,21738.649473324585,2.0
Histotechnicians,Histotechnicians,Sectioning,,11,21730.648742234578,21740.649473324585,10.00073109000732
Sectioning Station,Sectioning Station,Sectioning,,1,21738.649473324585,21740.649473324585,2.0
Senior Pathologists,Senior Pathologists,Reporting,,5,21728.649473324585,21740.945710646152,12.296237321566878
Senior Pathologists,Senior Pathologists,Reporting,,5,21733.55553598262,21742.4965382507,8.941002268078591
Histotechnicians,Histotechnicians,Sectioning,,11,21730.648742234578,21742.649473324585,12.00073109000732
Sectioning Station,Sectioning Station,Sectioning,,1,21740.649473324585,21742.649473324585,2.0
Senior Pathologists,Senior Pathologists,Reporting,,5,21734.976807533516,21743.465821721118,8.489014187602152
Senior Pathologists,Senior Pathologists,Reporting,,5,21737.538392495386,21743.467137402487,5.928744907101645
Histotechnicians,Histotechnicians,Sectioning,,11,21730.648742234578,21744.649473324585,14.00073109000732
Sectioning Station,Sectioning Station,Sectioning,,1,21742.649473324585,21744.649473324585,2.0
Histotechnicians,Histotechnicians,Sectioning,,11,21730.648742234578,21746.649473324585,16.00073109000732
Sectioning Station,Sectioning Station,Sectioning,,1,21744.649473324585,21746.649473324585,2.0
Senior Pathologists,Senior Pathologists,Reporting,,5,21736.59944715571,21747.874581691693,11.275134535982943
Histotechnicians,Histotechnicians,Sectioning,,11,21730.648742234578,21748.649473324585,18.00073109000732
Sectioning Station,Sectioning Station,Sectioning,,1,21746.649473324585,21748.649473324585,2.0
Histotechnicians,Histotechnicians,Sectioning,,11,21736.59944715571,21750.649473324585,14.050026168875775
Sectioning Station,Sectioning Station,Sectioning,,1,21748.649473324585,21750.649473324585,2.0
Senior Pathologists,Senior Pathologists,Reporting,,5,21743.465821721118,21752.51625507569,9.050433354572306
Histotechnicians,Histotechnicians,Sectioning,,11,21736.59944715571,21752.649473324585,16.050026168875775
Sectioning Station,Sectioning Station,Sectioning,,1,21750.649473324585,21752.649473324585,2.0
Senior Pathologists,Senior Pathologists,Reporting,,5,21743.467137402487,21752.891641011964,9.424503609476233
Histotechnicians,Histotechnicians,Sectioning,,11,21736.59944715571,21754.649473324585,18.050026168875775
Sectioning Station,Sectioning Station,Sectioning,,1,21752.649473324585,21754.649473324585,2.0
Histotechnicians,Histotechnicians,Sectioning,,11,21736.59944715571,21756.649473324585,20.050026168875775
Sectioning Station,Sectioning Station,Sectioning,,1,21754.649473324585,21756.649473324585,2.0
Senior Pathologists,Senior Pathologists,Reporting,,5,21740.945710646152,21757.09837609233,16.152665446177707
Senior Pathologists,Senior Pathologists,Reporting,,5,21742.4965382507,21757.453816533085,14.957278282385232
Histotechnicians,Histotechnicians,Sectioning,,11,21736.649473324585,21758.649473324585,22.0
Sectioning Station,Sectioning Station,Sectioning,,1,21756.649473324585,21758.649473324585,2.0
Histotechnicians,Histotechnicians,Sectioning,,11,21740.945710646152,21760.649473324585,19.703762678433122
Sectioning Station,Sectioning Station,Sectioning,,1,21758.649473324585,21760.649473324585,2.0
Histotechnicians,Histotechnicians,Sectioning,,11,21740.945710646152,21762.649473324585,21.703762678433122
Sectioning Station,Sectioning Station,Sectioning,,1,21760.649473324585,21762.649473324585,2.0
Histotechnicians,Histotechnicians,Sectioning,,11,21742.649473324585,21764.649473324585,22.0
Sectioning Station,Sectioning Station,Sectioning,,1,21762.649473324585,21764.649473324585,2.0
Senior Pathologists,Senior Pathologists,Reporting,,5,21752.891641011964,21765.1398677752,12.248226763236744
Senior Pathologists,Senior Pathologists,Reporting,,5,21747.874581691693,21765.33931604495,17.464734353256063
Histotechnicians,Histotechnicians,Sectioning,,11,21744.649473324585,21766.649473324585,22.0
Sectioning Station,Sectioning Station,Sectioning,,1,21764.649473324585,21766.649473324585,2.0
Senior Pathologists,Senior Pathologists,Reporting,,5,21752.51625507569,21767.209477565382,14.693222489691834
Histotechnicians,Histotechnicians,Sectioning,,11,21746.649473324585,21768.649473324585,22.0
Sectioning Station,Sectioning Station,Sectioning,,1,21766.649473324585,21768.649473324585,2.0
Senior Pathologists,Senior Pathologists,Reporting,,5,21757.09837609233,21769.34833620578,12.24996011345138
Histotechnicians,Histotechnicians,Sectioning,,11,21752.51625507569,21770.649473324585,18.13321824889499
Sectioning Station,Sectioning Station,Sectioning,,1,21768.649473324585,21770.649473324585,2.0
Senior Pathologists,Senior Pathologists,Reporting,,5,21765.33931604495,21772.47441256217,7.135096517220518
Senior Pathologists,Senior Pathologists,Reporting,,5,21765.1398677752,21772.490309177243,7.350441402042634
Histotechnicians,Histotechnicians,Sectioning,,11,21752.51625507569,21772.649473324585,20.13321824889499
Sectioning Station,Sectioning Station,Sectioning,,1,21770.649473324585,21772.649473324585,2.0
Senior Pathologists,Senior Pathologists,Reporting,,5,21757.453816533085,21773.038373920008,15.584557386922825
Histotechnicians,Histotechnicians,Sectioning,,11,21752.649473324585,21774.649473324585,22.0
Sectioning Station,Sectioning Station,Sectioning,,1,21772.649473324585,21774.649473324585,2.0
Senior Pathologists,Senior Pathologists,Reporting,,5,21767.209477565382,21775.224922727717,8.0154451623348
Histotechnicians,Histotechnicians,Sectioning,,11,21754.649473324585,21776.649473324585,22.0
Sectioning Station,Sectioning Station,Sectioning,,1,21774.649473324585,21776.649473324585,2.0
Histotechnicians,Histotechnicians,Sectioning,,11,21756.649473324585,21778.649473324585,22.0
Sectioning Station,Sectioning Station,Sectioning,,1,21776.649473324585,21778.649473324585,2.0
Histotechnicians,Histotechnicians,Sectioning,,11,21758.649473324585,21780.649473324585,22.0
Sectioning Station,Sectioning Station,Sectioning,,1,21778.649473324585,21780.649473324585,2.0
Senior Pathologists,Senior Pathologists,Reporting,,5,21772.490309177243,21781.51120681133,9.020897634087305
Senior Pathologists,Senior Pathologists,Reporting,,5,21769.34833620578,21781.943317097204,12.594980891422892
Histotechnicians,Histotechnicians,Sectioning,,11,21760.649473324585,21782.649473324585,22.0
Sectioning Station,Sectioning Station,Sectioning,,1,21780.649473324585,21782.649473324585,2.0
Senior Pathologists,Senior Pathologists,Reporting,,5,21773.038373920008,21783.661554506572,10.623180586564558
Histotechnicians,Histotechnicians,Sectioning,,11,21762.649473324585,21784.649473324585,22.0
Sectioning Station,Sectioning Station,Sectioning,,1,21782.649473324585,21784.649473324585,2.0
Histotechnicians,Histotechnicians,Sectioning,,11,21764.649473324585,21786.649473324585,22.0
Sectioning Station,Sectioning Station,Sectioning,,1,21784.649473324585,21786.649473324585,2.0
Senior Pathologists,Senior Pathologists,Reporting,,5,21772.47441256217,21787.976821354834,15.502408792664937
Histotechnicians,Histotechnicians,Sectioning,,11,21766.649473324585,21788.649473324585,22.0
Sectioning Station,Sectioning Station,Sectioning,,1,21786.649473324585,21788.649473324585,2.0
Histotechnicians,Histotechnicians,Sectioning,,11,21772.490309177243,21790.649473324585,18.15916414734238
Sectioning Station,Sectioning Station,Sectioning,,1,21788.649473324585,21790.649473324585,2.0
Senior Pathologists,Senior Pathologists,Reporting,,5,21775.224922727717,21791.754556482803,16.52963375508625
Histotechnicians,Histotechnicians,Sectioning,,11,21772.649473324585,21792.649473324585,20.0
Sectioning Station,Sectioning Station,Sectioning,,1,21790.649473324585,21792.649473324585,2.0
Senior Pathologists,Senior Pathologists,Reporting,,5,21781.943317097204,21793.014873778866,11.071556681661605
Histotechnicians,Histotechnicians,Sectioning,,11,21774.649473324585,21794.649473324585,20.0
Sectioning Station,Sectioning Station,Sectioning,,1,21792.649473324585,21794.649473324585,2.0
Histotechnicians,Histotechnicians,Sectioning,,11,21776.649473324585,21796.649473324585,20.0
Sectioning Station,Sectioning Station,Sectioning,,1,21794.649473324585,21796.649473324585,2.0
Histotechnicians,Histotechnicians,Sectioning,,11,21778.649473324585,21798.649473324585,20.0
Sectioning Station,Sectioning Station,Sectioning,,1,21796.649473324585,21798.649473324585,2.0
Senior Pathologists,Senior Pathologists,Reporting,,5,21781.51120681133,21798.823064740038,17.311857928707468
Senior Pathologists,Senior Pathologists,Reporting,,5,21787.976821354834,21799.060624765156,11.083803410321707
Histotechnicians,Histotechnicians,Sectioning,,11,21780.649473324585,21800.649473324585,20.0
Sectioning Station,Sectioning Station,Sectioning,,1,21798.649473324585,21800.649473324585,2.0
Senior Pathologists,Senior Pathologists,Reporting,,5,21783.661554506572,21802.39675321189,18.735198705318908
Senior Pathologists,Senior Pathologists,Reporting,,5,21791.754556482803,21802.525821346935,10.771264864131808
Histotechnicians,Histotechnicians,Sectioning,,11,21782.649473324585,21802.649473324585,20.0
Sectioning Station,Sectioning Station,Sectioning,,1,21800.649473324585,21802.649473324585,2.0
Histotechnicians,Histotechnicians,Staining,,11,21768.649473324585,21803.649473324585,35.0
Staining Station,Staining Station,Staining,,1,21768.649473324585,21803.649473324585,35.0
Histotechnicians,Histotechnicians,Sectioning,,11,21784.649473324585,21804.649473324585,20.0
Sectioning Station,Sectioning Station,Sectioning,,1,21802.649473324585,21804.649473324585,2.0
Histotechnicians,Histotechnicians,Sectioning,,11,21786.649473324585,21806.649473324585,20.0
Sectioning Station,Sectioning Station,Sectioning,,1,21804.649473324585,21806.649473324585,2.0
Senior Pathologists,Senior Pathologists,Reporting,,5,21798.823064740038,21806.89998667877,8.076921938732994
Histotechnicians,Histotechnicians,Sectioning,,11,21788.649473324585,21808.649473324585,20.0
Sectioning Station,Sectioning Station,Sectioning,,1,21806.649473324585,21808.649473324585,2.0
Senior Pathologists,Senior Pathologists,Reporting,,5,21793.014873778866,21810.36388292947,17.349009150602797
Senior Pathologists,Senior Pathologists,Reporting,,5,21799.060624765156,21810.41316089949,11.352536134334514
Histotechnicians,Histotechnicians,Sectioning,,11,21790.649473324585,21810.649473324585,20.0
Sectioning Station,Sectioning Station,Sectioning,,1,21808.649473324585,21810.649473324585,2.0
Histotechnicians,Histotechnicians,Sectioning,,11,21792.649473324585,21812.649473324585,20.0
Sectioning Station,Sectioning Station,Sectioning,,1,21810.649473324585,21812.649473324585,2.0
Senior Pathologists,Senior Pathologists,Reporting,,5,21806.89998667877,21814.279582927546,7.37959624877476
Histotechnicians,Histotechnicians,Sectioning,,11,21794.649473324585,21814.649473324585,20.0
Sectioning Station,Sectioning Station,Sectioning,,1,21812.649473324585,21814.649473324585,2.0
Histotechnicians,Histotechnicians,Sectioning,,11,21796.649473324585,21816.649473324585,20.0
Sectioning Station,Sectioning Station,Sectioning,,1,21814.649473324585,21816.649473324585,2.0
Senior Pathologists,Senior Pathologists,Reporting,,5,21802.39675321189,21818.537309408854,16.14055619696228
Histotechnicians,Histotechnicians,Sectioning,,11,21798.649473324585,21818.649473324585,20.0
Sectioning Station,Sectioning Station,Sectioning,,1,21816.649473324585,21818.649473324585,2.0
Senior Pathologists,Senior Pathologists,Reporting,,5,21802.525821346935,21819.722920198852,17.197098851916962
Histotechnicians,Histotechnicians,Sectioning,,11,21802.525821346935,21820.649473324585,18.123651977650297
Sectioning Station,Sectioning Station,Sectioning,,1,21818.649473324585,21820.649473324585,2.0
Senior Pathologists,Senior Pathologists,Reporting,,5,21810.36388292947,21821.514866128764,11.150983199295297
Histotechnicians,Histotechnicians,Sectioning,,11,21802.649473324585,21822.649473324585,20.0
Sectioning Station,Sectioning Station,Sectioning,,1,21820.649473324585,21822.649473324585,2.0
Histotechnicians,Histotechnicians,Sectioning,,11,21803.649473324585,21824.649473324585,21.0
Sectioning Station,Sectioning Station,Sectioning,,1,21822.649473324585,21824.649473324585,2.0
Histotechnicians,Histotechnicians,Sectioning,,11,21804.649473324585,21826.649473324585,22.0
Sectioning Station,Sectioning Station,Sectioning,,1,21824.649473324585,21826.649473324585,2.0
Histotechnicians,Histotechnicians,Sectioning,,11,21806.649473324585,21828.649473324585,22.0
Sectioning Station,Sectioning Station,Sectioning,,1,21826.649473324585,21828.649473324585,2.0
Senior Pathologists,Senior Pathologists,Reporting,,5,21810.41316089949,21828.782118184023,18.36895728453237
Senior Pathologists,Senior Pathologists,Reporting,,5,21818.537309408854,21828.800266587645,10.262957178791112
Histotechnicians,Histotechnicians,Sectioning,,11,21808.649473324585,21830.649473324585,22.0
Sectioning Station,Sectioning Station,Sectioning,,1,21828.649473324585,21830.649473324585,2.0
Senior Pathologists,Senior Pathologists,Reporting,,5,21814.279582927546,21831.313255550474,17.03367262292886
Histotechnicians,Histotechnicians,Sectioning,,11,21810.649473324585,21832.649473324585,22.0
Sectioning Station,Sectioning Station,Sectioning,,1,21830.649473324585,21832.649473324585,2.0
Histotechnicians,Histotechnicians,Sectioning,,11,21812.649473324585,21834.649473324585,22.0
Sectioning Station,Sectioning Station,Sectioning,,1,21832.649473324585,21834.649473324585,2.0
Histotechnicians,Histotechnicians,Sectioning,,11,21814.649473324585,21836.649473324585,22.0
Sectioning Station,Sectioning Station,Sectioning,,1,21834.649473324585,21836.649473324585,2.0
Histotechnicians,Histotechnicians,Sectioning,,11,21816.649473324585,21838.649473324585,22.0
Sectioning Station,Sectioning Station,Sectioning,,1,21836.649473324585,21838.649473324585,2.0
Histotechnicians,Histotechnicians,Sectioning,,11,21820.649473324585,21840.649473324585,20.0
Sectioning Station,Sectioning Station,Sectioning,,1,21838.649473324585,21840.649473324585,2.0
Histotechnicians,Histotechnicians,Sectioning,,11,21822.649473324585,21842.649473324585,20.0
Sectioning Station,Sectioning Station,Sectioning,,1,21840.649473324585,21842.649473324585,2.0
Histotechnicians,Histotechnicians,Sectioning,,11,21824.649473324585,21844.649473324585,20.0
Sectioning Station,Sectioning Station,Sectioning,,1,21842.649473324585,21844.649473324585,2.0
Histotechnicians,Histotechnicians,Sectioning,,11,21826.649473324585,21846.649473324585,20.0
Sectioning Station,Sectioning Station,Sectioning,,1,21844.649473324585,21846.649473324585,2.0
Histotechnicians,Histotechnicians,Sectioning,,11,21828.649473324585,21848.649473324585,20.0
Sectioning Station,Sectioning Station,Sectioning,,1,21846.649473324585,21848.649473324585,2.0
Histotechnicians,Histotechnicians,Staining,,11,21818.649473324585,21853.649473324585,35.0
Staining Station,Staining Station,Staining,,1,21818.649473324585,21853.649473324585,35.0
Junior Pathologists,Junior Pathologists (screening),slide screening,screening,6,21900.00000000792,21918.726020539765,18.72602053184528
Junior Pathologists,Junior Pathologists (screening),slide screening,screening,6,21900.00000000792,21921.06030817313,21.06030816521161
Junior Pathologists,Junior Pathologists (screening),slide screening,screening,6,21900.00000000792,21921.638568671482,21.638568663562182
Junior Pathologists,Junior Pathologists (screening),slide screening,screening,6,21900.00000000792,21922.05621413659,22.056214128671854
Junior Pathologists,Junior Pathologists (screening),slide screening,screening,6,21900.00000000792,21922.404617263324,22.404617255404446
Junior Pathologists,Junior Pathologists (screening),slide screening,screening,6,21900.00000000792,21924.93046162518,24.930461617259425
Junior Pathologists,Junior Pathologists (screening),slide screening,screening,6,21918.726020539765,21935.700004615366,16.973984075601038
Junior Pathologists,Junior Pathologists (screening),slide screening,screening,6,21921.06030817313,21935.956850770173,14.896542597041844
Junior Pathologists,Junior Pathologists (screening),slide screening,screening,6,21921.638568671482,21938.829291094065,17.19072242258335
Junior Pathologists,Junior Pathologists (screening),slide screening,screening,6,21922.404617263324,21940.705990662245,18.301373398920987
Junior Pathologists,Junior Pathologists (screening),slide screening,screening,6,21922.05621413659,21941.503300726647,19.447086590054823
Junior Pathologists,Junior Pathologists (screening),slide screening,screening,6,21924.93046162518,21947.21006449337,22.279602868191432
Junior Pathologists,Junior Pathologists (screening),slide screening,screening,6,21935.700004615366,21954.44675029403,18.74674567866532
Junior Pathologists,Junior Pathologists (screening),slide screening,screening,6,21935.956850770173,21956.005585575116,20.048734804942796
Junior Pathologists,Junior Pathologists (grossing),Grossing,grossing,6,24540.0,24550.0,10.0
Grossing Station,Grossing Station,Grossing,,2,24540.0,24550.0,10.0
Junior Pathologists,Junior Pathologists (grossing),Grossing,grossing,6,24540.0,24550.0,10.0
Grossing Station,Grossing Station,Grossing,,2,24540.0,24550.0,10.0
Junior Pathologists,Junior Pathologists (grossing),Grossing,grossing,6,24540.0,24560.0,20.0
Grossing Station,Grossing Station,Grossing,,2,24550.0,24560.0,10.0
Junior Pathologists,Junior Pathologists (grossing),Grossing,grossing,6,24540.0,24560.0,20.0
Grossing Station,Grossing Station,Grossing,,2,24550.0,24560.0,10.0
Junior Pathologists,Junior Pathologists (grossing),Grossing,grossing,6,24540.0,24570.0,30.0
Grossing Station,Grossing Station,Grossing,,2,24560.0,24570.0,10.0
Junior Pathologists,Junior Pathologists (grossing),Grossing,grossing,6,24540.0,24570.0,30.0
Grossing Station,Grossing Station,Grossing,,2,24560.0,24570.0,10.0
Junior Pathologists,Junior Pathologists (grossing),Grossing,grossing,6,24550.0,24580.0,30.0
Grossing Station,Grossing Station,Grossing,,2,24570.0,24580.0,10.0
Junior Pathologists,Junior Pathologists (grossing),Grossing,grossing,6,24560.0,24590.0,30.0
Grossing Station,Grossing Station,Grossing,,2,24580.0,24590.0,10.0
Junior Pathologists,Junior Pathologists (grossing),Grossing,grossing,6,24550.0,24600.0,50.0
Grossing Station,Grossing Station,Grossing,,2,24570.0,24600.0,30.0
Junior Pathologists,Junior Pathologists (grossing),Grossing,grossing,6,24560.0,24600.0,40.0
Grossing Station,Grossing Station,Grossing,,2,24590.0,24600.0,10.0
Senior Pathologists,Senior Pathologists,Reporting,,5,24600.0,24608.896387206296,8.896387206295913
Senior Pathologists,Senior Pathologists,Reporting,,5,24600.0,24609.611507321297,9.611507321296813
Junior Pathologists,Junior Pathologists (grossing),Grossing,grossing,6,24570.0,24610.0,40.0
Grossing Station,Grossing Station,Grossing,,2,24600.0,24610.0,10.0
Senior Pathologists,Senior Pathologists,Reporting,,5,24600.0,24610.061964379107,10.06196437910694
Senior Pathologists,Senior Pathologists,Reporting,,5,24600.0,24610.903382280943,10.903382280943333
Senior Pathologists,Senior Pathologists,Reporting,,5,24600.0,24611.856238665237,11.85623866523747
Senior Pathologists,Senior Pathologists,Reporting,,5,24608.896387206296,24614.784314031596,5.887926825300383
Senior Pathologists,Senior Pathologists,Reporting,,5,24609.611507321297,24616.289707748343,6.678200427046249
Senior Pathologists,Senior Pathologists,Reporting,,5,24610.061964379107,24617.605580485448,7.543616106340778
Senior Pathologists,Senior Pathologists,Reporting,,5,24614.784314031596,24620.191349651675,5.407035620079114
Senior Pathologists,Senior Pathologists,Reporting,,5,24611.856238665237,24623.12059038345,11.264351718211401
Senior Pathologists,Senior Pathologists,Reporting,,5,24610.903382280943,24627.448962516384,16.545580235440866
Senior Pathologists,Senior Pathologists,Reporting,,5,24617.605580485448,24628.04787649005,10.442296004603122
Senior Pathologists,Senior Pathologists,Reporting,,5,24620.191349651675,24628.911271672725,8.71992202104957
Senior Pathologists,Senior Pathologists,Reporting,,5,24616.289707748343,24628.988444310846,12.698736562502745
Junior Pathologists,Junior Pathologists (grossing),Grossing,grossing,6,24570.0,24630.0,60.0
Grossing Station,Grossing Station,Grossing,,2,24600.0,24630.0,30.0
Junior Pathologists,Junior Pathologists (grossing),Grossing,grossing,6,24580.0,24640.0,60.0
Grossing Station,Grossing Station,Grossing,,2,24610.0,24640.0,30.0
Junior Pathologists,Junior Pathologists (grossing),Grossing,grossing,6,24590.0,24640.0,50.0
Grossing Station,Grossing Station,Grossing,,2,24630.0,24640.0,10.0
Junior Pathologists,Junior Pathologists (grossing),Grossing,grossing,6,24600.0,24650.0,50.0
Grossing Station,Grossing Station,Grossing,,2,24640.0,24650.0,10.0
Junior Pathologists,Junior Pathologists (grossing),Grossing,grossing,6,24600.0,24650.0,50.0
Grossing Station,Grossing Station,Grossing,,2,24640.0,24650.0,10.0
Junior Pathologists,Junior Pathologists (grossing),Grossing,grossing,6,24610.0,24660.0,50.0
Grossing Station,Grossing Station,Grossing,,2,24650.0,24660.0,10.0
Junior Pathologists,Junior Pathologists (grossing),Grossing,grossing,6,24900.0,24910.0,10.0
Grossing Station,Grossing Station,Grossing,,2,24900.0,24910.0,10.0
Junior Pathologists,Junior Pathologists (grossing),Grossing,grossing,6,24900.0,24910.0,10.0
Grossing Station,Grossing Station,Grossing,,2,24900.0,24910.0,10.0
Junior Pathologists,Junior Pathologists (grossing),Grossing,grossing,6,25980.0,25990.0,10.0
Grossing Station,Grossing Station,Grossing,,2,25980.0,25990.0,10.0
Junior Pathologists,Junior Pathologists (grossing),Grossing,grossing,6,25980.0,25990.0,10.0
Grossing Station,Grossing Station,Grossing,,2,25980.0,25990.0,10.0
Junior Pathologists,Junior Pathologists (grossing),Grossing,grossing,6,25980.0,26000.0,20.0
Grossing Station,Grossing Station,Grossing,,2,25990.0,26000.0,10.0
Junior Pathologists,Junior Pathologists (grossing),Grossing,grossing,6,25980.00000000133,26000.0,19.9999999986685
Grossing Station,Grossing Station,Grossing,,2,25990.0,26000.0,10.0
Junior Pathologists,Junior Pathologists (grossing),Grossing,grossing,6,25980.00000000291,26010.0,29.999999997089617
Grossing Station,Grossing Station,Grossing,,2,26000.0,26010.0,10.0
Junior Pathologists,Junior Pathologists (grossing),Grossing,grossing,6,25980.000000004726,26010.0,29.999999995274266
Grossing Station,Grossing Station,Grossing,,2,26000.0,26010.0,10.0
Junior Pathologists,Junior Pathologists (grossing),Grossing,grossing,6,25990.0,26020.0,30.0
Grossing Station,Grossing Station,Grossing,,2,26010.0,26020.0,10.0
Junior Pathologists,Junior Pathologists (grossing),Grossing,grossing,6,26340.0,26350.0,10.0
Grossing Station,Grossing Station,Grossing,,2,26340.0,26350.0,10.0
Junior Pathologists,Junior Pathologists (grossing),Grossing,grossing,6,26340.0,26350.0,10.0
Grossing Station,Grossing Station,Grossing,,2,26340.0,26350.0,10.0
Junior Pathologists,Junior Pathologists (grossing),Grossing,grossing,6,26359.7502528593,26369.7502528593,10.0
Grossing Station,Grossing Station,Grossing,,2,26359.7502528593,26369.7502528593,10.0
Junior Pathologists,Junior Pathologists (grossing),Grossing,grossing,6,26366.03211994518,26376.03211994518,10.0
Grossing Station,Grossing Station,Grossing,,2,26366.03211994518,26376.03211994518,10.0
Junior Pathologists,Junior Pathologists (grossing),Grossing,grossing,6,26377.77022756071,26387.77022756071,10.0
Grossing Station,Grossing Station,Grossing,,2,26377.77022756071,26387.77022756071,10.0
Junior Pathologists,Junior Pathologists (grossing),Grossing,grossing,6,26448.69156071764,26458.69156071764,10.0
Grossing Station,Grossing Station,Grossing,,2,26448.69156071764,26458.69156071764,10.0
Tissue Processor,Tissue Processor,Tissue Processing,,1,26000.0,27320.0,1320.0
Histotechnicians,Histotechnicians,Embedding,,11,27420.0,27421.0,1.0
Embedding Station,Embedding Station,Embedding,,1,27420.0,27421.0,1.0
Histotechnicians,Histotechnicians,Embedding,,11,27420.0,27422.0,2.0
Embedding Station,Embedding Station,Embedding,,1,27421.0,27422.0,1.0
Histotechnicians,Histotechnicians,Embedding,,11,27420.0,27423.0,3.0
Embedding Station,Embedding Station,Embedding,,1,27422.0,27423.0,1.0
Histotechnicians,Histotechnicians,Embedding,,11,27420.0,27424.0,4.0
Embedding Station,Embedding Station,Embedding,,1,27423.0,27424.0,1.0
Histotechnicians,Histotechnicians,Embedding,,11,27420.0,27425.0,5.0
Embedding Station,Embedding Station,Embedding,,1,27424.0,27425.0,1.0
Histotechnicians,Histotechnicians,Embedding,,11,27420.0,27426.0,6.0
Embedding Station,Embedding Station,Embedding,,1,27425.0,27426.0,1.0
Histotechnicians,Histotechnicians,Embedding,,11,27420.0,27427.0,7.0
Embedding Station,Embedding Station,Embedding,,1,27426.0,27427.0,1.0
Histotechnicians,Histotechnicians,Embedding,,11,27420.0,27428.0,8.0
Embedding Station,Embedding Station,Embedding,,1,27427.0,27428.0,1.0
Histotechnicians,Histotechnicians,Embedding,,11,27420.0,27429.0,9.0
Embedding Station,Embedding Station,Embedding,,1,27428.0,27429.0,1.0
Junior Pathologists,Junior Pathologists (grossing),Grossing,grossing,6,27420.0,27430.0,10.0
Grossing Station,Grossing Station,Grossing,,2,27420.0,27430.0,10.0
Junior Pathologists,Junior Pathologists (grossing),Grossing,grossing,6,27420.0,27430.0,10.0
Grossing Station,Grossing Station,Grossing,,2,27420.0,27430.0,10.0
Histotechnicians,Histotechnicians,Embedding,,11,27420.0,27430.0,10.0
Embedding Station,Embedding Station,Embedding,,1,27429.0,27430.0,1.0
Histotechnicians,Histotechnicians,Embedding,,11,27420.0,27431.0,11.0
Embedding Station,Embedding Station,Embedding,,1,27430.0,27431.0,1.0
Histotechnicians,Histotechnicians,Embedding,,11,27421.0,27432.0,11.0
Embedding Station,Embedding Station,Embedding,,1,27431.0,27432.0,1.0
Histotechnicians,Histotechnicians,Embedding,,11,27422.0,27433.0,11.0
Embedding Station,Embedding Station,Embedding,,1,27432.0,27433.0,1.0
Histotechnicians,Histotechnicians,Embedding,,11,27423.0,27434.0,11.0
Embedding Station,Embedding Station,Embedding,,1,27433.0,27434.0,1.0
Histotechnicians,Histotechnicians,Embedding,,11,27424.0,27435.0,11.0
Embedding Station,Embedding Station,Embedding,,1,27434.0,27435.0,1.0
Histotechnicians,Histotechnicians,Embedding,,11,27425.0,27436.0,11.0
Embedding Station,Embedding Station,Embedding,,1,27435.0,27436.0,1.0
Histotechnicians,Histotechnicians,Embedding,,11,27426.0,27437.0,11.0
Embedding Station,Embedding Station,Embedding,,1,27436.0,27437.0,1.0
Histotechnicians,Histotechnicians,Embedding,,11,27427.0,27438.0,11.0
Embedding Station,Embedding Station,Embedding,,1,27437.0,27438.0,1.0
Histotechnicians,Histotechnicians,Embedding,,11,27428.0,27439.0,11.0
Embedding Station,Embedding Station,Embedding,,1,27438.0,27439.0,1.0
Junior Pathologists,Junior Pathologists (grossing),Grossing,grossing,6,27420.0,27440.0,20.0
Grossing Station,Grossing Station,Grossing,,2,27430.0,27440.0,10.0
Histotechnicians,Histotechnicians,Embedding,,11,27429.0,27440.0,11.0
Embedding Station,Embedding Station,Embedding,,1,27439.0,27440.0,1.0
Histotechnicians,Histotechnicians,Embedding,,11,27430.0,27441.0,11.0
Embedding Station,Embedding Station,Embedding,,1,27440.0,27441.0,1.0
Histotechnicians,Histotechnicians,Embedding,,11,27431.0,27442.0,11.0
Embedding Station,Embedding Station,Embedding,,1,27441.0,27442.0,1.0
Histotechnicians,Histotechnicians,Embedding,,11,27432.0,27443.0,11.0
Embedding Station,Embedding Station,Embedding,,1,27442.0,27443.0,1.0
Histotechnicians,Histotechnicians,Embedding,,11,27433.0,27444.0,11.0
Embedding Station,Embedding Station,Embedding,,1,27443.0,27444.0,1.0
Histotechnicians,Histotechnicians,Embedding,,11,27434.0,27445.0,11.0
Embedding Station,Embedding Station,Embedding,,1,27444.0,27445.0,1.0
Histotechnicians,Histotechnicians,Embedding,,11,27435.0,27446.0,11.0
Embedding Station,Embedding Station,Embedding,,1,27445.0,27446.0,1.0
Histotechnicians,Histotechnicians,Embedding,,11,27436.0,27447.0,11.0
Embedding Station,Embedding Station,Embedding,,1,27446.0,27447.0,1.0
Histotechnicians,Histotechnicians,Embedding,,11,27437.0,27448.0,11.0
Embedding Station,Embedding Station,Embedding,,1,27447.0,27448.0,1.0
Histotechnicians,Histotechnicians,Embedding,,11,27438.0,27449.0,11.0
Embedding Station,Embedding Station,Embedding,,1,27448.0,27449.0,1.0
Histotechnicians,Histotechnicians,Embedding,,11,27439.0,27450.0,11.0
Embedding Station,Embedding Station,Embedding,,1,27449.0,27450.0,1.0
Histotechnicians,Histotechnicians,Embedding,,11,27440.0,27451.0,11.0
Embedding Station,Embedding Station,Embedding,,1,27450.0,27451.0,1.0
Histotechnicians,Histotechnicians,Embedding,,11,27441.0,27452.0,11.0
Embedding Station,Embedding Station,Embedding,,1,27451.0,27452.0,1.0
Histotechnicians,Histotechnicians,Embedding,,11,27442.0,27453.0,11.0
Embedding Station,Embedding Station,Embedding,,1,27452.0,27453.0,1.0
Histotechnicians,Histotechnicians,Embedding,,11,27443.0,27454.0,11.0
Embedding Station,Embedding Station,Embedding,,1,27453.0,27454.0,1.0
Histotechnicians,Histotechnicians,Embedding,,11,27444.0,27455.0,11.0
Embedding Station,Embedding Station,Embedding,,1,27454.0,27455.0,1.0
Histotechnicians,Histotechnicians,Embedding,,11,27445.0,27456.0,11.0
Embedding Station,Embedding Station,Embedding,,1,27455.0,27456.0,1.0
Histotechnicians,Histotechnicians,Embedding,,11,27446.0,27457.0,11.0
Embedding Station,Embedding Station,Embedding,,1,27456.0,27457.0,1.0
Histotechnicians,Histotechnicians,Embedding,,11,27447.0,27458.0,11.0
Embedding Station,Embedding Station,Embedding,,1,27457.0,27458.0,1.0
Histotechnicians,Histotechnicians,Embedding,,11,27448.0,27459.0,11.0
Embedding Station,Embedding Station,Embedding,,1,27458.0,27459.0,1.0
Histotechnicians,Histotechnicians,Embedding,,11,27449.0,27460.0,11.0
Embedding Station,Embedding Station,Embedding,,1,27459.0,27460.0,1.0
Histotechnicians,Histotechnicians,Embedding,,11,27450.0,27461.0,11.0
Embedding Station,Embedding Station,Embedding,,1,27460.0,27461.0,1.0
Histotechnicians,Histotechnicians,Embedding,,11,27451.0,27462.0,11.0
Embedding Station,Embedding Station,Embedding,,1,27461.0,27462.0,1.0
Histotechnicians,Histotechnicians,Embedding,,11,27452.0,27463.0,11.0
Embedding Station,Embedding Station,Embedding,,1,27462.0,27463.0,1.0
Histotechnicians,Histotechnicians,Embedding,,11,27453.0,27464.0,11.0
Embedding Station,Embedding Station,Embedding,,1,27463.0,27464.0,1.0
Histotechnicians,Histotechnicians,Embedding,,11,27454.0,27465.0,11.0
Embedding Station,Embedding Station,Embedding,,1,27464.0,27465.0,1.0
Histotechnicians,Histotechnicians,Embedding,,11,27455.0,27466.0,11.0
Embedding Station,Embedding Station,Embedding,,1,27465.0,27466.0,1.0
Histotechnicians,Histotechnicians,Embedding,,11,27456.0,27467.0,11.0
Embedding Station,Embedding Station,Embedding,,1,27466.0,27467.0,1.0
Histotechnicians,Histotechnicians,Embedding,,11,27457.0,27468.0,11.0
Embedding Station,Embedding Station,Embedding,,1,27467.0,27468.0,1.0
Histotechnicians,Histotechnicians,Embedding,,11,27458.0,27469.0,11.0
Embedding Station,Embedding Station,Embedding,,1,27468.0,27469.0,1.0
Histotechnicians,Histotechnicians,Embedding,,11,27459.0,27470.0,11.0
Embedding Station,Embedding Station,Embedding,,1,27469.0,27470.0,1.0
Histotechnicians,Histotechnicians,Embedding,,11,27460.0,27471.0,11.0
Embedding Station,Embedding Station,Embedding,,1,27470.0,27471.0,1.0
Histotechnicians,Histotechnicians,Embedding,,11,27461.0,27472.0,11.0
Embedding Station,Embedding Station,Embedding,,1,27471.0,27472.0,1.0
Histotechnicians,Histotechnicians,Embedding,,11,27462.0,27473.0,11.0
Embedding Station,Embedding Station,Embedding,,1,27472.0,27473.0,1.0
Histotechnicians,Histotechnicians,Embedding,,11,27463.0,27474.0,11.0
Embedding Station,Embedding Station,Embedding,,1,27473.0,27474.0,1.0
Histotechnicians,Histotechnicians,Embedding,,11,27464.0,27475.0,11.0
Embedding Station,Embedding Station,Embedding,,1,27474.0,27475.0,1.0
Histotechnicians,Histotechnicians,Embedding,,11,27465.0,27476.0,11.0
Embedding Station,Embedding Station,Embedding,,1,27475.0,27476.0,1.0
Histotechnicians,Histotechnicians,Embedding,,11,27466.0,27477.0,11.0
Embedding Station,Embedding Station,Embedding,,1,27476.0,27477.0,1.0
Histotechnicians,Histotechnicians,Embedding,,11,27467.0,27478.0,11.0
Embedding Station,Embedding Station,Embedding,,1,27477.0,27478.0,1.0
Histotechnicians,Histotechnicians,Embedding,,11,27468.0,27479.0,11.0
Embedding Station,Embedding Station,Embedding,,1,27478.0,27479.0,1.0
Histotechnicians,Histotechnicians,Embedding,,11,27469.0,27480.0,11.0
Embedding Station,Embedding Station,Embedding,,1,27479.0,27480.0,1.0
Histotechnicians,Histotechnicians,Embedding,,11,27470.0,27481.0,11.0
Embedding Station,Embedding Station,Embedding,,1,27480.0,27481.0,1.0
Histotechnicians,Histotechnicians,Embedding,,11,27471.0,27482.0,11.0
Embedding Station,Embedding Station,Embedding,,1,27481.0,27482.0,1.0
Histotechnicians,Histotechnicians,Embedding,,11,27472.0,27483.0,11.0
Embedding Station,Embedding Station,Embedding,,1,27482.0,27483.0,1.0
Histotechnicians,Histotechnicians,Embedding,,11,27473.0,27484.0,11.0
Embedding Station,Embedding Station,Embedding,,1,27483.0,27484.0,1.0
Histotechnicians,Histotechnicians,Embedding,,11,27474.0,27485.0,11.0
Embedding Station,Embedding Station,Embedding,,1,27484.0,27485.0,1.0
Histotechnicians,Histotechnicians,Embedding,,11,27475.0,27486.0,11.0
Embedding Station,Embedding Station,Embedding,,1,27485.0,27486.0,1.0
Histotechnicians,Histotechnicians,Embedding,,11,27476.0,27487.0,11.0
Embedding Station,Embedding Station,Embedding,,1,27486.0,27487.0,1.0
Histotechnicians,Histotechnicians,Embedding,,11,27477.0,27488.0,11.0
Embedding Station,Embedding Station,Embedding,,1,27487.0,27488.0,1.0
Histotechnicians,Histotechnicians,Embedding,,11,27478.0,27489.0,11.0
Embedding Station,Embedding Station,Embedding,,1,27488.0,27489.0,1.0
Histotechnicians,Histotechnicians,Embedding,,11,27479.0,27490.0,11.0
Embedding Station,Embedding Station,Embedding,,1,27489.0,27490.0,1.0
Histotechnicians,Histotechnicians,Embedding,,11,27480.0,27491.0,11.0
Embedding Station,Embedding Station,Embedding,,1,27490.0,27491.0,1.0
Histotechnicians,Histotechnicians,Embedding,,11,27481.0,27492.0,11.0
Embedding Station,Embedding Station,Embedding,,1,27491.0,27492.0,1.0
Histotechnicians,Histotechnicians,Embedding,,11,27482.0,27493.0,11.0
Embedding Station,Embedding Station,Embedding,,1,27492.0,27493.0,1.0
Histotechnicians,Histotechnicians,Embedding,,11,27483.0,27494.0,11.0
Embedding Station,Embedding Station,Embedding,,1,27493.0,27494.0,1.0
Histotechnicians,Histotechnicians,Embedding,,11,27484.0,27495.0,11.0
Embedding Station,Embedding Station,Embedding,,1,27494.0,27495.0,1.0
Histotechnicians,Histotechnicians,Embedding,,11,27485.0,27496.0,11.0
Embedding Station,Embedding Station,Embedding,,1,27495.0,27496.0,1.0
Histotechnicians,Histotechnicians,Embedding,,11,27486.0,27497.0,11.0
Embedding Station,Embedding Station,Embedding,,1,27496.0,27497.0,1.0
Histotechnicians,Histotechnicians,Embedding,,11,27487.0,27498.0,11.0
Embedding Station,Embedding Station,Embedding,,1,27497.0,27498.0,1.0
Histotechnicians,Histotechnicians,Embedding,,11,27488.0,27499.0,11.0
Embedding Station,Embedding Station,Embedding,,1,27498.0,27499.0,1.0
Histotechnicians,Histotechnicians,Embedding,,11,27489.0,27500.0,11.0
Embedding Station,Embedding Station,Embedding,,1,27499.0,27500.0,1.0
Histotechnicians,Histotechnicians,Embedding,,11,27490.0,27501.0,11.0
Embedding Station,Embedding Station,Embedding,,1,27500.0,27501.0,1.0
Histotechnicians,Histotechnicians,Sectioning,,11,27500.0,27502.0,2.0
Sectioning Station,Sectioning Station,Sectioning,,1,27500.0,27502.0,2.0
Histotechnicians,Histotechnicians,Embedding,,11,27491.0,27502.0,11.0
Embedding Station,Embedding Station,Embedding,,1,27501.0,27502.0,1.0
Histotechnicians,Histotechnicians,Embedding,,11,27492.0,27503.0,11.0
Embedding Station,Embedding Station,Embedding,,1,27502.0,27503.0,1.0
Histotechnicians,Histotechnicians,Sectioning,,11,27501.0,27504.0,3.0
Sectioning Station,Sectioning Station,Sectioning,,1,27502.0,27504.0,2.0
Histotechnicians,Histotechnicians,Embedding,,11,27493.0,27504.0,11.0
Embedding Station,Embedding Station,Embedding,,1,27503.0,27504.0,1.0
Histotechnicians,Histotechnicians,Embedding,,11,27494.0,27505.0,11.0
Embedding Station,Embedding Station,Embedding,,1,27504.0,27505.0,1.0
Histotechnicians,Histotechnicians,Sectioning,,11,27502.0,27506.0,4.0
Sectioning Station,Sectioning Station,Sectioning,,1,27504.0,27506.0,2.0
Histotechnicians,Histotechnicians,Embedding,,11,27495.0,27506.0,11.0
Embedding Station,Embedding Station,Embedding,,1,27505.0,27506.0,1.0
Histotechnicians,Histotechnicians,Embedding,,11,27496.0,27507.0,11.0
Embedding Station,Embedding Station,Embedding,,1,27506.0,27507.0,1.0
Histotechnicians,Histotechnicians,Sectioning,,11,27502.0,27508.0,6.0
Sectioning Station,Sectioning Station,Sectioning,,1,27506.0,27508.0,2.0
Histotechnicians,Histotechnicians,Embedding,,11,27497.0,27508.0,11.0
Embedding Station,Embedding Station,Embedding,,1,27507.0,27508.0,1.0
Histotechnicians,Histotechnicians,Embedding,,11,27498.0,27509.0,11.0
Embedding Station,Embedding Station,Embedding,,1,27508.0,27509.0,1.0
Histotechnicians,Histotechnicians,Sectioning,,11,27503.0,27510.0,7.0
Sectioning Station,Sectioning Station,Sectioning,,1,27508.0,27510.0,2.0
Histotechnicians,Histotechnicians,Embedding,,11,27499.0,27510.0,11.0
Embedding Station,Embedding Station,Embedding,,1,27509.0,27510.0,1.0
Histotechnicians,Histotechnicians,Sectioning,,11,27504.0,27512.0,8.0
Sectioning Station,Sectioning Station,Sectioning,,1,27510.0,27512.0,2.0
Histotechnicians,Histotechnicians,Sectioning,,11,27504.0,27514.0,10.0
Sectioning Station,Sectioning Station,Sectioning,,1,27512.0,27514.0,2.0
Histotechnicians,Histotechnicians,Sectioning,,11,27505.0,27516.0,11.0
Sectioning Station,Sectioning Station,Sectioning,,1,27514.0,27516.0,2.0
Histotechnicians,Histotechnicians,Sectioning,,11,27506.0,27518.0,12.0
Sectioning Station,Sectioning Station,Sectioning,,1,27516.0,27518.0,2.0
Histotechnicians,Histotechnicians,Sectioning,,11,27506.0,27520.0,14.0
Sectioning Station,Sectioning Station,Sectioning,,1,27518.0,27520.0,2.0
Histotechnicians,Histotechnicians,Sectioning,,11,27507.0,27522.0,15.0
Sectioning Station,Sectioning Station,Sectioning,,1,27520.0,27522.0,2.0
Histotechnicians,Histotechnicians,Sectioning,,11,27508.0,27524.0,16.0
Sectioning Station,Sectioning Station,Sectioning,,1,27522.0,27524.0,2.0
Histotechnicians,Histotechnicians,Sectioning,,11,27508.0,27526.0,18.0
Sectioning Station,Sectioning Station,Sectioning,,1,27524.0,27526.0,2.0
Histotechnicians,Histotechnicians,Sectioning,,11,27509.0,27528.0,19.0
Sectioning Station,Sectioning Station,Sectioning,,1,27526.0,27528.0,2.0
Histotechnicians,Histotechnicians,Sectioning,,11,27510.0,27530.0,20.0
Sectioning Station,Sectioning Station,Sectioning,,1,27528.0,27530.0,2.0
Histotechnicians,Histotechnicians,Sectioning,,11,27510.0,27532.0,22.0
Sectioning Station,Sectioning Station,Sectioning,,1,27530.0,27532.0,2.0
Histotechnicians,Histotechnicians,Sectioning,,11,27512.0,27534.0,22.0
Sectioning Station,Sectioning Station,Sectioning,,1,27532.0,27534.0,2.0
Histotechnicians,Histotechnicians,Sectioning,,11,27514.0,27536.0,22.0
Sectioning Station,Sectioning Station,Sectioning,,1,27534.0,27536.0,2.0
Histotechnicians,Histotechnicians,Sectioning,,11,27516.0,27538.0,22.0
Sectioning Station,Sectioning Station,Sectioning,,1,27536.0,27538.0,2.0
Histotechnicians,Histotechnicians,Sectioning,,11,27518.0,27540.0,22.0
Sectioning Station,Sectioning Station,Sectioning,,1,27538.0,27540.0,2.0
Histotechnicians,Histotechnicians,Sectioning,,11,27520.0,27542.0,22.0
Sectioning Station,Sectioning Station,Sectioning,,1,27540.0,27542.0,2.0
Histotechnicians,Histotechnicians,Sectioning,,11,27522.0,27544.0,22.0
Sectioning Station,Sectioning Station,Sectioning,,1,27542.0,27544.0,2.0
Histotechnicians,Histotechnicians,Sectioning,,11,27524.0,27546.0,22.0
Sectioning Station,Sectioning Station,Sectioning,,1,27544.0,27546.0,2.0
Histotechnicians,Histotechnicians,Sectioning,,11,27526.0,27548.0,22.0
Sectioning Station,Sectioning Station,Sectioning,,1,27546.0,27548.0,2.0
Histotechnicians,Histotechnicians,Sectioning,,11,27528.0,27550.0,22.0
Sectioning Station,Sectioning Station,Sectioning,,1,27548.0,27550.0,2.0
Histotechnicians,Histotechnicians,Sectioning,,11,27530.0,27552.0,22.0
Sectioning Station,Sectioning Station,Sectioning,,1,27550.0,27552.0,2.0
Histotechnicians,Histotechnicians,Sectioning,,11,27532.0,27554.0,22.0
Sectioning Station,Sectioning Station,Sectioning,,1,27552.0,27554.0,2.0
Histotechnicians,Histotechnicians,Sectioning,,11,27534.0,27556.0,22.0
Sectioning Station,Sectioning Station,Sectioning,,1,27554.0,27556.0,2.0
Histotechnicians,Histotechnicians,Sectioning,,11,27536.0,27558.0,22.0
Sectioning Station,Sectioning Station,Sectioning,,1,27556.0,27558.0,2.0
Histotechnicians,Histotechnicians,Sectioning,,11,27538.0,27560.0,22.0
Sectioning Station,Sectioning Station,Sectioning,,1,27558.0,27560.0,2.0
Histotechnicians,Histotechnicians,Sectioning,,11,27540.0,27562.0,22.0
Sectioning Station,Sectioning Station,Sectioning,,1,27560.0,27562.0,2.0
Histotechnicians,Histotechnicians,Sectioning,,11,27542.0,27564.0,22.0
Sectioning Station,Sectioning Station,Sectioning,,1,27562.0,27564.0,2.0
Histotechnicians,Histotechnicians,Sectioning,,11,27544.0,27566.0,22.0
Sectioning Station,Sectioning Station,Sectioning,,1,27564.0,27566.0,2.0
Histotechnicians,Histotechnicians,Sectioning,,11,27546.0,27568.0,22.0
Sectioning Station,Sectioning Station,Sectioning,,1,27566.0,27568.0,2.0
Histotechnicians,Histotechnicians,Sectioning,,11,27548.0,27570.0,22.0
Sectioning Station,Sectioning Station,Sectioning,,1,27568.0,27570.0,2.0
Histotechnicians,Histotechnicians,Sectioning,,11,27550.0,27572.0,22.0
Sectioning Station,Sectioning Station,Sectioning,,1,27570.0,27572.0,2.0
Histotechnicians,Histotechnicians,Sectioning,,11,27552.0,27574.0,22.0
Sectioning Station,Sectioning Station,Sectioning,,1,27572.0,27574.0,2.0
Histotechnicians,Histotechnicians,Sectioning,,11,27554.0,27576.0,22.0
Sectioning Station,Sectioning Station,Sectioning,,1,27574.0,27576.0,2.0
Histotechnicians,Histotechnicians,Sectioning,,11,27556.0,27578.0,22.0
Sectioning Station,Sectioning Station,Sectioning,,1,27576.0,27578.0,2.0
Histotechnicians,Histotechnicians,Sectioning,,11,27558.0,27580.0,22.0
Sectioning Station,Sectioning Station,Sectioning,,1,27578.0,27580.0,2.0
Histotechnicians,Histotechnicians,Sectioning,,11,27560.0,27582.0,22.0
Sectioning Station,Sectioning Station,Sectioning,,1,27580.0,27582.0,2.0
Histotechnicians,Histotechnicians,Sectioning,,11,27562.0,27584.0,22.0
Sectioning Station,Sectioning Station,Sectioning,,1,27582.0,27584.0,2.0
Histotechnicians,Histotechnicians,Sectioning,,11,27564.0,27586.0,22.0
Sectioning Station,Sectioning Station,Sectioning,,1,27584.0,27586.0,2.0
Histotechnicians,Histotechnicians,Sectioning,,11,27566.0,27588.0,22.0
Sectioning Station,Sectioning Station,Sectioning,,1,27586.0,27588.0,2.0
Histotechnicians,Histotechnicians,Sectioning,,11,27568.0,27590.0,22.0
Sectioning Station,Sectioning Station,Sectioning,,1,27588.0,27590.0,2.0
Histotechnicians,Histotechnicians,Sectioning,,11,27570.0,27592.0,22.0
Sectioning Station,Sectioning Station,Sectioning,,1,27590.0,27592.0,2.0
Histotechnicians,Histotechnicians,Sectioning,,11,27572.0,27594.0,22.0
Sectioning Station,Sectioning Station,Sectioning,,1,27592.0,27594.0,2.0
Histotechnicians,Histotechnicians,Sectioning,,11,27574.0,27596.0,22.0
Sectioning Station,Sectioning Station,Sectioning,,1,27594.0,27596.0,2.0
Histotechnicians,Histotechnicians,Sectioning,,11,27576.0,27598.0,22.0
Sectioning Station,Sectioning Station,Sectioning,,1,27596.0,27598.0,2.0
Histotechnicians,Histotechnicians,Sectioning,,11,27578.0,27600.0,22.0
Sectioning Station,Sectioning Station,Sectioning,,1,27598.0,27600.0,2.0
Histotechnicians,Histotechnicians,Sectioning,,11,27580.0,27602.0,22.0
Sectioning Station,Sectioning Station,Sectioning,,1,27600.0,27602.0,2.0
Histotechnicians,Histotechnicians,Sectioning,,11,27582.0,27604.0,22.0
Sectioning Station,Sectioning Station,Sectioning,,1,27602.0,27604.0,2.0
Histotechnicians,Histotechnicians,Sectioning,,11,27584.0,27606.0,22.0
Sectioning Station,Sectioning Station,Sectioning,,1,27604.0,27606.0,2.0
Histotechnicians,Histotechnicians,Sectioning,,11,27586.0,27608.0,22.0
Sectioning Station,Sectioning Station,Sectioning,,1,27606.0,27608.0,2.0
Histotechnicians,Histotechnicians,Sectioning,,11,27588.0,27610.0,22.0
Sectioning Station,Sectioning Station,Sectioning,,1,27608.0,27610.0,2.0
Histotechnicians,Histotechnicians,Sectioning,,11,27590.0,27612.0,22.0
Sectioning Station,Sectioning Station,Sectioning,,1,27610.0,27612.0,2.0
Histotechnicians,Histotechnicians,Sectioning,,11,27592.0,27614.0,22.0
Sectioning Station,Sectioning Station,Sectioning,,1,27612.0,27614.0,2.0
Histotechnicians,Histotechnicians,Sectioning,,11,27594.0,27616.0,22.0
Sectioning Station,Sectioning Station,Sectioning,,1,27614.0,27616.0,2.0
Histotechnicians,Histotechnicians,Sectioning,,11,27596.0,27618.0,22.0
Sectioning Station,Sectioning Station,Sectioning,,1,27616.0,27618.0,2.0
Histotechnicians,Histotechnicians,Sectioning,,11,27598.0,27620.0,22.0
Sectioning Station,Sectioning Station,Sectioning,,1,27618.0,27620.0,2.0
Histotechnicians,Histotechnicians,Sectioning,,11,27600.0,27622.0,22.0
Sectioning Station,Sectioning Station,Sectioning,,1,27620.0,27622.0,2.0
Histotechnicians,Histotechnicians,Sectioning,,11,27602.0,27624.0,22.0
Sectioning Station,Sectioning Station,Sectioning,,1,27622.0,27624.0,2.0
Histotechnicians,Histotechnicians,Sectioning,,11,27604.0,27626.0,22.0
Sectioning Station,Sectioning Station,Sectioning,,1,27624.0,27626.0,2.0
Histotechnicians,Histotechnicians,Sectioning,,11,27606.0,27628.0,22.0
Sectioning Station,Sectioning Station,Sectioning,,1,27626.0,27628.0,2.0
Histotechnicians,Histotechnicians,Sectioning,,11,27608.0,27630.0,22.0
Sectioning Station,Sectioning Station,Sectioning,,1,27628.0,27630.0,2.0
Histotechnicians,Histotechnicians,Sectioning,,11,27610.0,27632.0,22.0
Sectioning Station,Sectioning Station,Sectioning,,1,27630.0,27632.0,2.0
Histotechnicians,Histotechnicians,Sectioning,,11,27612.0,27634.0,22.0
Sectioning Station,Sectioning Station,Sectioning,,1,27632.0,27634.0,2.0
Histotechnicians,Histotechnicians,Sectioning,,11,27614.0,27636.0,22.0
Sectioning Station,Sectioning Station,Sectioning,,1,27634.0,27636.0,2.0
Histotechnicians,Histotechnicians,Sectioning,,11,27616.0,27638.0,22.0
Sectioning Station,Sectioning Station,Sectioning,,1,27636.0,27638.0,2.0
Histotechnicians,Histotechnicians,Sectioning,,11,27618.0,27640.0,22.0
Sectioning Station,Sectioning Station,Sectioning,,1,27638.0,27640.0,2.0
Histotechnicians,Histotechnicians,Sectioning,,11,27620.0,27642.0,22.0
Sectioning Station,Sectioning Station,Sectioning,,1,27640.0,27642.0,2.0
Histotechnicians,Histotechnicians,Sectioning,,11,27622.0,27644.0,22.0
Sectioning Station,Sectioning Station,Sectioning,,1,27642.0,27644.0,2.0
Histotechnicians,Histotechnicians,Sectioning,,11,27624.0,27646.0,22.0
Sectioning Station,Sectioning Station,Sectioning,,1,27644.0,27646.0,2.0
Histotechnicians,Histotechnicians,Sectioning,,11,27626.0,27648.0,22.0
Sectioning Station,Sectioning Station,Sectioning,,1,27646.0,27648.0,2.0
Histotechnicians,Histotechnicians,Sectioning,,11,27628.0,27650.0,22.0
Sectioning Station,Sectioning Station,Sectioning,,1,27648.0,27650.0,2.0
Histotechnicians,Histotechnicians,Sectioning,,11,27630.0,27652.0,22.0
Sectioning Station,Sectioning Station,Sectioning,,1,27650.0,27652.0,2.0
Histotechnicians,Histotechnicians,Sectioning,,11,27632.0,27654.0,22.0
Sectioning Station,Sectioning Station,Sectioning,,1,27652.0,27654.0,2.0
Histotechnicians,Histotechnicians,Sectioning,,11,27634.0,27656.0,22.0
Sectioning Station,Sectioning Station,Sectioning,,1,27654.0,27656.0,2.0
Histotechnicians,Histotechnicians,Sectioning,,11,27636.0,27658.0,22.0
Sectioning Station,Sectioning Station,Sectioning,,1,27656.0,27658.0,2.0
Histotechnicians,Histotechnicians,Sectioning,,11,27638.0,27660.0,22.0
Sectioning Station,Sectioning Station,Sectioning,,1,27658.0,27660.0,2.0
Histotechnicians,Histotechnicians,Sectioning,,11,27640.0,27662.0,22.0
Sectioning Station,Sectioning Station,Sectioning,,1,27660.0,27662.0,2.0
Histotechnicians,Histotechnicians,Sectioning,,11,27642.0,27664.0,22.0
Sectioning Station,Sectioning Station,Sectioning,,1,27662.0,27664.0,2.0
Histotechnicians,Histotechnicians,Sectioning,,11,27644.0,27666.0,22.0
Sectioning Station,Sectioning Station,Sectioning,,1,27664.0,27666.0,2.0
Histotechnicians,Histotechnicians,Sectioning,,11,27646.0,27668.0,22.0
Sectioning Station,Sectioning Station,Sectioning,,1,27666.0,27668.0,2.0
Histotechnicians,Histotechnicians,Sectioning,,11,27648.0,27670.0,22.0
Sectioning Station,Sectioning Station,Sectioning,,1,27668.0,27670.0,2.0
Histotechnicians,Histotechnicians,Sectioning,,11,27650.0,27672.0,22.0
Sectioning Station,Sectioning Station,Sectioning,,1,27670.0,27672.0,2.0
Histotechnicians,Histotechnicians,Sectioning,,11,27652.0,27674.0,22.0
Sectioning Station,Sectioning Station,Sectioning,,1,27672.0,27674.0,2.0
Histotechnicians,Histotechnicians,Sectioning,,11,27654.0,27676.0,22.0
Sectioning Station,Sectioning Station,Sectioning,,1,27674.0,27676.0,2.0
Histotechnicians,Histotechnicians,Sectioning,,11,27656.0,27678.0,22.0
Sectioning Station,Sectioning Station,Sectioning,,1,27676.0,27678.0,2.0
Histotechnicians,Histotechnicians,Sectioning,,11,27660.0,27680.0,20.0
Sectioning Station,Sectioning Station,Sectioning,,1,27678.0,27680.0,2.0
Histotechnicians,Histotechnicians,Staining,,11,27658.0,27693.0,35.0
Staining Station,Staining Station,Staining,,1,27658.0,27693.0,35.0
Histotechnicians,Histotechnicians,Staining,,11,27662.0,27728.0,66.0
Staining Station,Staining Station,Staining,,1,27693.0,27728.0,35.0
Histotechnicians,Histotechnicians,Staining,,11,27664.0,27763.0,99.0
Staining Station,Staining Station,Staining,,1,27728.0,27763.0,35.0
Junior Pathologists,Junior Pathologists (grossing),Grossing,grossing,6,27780.0,27790.0,10.0
Grossing Station,Grossing Station,Grossing,,2,27780.0,27790.0,10.0
Histotechnicians,Histotechnicians,Staining,,11,27666.0,27798.0,132.0
Staining Station,Staining Station,Staining,,1,27763.0,27798.0,35.0
Junior Pathologists,Junior Pathologists (screening),slide screening,screening,6,27900.0,27915.549115071695,15.549115071695269
Junior Pathologists,Junior Pathologists (screening),slide screening,screening,6,27900.0,27915.61806526605,15.618065266051417
Junior Pathologists,Junior Pathologists (screening),slide screening,screening,6,27900.0,27918.239363360448,18.239363360447896
Junior Pathologists,Junior Pathologists (screening),slide screening,screening,6,27900.0,27919.994572855772,19.994572855772276
Junior Pathologists,Junior Pathologists (screening),slide screening,screening,6,27900.0,27920.395928451395,20.395928451394866
Junior Pathologists,Junior Pathologists (screening),slide screening,screening,6,27900.0,27925.890867017803,25.89086701780252
Junior Pathologists,Junior Pathologists (screening),slide screening,screening,6,27915.549115071695,27935.498197551045,19.94908247935018
Junior Pathologists,Junior Pathologists (screening),slide screening,screening,6,27918.239363360448,27936.237812434836,17.99844907438819
Junior Pathologists,Junior Pathologists (screening),slide screening,screening,6,27919.994572855772,27939.588893953336,19.594321097563807
Junior Pathologists,Junior Pathologists (screening),slide screening,screening,6,27920.395928451395,27940.61191631954,20.21598786814502
Junior Pathologists,Junior Pathologists (screening),slide screening,screening,6,27915.61806526605,27941.440286197554,25.82222093150267
Junior Pathologists,Junior Pathologists (screening),slide screening,screening,6,27935.498197551045,27950.53701599048,15.038818439436
Junior Pathologists,Junior Pathologists (screening),slide screening,screening,6,27925.890867017803,27951.381853039333,25.49098602153026
Junior Pathologists,Junior Pathologists (screening),slide screening,screening,6,27939.588893953336,27953.696694286944,14.107800333607884
Junior Pathologists,Junior Pathologists (screening),slide screening,screening,6,27936.237812434836,27955.16669272169,18.92888028685411
Junior Pathologists,Junior Pathologists (screening),slide screening,screening,6,27941.440286197554,27965.383156043175,23.942869845621317
Junior Pathologists,Junior Pathologists (screening),slide screening,screening,6,27940.61191631954,27966.47276574676,25.860849427219364
Junior Pathologists,Junior Pathologists (screening),slide screening,screening,6,27950.53701599048,27969.48757897539,18.950562984908174
Junior Pathologists,Junior Pathologists (screening),slide screening,screening,6,27951.381853039333,27973.243545295893,21.861692256559763
Junior Pathologists,Junior Pathologists (screening),slide screening,screening,6,27953.696694286944,27974.136764798295,20.440070511351223
Junior Pathologists,Junior Pathologists (screening),slide screening,screening,6,27955.16669272169,27976.355158631646,21.188465909955994
Junior Pathologists,Junior Pathologists (screening),slide screening,screening,6,27969.48757897539,27983.509762174912,14.02218319952226
Junior Pathologists,Junior Pathologists (screening),slide screening,screening,6,27965.383156043175,27989.945939407644,24.562783364468487
Junior Pathologists,Junior Pathologists (screening),slide screening,screening,6,27973.243545295893,27993.94720148353,20.703656187637534
Junior Pathologists,Junior Pathologists (screening),slide screening,screening,6,27966.47276574676,27994.828297491706,28.355531744946347
Junior Pathologists,Junior Pathologists (screening),slide screening,screening,6,27976.355158631646,27995.260443145897,18.905284514250525
Junior Pathologists,Junior Pathologists (screening),slide screening,screening,6,27974.136764798295,27999.7380143281,25.6012495298055
Junior Pathologists,Junior Pathologists (screening),slide screening,screening,6,27983.509762174912,28000.64595878418,17.136196609266335
Junior Pathologists,Junior Pathologists (screening),slide screening,screening,6,27989.945939407644,28005.06808147182,15.122142064177751
Junior Pathologists,Junior Pathologists (screening),slide screening,screening,6,27994.828297491706,28011.32476898731,16.496471495604055
Junior Pathologists,Junior Pathologists (screening),slide screening,screening,6,27995.260443145897,28013.959140482864,18.698697336967598
Junior Pathologists,Junior Pathologists (screening),slide screening,screening,6,27993.94720148353,28015.28949361063,21.342292127101246
Junior Pathologists,Junior Pathologists (screening),slide screening,screening,6,27999.7380143281,28018.69623713994,18.958222811837913
Junior Pathologists,Junior Pathologists (screening),slide screening,screening,6,28000.64595878418,28021.97932541664,21.333366632461548
Junior Pathologists,Junior Pathologists (grossing),Grossing,grossing,6,28860.0,28870.0,10.0
Grossing Station,Grossing Station,Grossing,,2,28860.0,28870.0,10.0
Junior Pathologists,Junior Pathologists (grossing),Grossing,grossing,6,28860.0,28870.0,10.0
Grossing Station,Grossing Station,Grossing,,2,28860.0,28870.0,10.0
Junior Pathologists,Junior Pathologists (grossing),Grossing,grossing,6,28860.000000003456,28880.0,19.99999999654392
Grossing Station,Grossing Station,Grossing,,2,28870.0,28880.0,10.0
Junior Pathologists,Junior Pathologists (grossing),Grossing,grossing,6,28860.00000000538,28890.0,29.99999999461943
Grossing Station,Grossing Station,Grossing,,2,28880.0,28890.0,10.0
Junior Pathologists,Junior Pathologists (grossing),Grossing,grossing,6,28860.0,28900.0,40.0
Grossing Station,Grossing Station,Grossing,,2,28870.0,28900.0,30.0
Senior Pathologists,Senior Pathologists,Reporting,,5,28920.0,28928.859657345212,8.859657345212327
Senior Pathologists,Senior Pathologists,Reporting,,5,28920.0,28929.511285340777,9.511285340777249
Histotechnicians,Histotechnicians,Sectioning,,11,28928.859657345212,28930.859657345212,2.0
Sectioning Station,Sectioning Station,Sectioning,,1,28928.859657345212,28930.859657345212,2.0
Senior Pathologists,Senior Pathologists,Reporting,,5,28920.0,28931.309927005652,11.309927005651844
Histotechnicians,Histotechnicians,Sectioning,,11,28928.859657345212,28932.859657345212,4.0
Sectioning Station,Sectioning Station,Sectioning,,1,28930.859657345212,28932.859657345212,2.0
Senior Pathologists,Senior Pathologists,Reporting,,5,28920.0,28934.541637462637,14.541637462636572
Histotechnicians,Histotechnicians,Sectioning,,11,28928.859657345212,28934.859657345212,6.0
Sectioning Station,Sectioning Station,Sectioning,,1,28932.859657345212,28934.859657345212,2.0
Histotechnicians,Histotechnicians,Sectioning,,11,28928.859657345212,28936.859657345212,8.0
Sectioning Station,Sectioning Station,Sectioning,,1,28934.859657345212,28936.859657345212,2.0
Senior Pathologists,Senior Pathologists,Reporting,,5,28920.0,28937.153347875283,17.153347875282634
Senior Pathologists,Senior Pathologists,Reporting,,5,28929.511285340777,28938.19912534699,8.687840006212355
Histotechnicians,Histotechnicians,Sectioning,,11,28928.859657345212,28938.859657345212,10.0
Sectioning Station,Sectioning Station,Sectioning,,1,28936.859657345212,28938.859657345212,2.0
Senior Pathologists,Senior Pathologists,Reporting,,5,28931.309927005652,28939.984977256197,8.67505025054561
Senior Pathologists,Senior Pathologists,Reporting,,5,28928.859657345212,28940.418244944776,11.558587599563907
Histotechnicians,Histotechnicians,Sectioning,,11,28931.309927005652,28940.859657345212,9.549730339560483
Sectioning Station,Sectioning Station,Sectioning,,1,28938.859657345212,28940.859657345212,2.0
Senior Pathologists,Senior Pathologists,Reporting,,5,28934.541637462637,28941.58980934375,7.048171881113376
Histotechnicians,Histotechnicians,Sectioning,,11,28931.309927005652,28942.859657345212,11.549730339560483
Sectioning Station,Sectioning Station,Sectioning,,1,28940.859657345212,28942.859657345212,2.0
Histotechnicians,Histotechnicians,Sectioning,,11,28931.309927005652,28944.859657345212,13.549730339560483
Sectioning Station,Sectioning Station,Sectioning,,1,28942.859657345212,28944.859657345212,2.0
Senior Pathologists,Senior Pathologists,Reporting,,5,28937.153347875283,28945.968874978633,8.815527103350178
Histotechnicians,Histotechnicians,Sectioning,,11,28931.309927005652,28946.859657345212,15.549730339560483
Sectioning Station,Sectioning Station,Sectioning,,1,28944.859657345212,28946.859657345212,2.0
Histotechnicians,Histotechnicians,Sectioning,,11,28931.309927005652,28948.859657345212,17.549730339560483
Sectioning Station,Sectioning Station,Sectioning,,1,28946.859657345212,28948.859657345212,2.0
Senior Pathologists,Senior Pathologists,Reporting,,5,28940.418244944776,28949.59786249212,9.179617547342787
Senior Pathologists,Senior Pathologists,Reporting,,5,28938.19912534699,28949.858401835063,11.659276488073374
Histotechnicians,Histotechnicians,Sectioning,,11,28937.153347875283,28950.859657345212,13.706309469929693
Sectioning Station,Sectioning Station,Sectioning,,1,28948.859657345212,28950.859657345212,2.0
Senior Pathologists,Senior Pathologists,Reporting,,5,28941.58980934375,28951.592347938316,10.002538594566431
Senior Pathologists,Senior Pathologists,Reporting,,5,28939.984977256197,28952.691767169887,12.706789913689136
Histotechnicians,Histotechnicians,Sectioning,,11,28937.153347875283,28952.859657345212,15.706309469929693
Sectioning Station,Sectioning Station,Sectioning,,1,28950.859657345212,28952.859657345212,2.0
Histotechnicians,Histotechnicians,Sectioning,,11,28937.153347875283,28954.859657345212,17.706309469929693
Sectioning Station,Sectioning Station,Sectioning,,1,28952.859657345212,28954.859657345212,2.0
Senior Pathologists,Senior Pathologists,Reporting,,5,28945.968874978633,28956.162653486528,10.193778507895331
Histotechnicians,Histotechnicians,Sectioning,,11,28937.153347875283,28956.859657345212,19.706309469929693
Sectioning Station,Sectioning Station,Sectioning,,1,28954.859657345212,28956.859657345212,2.0
Histotechnicians,Histotechnicians,Sectioning,,11,28937.153347875283,28958.859657345212,21.706309469929693
Sectioning Station,Sectioning Station,Sectioning,,1,28956.859657345212,28958.859657345212,2.0
Senior Pathologists,Senior Pathologists,Reporting,,5,28951.592347938316,28959.976180404257,8.383832465940941
Histotechnicians,Histotechnicians,Sectioning,,11,28959.976180404257,28961.976180404257,2.0
Sectioning Station,Sectioning Station,Sectioning,,1,28959.976180404257,28961.976180404257,2.0
Senior Pathologists,Senior Pathologists,Reporting,,5,28949.858401835063,28962.326893960428,12.468492125364719
Histotechnicians,Histotechnicians,Sectioning,,11,28959.976180404257,28963.976180404257,4.0
Sectioning Station,Sectioning Station,Sectioning,,1,28961.976180404257,28963.976180404257,2.0
Senior Pathologists,Senior Pathologists,Reporting,,5,28949.59786249212,28964.905312205683,15.307449713563983
Histotechnicians,Histotechnicians,Sectioning,,11,28959.976180404257,28965.976180404257,6.0
Sectioning Station,Sectioning Station,Sectioning,,1,28963.976180404257,28965.976180404257,2.0
Histotechnicians,Histotechnicians,Sectioning,,11,28959.976180404257,28967.976180404257,8.0
Sectioning Station,Sectioning Station,Sectioning,,1,28965.976180404257,28967.976180404257,2.0
Senior Pathologists,Senior Pathologists,Reporting,,5,28956.162653486528,28968.23899456929,12.076341082760337
Senior Pathologists,Senior Pathologists,Reporting,,5,28959.976180404257,28969.531452759045,9.55527235478803
Histotechnicians,Histotechnicians,Sectioning,,11,28959.976180404257,28969.976180404257,10.0
Sectioning Station,Sectioning Station,Sectioning,,1,28967.976180404257,28969.976180404257,2.0
Senior Pathologists,Senior Pathologists,Reporting,,5,28952.691767169887,28971.116742405287,18.42497523540078
Senior Pathologists,Senior Pathologists,Reporting,,5,28962.326893960428,28971.11876063858,8.791866678151564
Histotechnicians,Histotechnicians,Sectioning,,11,28971.11876063858,28973.11876063858,2.0
Sectioning Station,Sectioning Station,Sectioning,,1,28971.11876063858,28973.11876063858,2.0
Histotechnicians,Histotechnicians,Sectioning,,11,28971.11876063858,28975.11876063858,4.0
Sectioning Station,Sectioning Station,Sectioning,,1,28973.11876063858,28975.11876063858,2.0
Senior Pathologists,Senior Pathologists,Reporting,,5,28968.23899456929,28976.538490331874,8.299495762585138
Histotechnicians,Histotechnicians,Sectioning,,11,28971.11876063858,28977.11876063858,6.0
Sectioning Station,Sectioning Station,Sectioning,,1,28975.11876063858,28977.11876063858,2.0
Senior Pathologists,Senior Pathologists,Reporting,,5,28969.531452759045,28978.0418423992,8.510389640156063
Histotechnicians,Histotechnicians,Sectioning,,11,28971.11876063858,28979.11876063858,8.0
Sectioning Station,Sectioning Station,Sectioning,,1,28977.11876063858,28979.11876063858,2.0
Senior Pathologists,Senior Pathologists,Reporting,,5,28971.116742405287,28979.77414194211,8.657399536823505
Histotechnicians,Histotechnicians,Sectioning,,11,28971.11876063858,28981.11876063858,10.0
Sectioning Station,Sectioning Station,Sectioning,,1,28979.11876063858,28981.11876063858,2.0
Senior Pathologists,Senior Pathologists,Reporting,,5,28964.905312205683,28981.51272534682,16.60741314113693
Senior Pathologists,Senior Pathologists,Reporting,,5,28971.11876063858,28983.51289994533,12.39413930675073
Histotechnicians,Histotechnicians,Sectioning,,11,28983.51289994533,28985.51289994533,2.0
Sectioning Station,Sectioning Station,Sectioning,,1,28983.51289994533,28985.51289994533,2.0
Senior Pathologists,Senior Pathologists,Reporting,,5,28979.77414194211,28985.53327049072,5.7591285486087145
Senior Pathologists,Senior Pathologists,Reporting,,5,28976.538490331874,28986.425916893273,9.88742656139948
Histotechnicians,Histotechnicians,Sectioning,,11,28983.51289994533,28987.51289994533,4.0
Sectioning Station,Sectioning Station,Sectioning,,1,28985.51289994533,28987.51289994533,2.0
Senior Pathologists,Senior Pathologists,Reporting,,5,28978.0418423992,28989.334715940346,11.292873541144218
Histotechnicians,Histotechnicians,Sectioning,,11,28983.51289994533,28989.51289994533,6.0
Sectioning Station,Sectioning Station,Sectioning,,1,28987.51289994533,28989.51289994533,2.0
Senior Pathologists,Senior Pathologists,Reporting,,5,28981.51272534682,28990.71189976407,9.199174417248287
Histotechnicians,Histotechnicians,Sectioning,,11,28983.51289994533,28991.51289994533,8.0
Sectioning Station,Sectioning Station,Sectioning,,1,28989.51289994533,28991.51289994533,2.0
Senior Pathologists,Senior Pathologists,Reporting,,5,28983.51289994533,28993.215206171782,9.702306226452492
Histotechnicians,Histotechnicians,Sectioning,,11,28983.51289994533,28993.51289994533,10.0
Sectioning Station,Sectioning Station,Sectioning,,1,28991.51289994533,28993.51289994533,2.0
Histotechnicians,Histotechnicians,Staining,,11,28958.859657345212,28993.859657345212,35.0
Staining Station,Staining Station,Staining,,1,28958.859657345212,28993.859657345212,35.0
Histotechnicians,Histotechnicians,Sectioning,,11,28990.71189976407,28995.51289994533,4.80100018126177
Sectioning Station,Sectioning Station,Sectioning,,1,28993.51289994533,28995.51289994533,2.0
Senior Pathologists,Senior Pathologists,Reporting,,5,28986.425916893273,28996.37586859563,9.949951702357794
Histotechnicians,Histotechnicians,Sectioning,,11,28990.71189976407,28997.51289994533,6.80100018126177
Sectioning Station,Sectioning Station,Sectioning,,1,28995.51289994533,28997.51289994533,2.0
Histotechnicians,Histotechnicians,Sectioning,,11,28990.71189976407,28999.51289994533,8.80100018126177
Sectioning Station,Sectioning Station,Sectioning,,1,28997.51289994533,28999.51289994533,2.0
Histotechnicians,Histotechnicians,Sectioning,,11,28990.71189976407,29001.51289994533,10.80100018126177
Sectioning Station,Sectioning Station,Sectioning,,1,28999.51289994533,29001.51289994533,2.0
Senior Pathologists,Senior Pathologists,Reporting,,5,28985.53327049072,29002.356797731285,16.823527240565454
Histotechnicians,Histotechnicians,Sectioning,,11,28990.71189976407,29003.51289994533,12.80100018126177
Sectioning Station,Sectioning Station,Sectioning,,1,29001.51289994533,29003.51289994533,2.0
Histotechnicians,Histotechnicians,Sectioning,,11,28993.215206171782,29005.51289994533,12.297693773547508
Sectioning Station,Sectioning Station,Sectioning,,1,29003.51289994533,29005.51289994533,2.0
Histotechnicians,Histotechnicians,Sectioning,,11,28993.215206171782,29007.51289994533,14.297693773547508
Sectioning Station,Sectioning Station,Sectioning,,1,29005.51289994533,29007.51289994533,2.0
Histotechnicians,Histotechnicians,Sectioning,,11,28993.215206171782,29009.51289994533,16.297693773547508
Sectioning Station,Sectioning Station,Sectioning,,1,29007.51289994533,29009.51289994533,2.0
Histotechnicians,Histotechnicians,Sectioning,,11,28993.215206171782,29011.51289994533,18.297693773547508
Sectioning Station,Sectioning Station,Sectioning,,1,29009.51289994533,29011.51289994533,2.0
Histotechnicians,Histotechnicians,Sectioning,,11,28993.51289994533,29013.51289994533,20.0
Sectioning Station,Sectioning Station,Sectioning,,1,29011.51289994533,29013.51289994533,2.0
Histotechnicians,Histotechnicians,Sectioning,,11,28996.37586859563,29015.51289994533,19.1370313496991
Sectioning Station,Sectioning Station,Sectioning,,1,29013.51289994533,29015.51289994533,2.0
Histotechnicians,Histotechnicians,Sectioning,,11,28996.37586859563,29017.51289994533,21.1370313496991
Sectioning Station,Sectioning Station,Sectioning,,1,29015.51289994533,29017.51289994533,2.0
Histotechnicians,Histotechnicians,Sectioning,,11,28997.51289994533,29019.51289994533,22.0
Sectioning Station,Sectioning Station,Sectioning,,1,29017.51289994533,29019.51289994533,2.0
Histotechnicians,Histotechnicians,Sectioning,,11,28999.51289994533,29021.51289994533,22.0
Sectioning Station,Sectioning Station,Sectioning,,1,29019.51289994533,29021.51289994533,2.0
Histotechnicians,Histotechnicians,Sectioning,,11,29001.51289994533,29023.51289994533,22.0
Sectioning Station,Sectioning Station,Sectioning,,1,29021.51289994533,29023.51289994533,2.0
Histotechnicians,Histotechnicians,Staining,,11,29013.51289994533,29048.51289994533,35.0
Staining Station,Staining Station,Staining,,1,29013.51289994533,29048.51289994533,35.0
Junior Pathologists,Junior Pathologists (grossing),Grossing,grossing,6,29220.0,29230.0,10.0
Grossing Station,Grossing Station,Grossing,,2,29220.0,29230.0,10.0
Junior Pathologists,Junior Pathologists (screening),slide screening,screening,6,29339.999999995212,29351.925538819585,11.92553882437278
Junior Pathologists,Junior Pathologists (screening),slide screening,screening,6,29339.999999995212,29352.055020271648,12.055020276435243
Junior Pathologists,Junior Pathologists (screening),slide screening,screening,6,29339.999999995212,29359.27204697638,19.272046981168387
Junior Pathologists,Junior Pathologists (screening),slide screening,screening,6,29339.999999995212,29359.500594567387,19.500594572175032
Junior Pathologists,Junior Pathologists (screening),slide screening,screening,6,29339.999999995212,29363.36780565967,23.367805664456682
Junior Pathologists,Junior Pathologists (screening),slide screening,screening,6,29339.999999995212,29367.544964316447,27.544964321234147
Junior Pathologists,Junior Pathologists (screening),slide screening,screening,6,29352.055020271648,29369.52260778834,17.46758751669404
Junior Pathologists,Junior Pathologists (screening),slide screening,screening,6,29351.925538819585,29372.758782107318,20.83324328773233
Junior Pathologists,Junior Pathologists (screening),slide screening,screening,6,29359.27204697638,29379.03502318727,19.762976210888155
Junior Pathologists,Junior Pathologists (screening),slide screening,screening,6,29359.500594567387,29381.980679993998,22.480085426610458
Junior Pathologists,Junior Pathologists (screening),slide screening,screening,6,29367.544964316447,29384.562035058727,17.01707074228034
Junior Pathologists,Junior Pathologists (screening),slide screening,screening,6,29363.36780565967,29384.764271974534,21.396466314865393
Junior Pathologists,Junior Pathologists (screening),slide screening,screening,6,29369.52260778834,29385.932069742896,16.40946195455399
Junior Pathologists,Junior Pathologists (screening),slide screening,screening,6,29372.758782107318,29397.293553892727,24.534771785409248
Junior Pathologists,Junior Pathologists (screening),slide screening,screening,6,29379.03502318727,29399.11066385602,20.075640668750566
Junior Pathologists,Junior Pathologists (screening),slide screening,screening,6,29384.764271974534,29401.48248009085,16.71820811631551
Junior Pathologists,Junior Pathologists (screening),slide screening,screening,6,29384.562035058727,29406.35862987618,21.796594817453297
Junior Pathologists,Junior Pathologists (screening),slide screening,screening,6,29381.980679993998,29409.958797402047,27.978117408049002
Junior Pathologists,Junior Pathologists (grossing),Grossing,grossing,6,30300.0,30310.0,10.0
Grossing Station,Grossing Station,Grossing,,2,30300.0,30310.0,10.0
Junior Pathologists,Junior Pathologists (grossing),Grossing,grossing,6,30300.0,30310.0,10.0
Grossing Station,Grossing Station,Grossing,,2,30300.0,30310.0,10.0
Junior Pathologists,Junior Pathologists (grossing),Grossing,grossing,6,30300.0,30320.0,20.0
Grossing Station,Grossing Station,Grossing,,2,30310.0,30320.0,10.0
Junior Pathologists,Junior Pathologists (grossing),Grossing,grossing,6,30300.0,30320.0,20.0
Grossing Station,Grossing Station,Grossing,,2,30310.0,30320.0,10.0
Junior Pathologists,Junior Pathologists (grossing),Grossing,grossing,6,30300.0000000018,30330.0,29.9999999981992
Grossing Station,Grossing Station,Grossing,,2,30320.0,30330.0,10.0
Junior Pathologists,Junior Pathologists (grossing),Grossing,grossing,6,30310.0,30340.0,30.0
Grossing Station,Grossing Station,Grossing,,2,30330.0,30340.0,10.0
Junior Pathologists,Junior Pathologists (grossing),Grossing,grossing,6,30300.0,30350.0,50.0
Grossing Station,Grossing Station,Grossing,,2,30320.0,30350.0,30.0
Senior Pathologists,Senior Pathologists,Reporting,,5,30360.0,30365.75273383129,5.752733831290243
Senior Pathologists,Senior Pathologists,Reporting,,5,30360.0,30368.61832537803,8.618325378029112
Senior Pathologists,Senior Pathologists,Reporting,,5,30360.0,30369.69976341971,9.699763419710507
Senior Pathologists,Senior Pathologists,Reporting,,5,30360.0,30370.074043103312,10.074043103311851
Senior Pathologists,Senior Pathologists,Reporting,,5,30365.75273383129,30374.006755001312,8.254021170021588
Histotechnicians,Histotechnicians,Sectioning,,11,30374.006755001312,30376.006755001312,2.0
Sectioning Station,Sectioning Station,Sectioning,,1,30374.006755001312,30376.006755001312,2.0
Senior Pathologists,Senior Pathologists,Reporting,,5,30360.0,30376.908419349787,16.908419349787437
Histotechnicians,Histotechnicians,Sectioning,,11,30374.006755001312,30378.006755001312,4.0
Sectioning Station,Sectioning Station,Sectioning,,1,30376.006755001312,30378.006755001312,2.0
Senior Pathologists,Senior Pathologists,Reporting,,5,30368.61832537803,30378.055865881244,9.437540503215132
Histotechnicians,Histotechnicians,Sectioning,,11,30374.006755001312,30380.006755001312,6.0
Sectioning Station,Sectioning Station,Sectioning,,1,30378.006755001312,30380.006755001312,2.0
Histotechnicians,Histotechnicians,Sectioning,,11,30374.006755001312,30382.006755001312,8.0
Sectioning Station,Sectioning Station,Sectioning,,1,30380.006755001312,30382.006755001312,2.0
Senior Pathologists,Senior Pathologists,Reporting,,5,30374.006755001312,30382.906378907403,8.89962390609071
Senior Pathologists,Senior Pathologists,Reporting,,5,30369.69976341971,30383.73316676678,14.033403347068088
Histotechnicians,Histotechnicians,Sectioning,,11,30374.006755001312,30384.006755001312,10.0
Sectioning Station,Sectioning Station,Sectioning,,1,30382.006755001312,30384.006755001312,2.0
Senior Pathologists,Senior Pathologists,Reporting,,5,30370.074043103312,30384.141877903352,14.067834800040146
Senior Pathologists,Senior Pathologists,Reporting,,5,30376.908419349787,30384.924443024214,8.016023674426833
Histotechnicians,Histotechnicians,Sectioning,,11,30384.141877903352,30386.141877903352,2.0
Sectioning Station,Sectioning Station,Sectioning,,1,30384.141877903352,30386.141877903352,2.0
Histotechnicians,Histotechnicians,Sectioning,,11,30384.141877903352,30388.141877903352,4.0
Sectioning Station,Sectioning Station,Sectioning,,1,30386.141877903352,30388.141877903352,2.0
Histotechnicians,Histotechnicians,Sectioning,,11,30384.141877903352,30390.141877903352,6.0
Sectioning Station,Sectioning Station,Sectioning,,1,30388.141877903352,30390.141877903352,2.0
Histotechnicians,Histotechnicians,Sectioning,,11,30384.141877903352,30392.141877903352,8.0
Sectioning Station,Sectioning Station,Sectioning,,1,30390.141877903352,30392.141877903352,2.0
Senior Pathologists,Senior Pathologists,Reporting,,5,30384.141877903352,30393.197252405716,9.05537450236443
Histotechnicians,Histotechnicians,Sectioning,,11,30384.141877903352,30394.141877903352,10.0
Sectioning Station,Sectioning Station,Sectioning,,1,30392.141877903352,30394.141877903352,2.0
Senior Pathologists,Senior Pathologists,Reporting,,5,30378.055865881244,30394.673437801186,16.617571919941838
Senior Pathologists,Senior Pathologists,Reporting,,5,30384.924443024214,30395.87216539887,10.947722374654404
Histotechnicians,Histotechnicians,Sectioning,,11,30393.197252405716,30396.141877903352,2.9446254976355704
Sectioning Station,Sectioning Station,Sectioning,,1,30394.141877903352,30396.141877903352,2.0
Senior Pathologists,Senior Pathologists,Reporting,,5,30382.906378907403,30396.23510639446,13.328727487056312
Senior Pathologists,Senior Pathologists,Reporting,,5,30383.73316676678,30396.35182807293,12.618661306150898
Histotechnicians,Histotechnicians,Sectioning,,11,30393.197252405716,30398.141877903352,4.94462549763557
Sectioning Station,Sectioning Station,Sectioning,,1,30396.141877903352,30398.141877903352,2.0
Histotechnicians,Histotechnicians,Sectioning,,11,30393.197252405716,30400.141877903352,6.94462549763557
Sectioning Station,Sectioning Station,Sectioning,,1,30398.141877903352,30400.141877903352,2.0
Histotechnicians,Histotechnicians,Sectioning,,11,30393.197252405716,30402.141877903352,8.94462549763557
Sectioning Station,Sectioning Station,Sectioning,,1,30400.141877903352,30402.141877903352,2.0
Senior Pathologists,Senior Pathologists,Reporting,,5,30394.673437801186,30402.162200065755,7.488762264569232
Senior Pathologists,Senior Pathologists,Reporting,,5,30393.197252405716,30402.748256712537,9.551004306820687
Histotechnicians,Histotechnicians,Sectioning,,11,30393.197252405716,30404.141877903352,10.94462549763557
Sectioning Station,Sectioning Station,Sectioning,,1,30402.141877903352,30404.141877903352,2.0
Histotechnicians,Histotechnicians,Sectioning,,11,30402.748256712537,30406.141877903352,3.3936211908148834
Sectioning Station,Sectioning Station,Sectioning,,1,30404.141877903352,30406.141877903352,2.0
Histotechnicians,Histotechnicians,Sectioning,,11,30402.748256712537,30408.141877903352,5.3936211908148834
Sectioning Station,Sectioning Station,Sectioning,,1,30406.141877903352,30408.141877903352,2.0
Histotechnicians,Histotechnicians,Sectioning,,11,30402.748256712537,30410.141877903352,7.3936211908148834
Sectioning Station,Sectioning Station,Sectioning,,1,30408.141877903352,30410.141877903352,2.0
Histotechnicians,Histotechnicians,Sectioning,,11,30402.748256712537,30412.141877903352,9.393621190814883
Sectioning Station,Sectioning Station,Sectioning,,1,30410.141877903352,30412.141877903352,2.0
Histotechnicians,Histotechnicians,Sectioning,,11,30402.748256712537,30414.141877903352,11.393621190814883
Sectioning Station,Sectioning Station,Sectioning,,1,30412.141877903352,30414.141877903352,2.0
Histotechnicians,Histotechnicians,Staining,,11,30414.141877903352,30449.141877903352,35.0
Staining Station,Staining Station,Staining,,1,30414.141877903352,30449.141877903352,35.0
Junior Pathologists,Junior Pathologists (grossing),Grossing,grossing,6,30660.0,30670.0,10.0
Grossing Station,Grossing Station,Grossing,,2,30660.0,30670.0,10.0
Junior Pathologists,Junior Pathologists (grossing),Grossing,grossing,6,30660.0,30670.0,10.0
Grossing Station,Grossing Station,Grossing,,2,30660.0,30670.0,10.0
Junior Pathologists,Junior Pathologists (grossing),Grossing,grossing,6,30746.82014966377,30756.82014966377,10.0
Grossing Station,Grossing Station,Grossing,,2,30746.82014966377,30756.82014966377,10.0
Junior Pathologists,Junior Pathologists (screening),slide screening,screening,6,30780.00000000335,30800.208483918777,20.20848391542677
Junior Pathologists,Junior Pathologists (screening),slide screening,screening,6,30780.00000000335,30803.06116372983,23.061163726481027
Junior Pathologists,Junior Pathologists (screening),slide screening,screening,6,30780.00000000335,30805.80139128144,25.801391278087976
Junior Pathologists,Junior Pathologists (screening),slide screening,screening,6,30780.00000000335,30806.34205821168,26.342058208330855
Junior Pathologists,Junior Pathologists (screening),slide screening,screening,6,30780.00000000335,30807.66735418739,27.66735418403914
Senior Pathologists,Senior Pathologists,Reporting,,5,31800.0,31809.565420494244,9.565420494243881
Senior Pathologists,Senior Pathologists,Reporting,,5,31800.0,31810.073939878657,10.073939878657256
Senior Pathologists,Senior Pathologists,Reporting,,5,31800.0,31810.217755281188,10.217755281188147
Senior Pathologists,Senior Pathologists,Reporting,,5,31800.0,31811.216451154374,11.216451154374226
Histotechnicians,Histotechnicians,Sectioning,,11,31810.073939878657,31812.073939878657,2.0
Sectioning Station,Sectioning Station,Sectioning,,1,31810.073939878657,31812.073939878657,2.0
Histotechnicians,Histotechnicians,Sectioning,,11,31810.073939878657,31814.073939878657,4.0
Sectioning Station,Sectioning Station,Sectioning,,1,31812.073939878657,31814.073939878657,2.0
Senior Pathologists,Senior Pathologists,Reporting,,5,31800.0,31815.046693259843,15.046693259842868
Histotechnicians,Histotechnicians,Sectioning,,11,31810.073939878657,31816.073939878657,6.0
Sectioning Station,Sectioning Station,Sectioning,,1,31814.073939878657,31816.073939878657,2.0
Histotechnicians,Histotechnicians,Sectioning,,11,31810.073939878657,31818.073939878657,8.0
Sectioning Station,Sectioning Station,Sectioning,,1,31816.073939878657,31818.073939878657,2.0
Histotechnicians,Histotechnicians,Sectioning,,11,31810.073939878657,31820.073939878657,10.0
Sectioning Station,Sectioning Station,Sectioning,,1,31818.073939878657,31820.073939878657,2.0
Junior Pathologists,Junior Pathologists (grossing),Grossing,grossing,6,34620.0,34630.0,10.0
Grossing Station,Grossing Station,Grossing,,2,34620.0,34630.0,10.0
Junior Pathologists,Junior Pathologists (grossing),Grossing,grossing,6,34620.0,34630.0,10.0
Grossing Station,Grossing Station,Grossing,,2,34620.0,34630.0,10.0
Junior Pathologists,Junior Pathologists (grossing),Grossing,grossing,6,34620.0,34640.0,20.0
Grossing Station,Grossing Station,Grossing,,2,34630.0,34640.0,10.0
Junior Pathologists,Junior Pathologists (grossing),Grossing,grossing,6,34620.0,34640.0,20.0
Grossing Station,Grossing Station,Grossing,,2,34630.0,34640.0,10.0
Junior Pathologists,Junior Pathologists (grossing),Grossing,grossing,6,34620.0,34650.0,30.0
Grossing Station,Grossing Station,Grossing,,2,34640.0,34650.0,10.0
Junior Pathologists,Junior Pathologists (grossing),Grossing,grossing,6,34620.0,34650.0,30.0
Grossing Station,Grossing Station,Grossing,,2,34640.0,34650.0,10.0
Junior Pathologists,Junior Pathologists (grossing),Grossing,grossing,6,34630.0,34660.0,30.0
Grossing Station,Grossing Station,Grossing,,2,34650.0,34660.0,10.0
Junior Pathologists,Junior Pathologists (grossing),Grossing,grossing,6,34630.0,34660.0,30.0
Grossing Station,Grossing Station,Grossing,,2,34650.0,34660.0,10.0
Junior Pathologists,Junior Pathologists (grossing),Grossing,grossing,6,34640.0,34670.0,30.0
Grossing Station,Grossing Station,Grossing,,2,34660.0,34670.0,10.0
Junior Pathologists,Junior Pathologists (grossing),Grossing,grossing,6,34640.0,34670.0,30.0
Grossing Station,Grossing Station,Grossing,,2,34660.0,34670.0,10.0
Junior Pathologists,Junior Pathologists (grossing),Grossing,grossing,6,34650.0,34680.0,30.0
Grossing Station,Grossing Station,Grossing,,2,34670.0,34680.0,10.0
Junior Pathologists,Junior Pathologists (grossing),Grossing,grossing,6,34650.0,34700.0,50.0
Grossing Station,Grossing Station,Grossing,,2,34670.0,34700.0,30.0
Junior Pathologists,Junior Pathologists (grossing),Grossing,grossing,6,34660.0,34710.0,50.0
Grossing Station,Grossing Station,Grossing,,2,34680.0,34710.0,30.0
Junior Pathologists,Junior Pathologists (grossing),Grossing,grossing,6,34660.0,34710.0,50.0
Grossing Station,Grossing Station,Grossing,,2,34700.0,34710.0,10.0
Junior Pathologists,Junior Pathologists (grossing),Grossing,grossing,6,34670.0,34720.0,50.0
Grossing Station,Grossing Station,Grossing,,2,34710.0,34720.0,10.0
Junior Pathologists,Junior Pathologists (grossing),Grossing,grossing,6,34670.0,34720.0,50.0
Grossing Station,Grossing Station,Grossing,,2,34710.0,34720.0,10.0
Junior Pathologists,Junior Pathologists (grossing),Grossing,grossing,6,34980.0,34990.0,10.0
Grossing Station,Grossing Station,Grossing,,2,34980.0,34990.0,10.0
Junior Pathologists,Junior Pathologists (grossing),Grossing,grossing,6,34980.0,34990.0,10.0
Grossing Station,Grossing Station,Grossing,,2,34980.0,34990.0,10.0
Junior Pathologists,Junior Pathologists (grossing),Grossing,grossing,6,34991.042099064776,35001.042099064776,10.0
Grossing Station,Grossing Station,Grossing,,2,34991.042099064776,35001.042099064776,10.0
Junior Pathologists,Junior Pathologists (grossing),Grossing,grossing,6,36060.0,36070.0,10.0
Grossing Station,Grossing Station,Grossing,,2,36060.0,36070.0,10.0
Junior Pathologists,Junior Pathologists (grossing),Grossing,grossing,6,36060.00000000447,36090.00000000447,30.0
Grossing Station,Grossing Station,Grossing,,2,36060.00000000447,36090.00000000447,30.0
Junior Pathologists,Junior Pathologists (grossing),Grossing,grossing,6,36060.00000000592,36100.0,39.99999999407737
Grossing Station,Grossing Station,Grossing,,2,36070.0,36100.0,30.0
Junior Pathologists,Junior Pathologists (grossing),Grossing,grossing,6,36060.000000007145,36120.00000000447,59.99999999732245
Grossing Station,Grossing Station,Grossing,,2,36090.00000000447,36120.00000000447,30.0
Junior Pathologists,Junior Pathologists (grossing),Grossing,grossing,6,36420.0,36430.0,10.0
Grossing Station,Grossing Station,Grossing,,2,36420.0,36430.0,10.0
Junior Pathologists,Junior Pathologists (grossing),Grossing,grossing,6,36420.0,36430.0,10.0
Grossing Station,Grossing Station,Grossing,,2,36420.0,36430.0,10.0
Junior Pathologists,Junior Pathologists (grossing),Grossing,grossing,6,36511.61368818428,36521.61368818428,10.0
Grossing Station,Grossing Station,Grossing,,2,36511.61368818428,36521.61368818428,10.0
Tissue Processor,Tissue Processor,Tissue Processing,,1,36090.00000000447,37410.00000000447,1320.0
Histotechnicians,Histotechnicians,Embedding,,11,37500.0,37501.0,1.0
Embedding Station,Embedding Station,Embedding,,1,37500.0,37501.0,1.0
Histotechnicians,Histotechnicians,Embedding,,11,37500.0,37502.0,2.0
Embedding Station,Embedding Station,Embedding,,1,37501.0,37502.0,1.0
Histotechnicians,Histotechnicians,Embedding,,11,37500.0,37503.0,3.0
Embedding Station,Embedding Station,Embedding,,1,37502.0,37503.0,1.0
Histotechnicians,Histotechnicians,Embedding,,11,37500.0,37504.0,4.0
Embedding Station,Embedding Station,Embedding,,1,37503.0,37504.0,1.0
Histotechnicians,Histotechnicians,Embedding,,11,37500.0,37505.0,5.0
Embedding Station,Embedding Station,Embedding,,1,37504.0,37505.0,1.0
Histotechnicians,Histotechnicians,Embedding,,11,37500.0,37506.0,6.0
Embedding Station,Embedding Station,Embedding,,1,37505.0,37506.0,1.0
Histotechnicians,Histotechnicians,Embedding,,11,37500.0,37507.0,7.0
Embedding Station,Embedding Station,Embedding,,1,37506.0,37507.0,1.0
Histotechnicians,Histotechnicians,Embedding,,11,37500.0,37508.0,8.0
Embedding Station,Embedding Station,Embedding,,1,37507.0,37508.0,1.0
Histotechnicians,Histotechnicians,Embedding,,11,37500.0,37509.0,9.0
Embedding Station,Embedding Station,Embedding,,1,37508.0,37509.0,1.0
Junior Pathologists,Junior Pathologists (grossing),Grossing,grossing,6,37500.0,37510.0,10.0
Grossing Station,Grossing Station,Grossing,,2,37500.0,37510.0,10.0
Histotechnicians,Histotechnicians,Embedding,,11,37500.0,37510.0,10.0
Embedding Station,Embedding Station,Embedding,,1,37509.0,37510.0,1.0
Histotechnicians,Histotechnicians,Embedding,,11,37500.0,37511.0,11.0
Embedding Station,Embedding Station,Embedding,,1,37510.0,37511.0,1.0
Histotechnicians,Histotechnicians,Embedding,,11,37501.0,37512.0,11.0
Embedding Station,Embedding Station,Embedding,,1,37511.0,37512.0,1.0
Histotechnicians,Histotechnicians,Embedding,,11,37502.0,37513.0,11.0
Embedding Station,Embedding Station,Embedding,,1,37512.0,37513.0,1.0
Histotechnicians,Histotechnicians,Embedding,,11,37503.0,37514.0,11.0
Embedding Station,Embedding Station,Embedding,,1,37513.0,37514.0,1.0
Histotechnicians,Histotechnicians,Embedding,,11,37504.0,37515.0,11.0
Embedding Station,Embedding Station,Embedding,,1,37514.0,37515.0,1.0
Histotechnicians,Histotechnicians,Embedding,,11,37505.0,37516.0,11.0
Embedding Station,Embedding Station,Embedding,,1,37515.0,37516.0,1.0
Histotechnicians,Histotechnicians,Embedding,,11,37506.0,37517.0,11.0
Embedding Station,Embedding Station,Embedding,,1,37516.0,37517.0,1.0
Histotechnicians,Histotechnicians,Embedding,,11,37507.0,37518.0,11.0
Embedding Station,Embedding Station,Embedding,,1,37517.0,37518.0,1.0
Histotechnicians,Histotechnicians,Embedding,,11,37508.0,37519.0,11.0
Embedding Station,Embedding Station,Embedding,,1,37518.0,37519.0,1.0
Histotechnicians,Histotechnicians,Embedding,,11,37509.0,37520.0,11.0
Embedding Station,Embedding Station,Embedding,,1,37519.0,37520.0,1.0
Histotechnicians,Histotechnicians,Embedding,,11,37510.0,37521.0,11.0
Embedding Station,Embedding Station,Embedding,,1,37520.0,37521.0,1.0
Histotechnicians,Histotechnicians,Embedding,,11,37511.0,37522.0,11.0
Embedding Station,Embedding Station,Embedding,,1,37521.0,37522.0,1.0
Histotechnicians,Histotechnicians,Embedding,,11,37512.0,37523.0,11.0
Embedding Station,Embedding Station,Embedding,,1,37522.0,37523.0,1.0
Histotechnicians,Histotechnicians,Embedding,,11,37513.0,37524.0,11.0
Embedding Station,Embedding Station,Embedding,,1,37523.0,37524.0,1.0
Histotechnicians,Histotechnicians,Embedding,,11,37514.0,37525.0,11.0
Embedding Station,Embedding Station,Embedding,,1,37524.0,37525.0,1.0
Histotechnicians,Histotechnicians,Embedding,,11,37515.0,37526.0,11.0
Embedding Station,Embedding Station,Embedding,,1,37525.0,37526.0,1.0
Histotechnicians,Histotechnicians,Embedding,,11,37516.0,37527.0,11.0
Embedding Station,Embedding Station,Embedding,,1,37526.0,37527.0,1.0
Histotechnicians,Histotechnicians,Embedding,,11,37517.0,37528.0,11.0
Embedding Station,Embedding Station,Embedding,,1,37527.0,37528.0,1.0
Histotechnicians,Histotechnicians,Embedding,,11,37518.0,37529.0,11.0
Embedding Station,Embedding Station,Embedding,,1,37528.0,37529.0,1.0
Junior Pathologists,Junior Pathologists (grossing),Grossing,grossing,6,37500.0,37530.0,30.0
Grossing Station,Grossing Station,Grossing,,2,37500.0,37530.0,30.0
Histotechnicians,Histotechnicians,Embedding,,11,37519.0,37530.0,11.0
Embedding Station,Embedding Station,Embedding,,1,37529.0,37530.0,1.0
Histotechnicians,Histotechnicians,Embedding,,11,37520.0,37531.0,11.0
Embedding Station,Embedding Station,Embedding,,1,37530.0,37531.0,1.0
Histotechnicians,Histotechnicians,Embedding,,11,37521.0,37532.0,11.0
Embedding Station,Embedding Station,Embedding,,1,37531.0,37532.0,1.0
Histotechnicians,Histotechnicians,Embedding,,11,37522.0,37533.0,11.0
Embedding Station,Embedding Station,Embedding,,1,37532.0,37533.0,1.0
Histotechnicians,Histotechnicians,Embedding,,11,37523.0,37534.0,11.0
Embedding Station,Embedding Station,Embedding,,1,37533.0,37534.0,1.0
Histotechnicians,Histotechnicians,Embedding,,11,37524.0,37535.0,11.0
Embedding Station,Embedding Station,Embedding,,1,37534.0,37535.0,1.0
Histotechnicians,Histotechnicians,Embedding,,11,37525.0,37536.0,11.0
Embedding Station,Embedding Station,Embedding,,1,37535.0,37536.0,1.0
Histotechnicians,Histotechnicians,Embedding,,11,37526.0,37537.0,11.0
Embedding Station,Embedding Station,Embedding,,1,37536.0,37537.0,1.0
Histotechnicians,Histotechnicians,Embedding,,11,37527.0,37538.0,11.0
Embedding Station,Embedding Station,Embedding,,1,37537.0,37538.0,1.0
Histotechnicians,Histotechnicians,Embedding,,11,37528.0,37539.0,11.0
Embedding Station,Embedding Station,Embedding,,1,37538.0,37539.0,1.0
Junior Pathologists,Junior Pathologists (grossing),Grossing,grossing,6,37500.00000000656,37540.0,39.999999993437086
Grossing Station,Grossing Station,Grossing,,2,37510.0,37540.0,30.0
Histotechnicians,Histotechnicians,Embedding,,11,37529.0,37540.0,11.0
Embedding Station,Embedding Station,Embedding,,1,37539.0,37540.0,1.0
Histotechnicians,Histotechnicians,Embedding,,11,37530.0,37541.0,11.0
Embedding Station,Embedding Station,Embedding,,1,37540.0,37541.0,1.0
Histotechnicians,Histotechnicians,Embedding,,11,37531.0,37542.0,11.0
Embedding Station,Embedding Station,Embedding,,1,37541.0,37542.0,1.0
Histotechnicians,Histotechnicians,Embedding,,11,37532.0,37543.0,11.0
Embedding Station,Embedding Station,Embedding,,1,37542.0,37543.0,1.0
Histotechnicians,Histotechnicians,Embedding,,11,37533.0,37544.0,11.0
Embedding Station,Embedding Station,Embedding,,1,37543.0,37544.0,1.0
Histotechnicians,Histotechnicians,Embedding,,11,37534.0,37545.0,11.0
Embedding Station,Embedding Station,Embedding,,1,37544.0,37545.0,1.0
Histotechnicians,Histotechnicians,Embedding,,11,37535.0,37546.0,11.0
Embedding Station,Embedding Station,Embedding,,1,37545.0,37546.0,1.0
Histotechnicians,Histotechnicians,Embedding,,11,37536.0,37547.0,11.0
Embedding Station,Embedding Station,Embedding,,1,37546.0,37547.0,1.0
Histotechnicians,Histotechnicians,Embedding,,11,37537.0,37548.0,11.0
Embedding Station,Embedding Station,Embedding,,1,37547.0,37548.0,1.0
Histotechnicians,Histotechnicians,Embedding,,11,37538.0,37549.0,11.0
Embedding Station,Embedding Station,Embedding,,1,37548.0,37549.0,1.0
Histotechnicians,Histotechnicians,Embedding,,11,37539.0,37550.0,11.0
Embedding Station,Embedding Station,Embedding,,1,37549.0,37550.0,1.0
Histotechnicians,Histotechnicians,Embedding,,11,37540.0,37551.0,11.0
Embedding Station,Embedding Station,Embedding,,1,37550.0,37551.0,1.0
Histotechnicians,Histotechnicians,Embedding,,11,37541.0,37552.0,11.0
Embedding Station,Embedding Station,Embedding,,1,37551.0,37552.0,1.0
Histotechnicians,Histotechnicians,Embedding,,11,37542.0,37553.0,11.0
Embedding Station,Embedding Station,Embedding,,1,37552.0,37553.0,1.0
Histotechnicians,Histotechnicians,Embedding,,11,37543.0,37554.0,11.0
Embedding Station,Embedding Station,Embedding,,1,37553.0,37554.0,1.0
Histotechnicians,Histotechnicians,Embedding,,11,37544.0,37555.0,11.0
Embedding Station,Embedding Station,Embedding,,1,37554.0,37555.0,1.0
Histotechnicians,Histotechnicians,Embedding,,11,37545.0,37556.0,11.0
Embedding Station,Embedding Station,Embedding,,1,37555.0,37556.0,1.0
Histotechnicians,Histotechnicians,Embedding,,11,37546.0,37557.0,11.0
Embedding Station,Embedding Station,Embedding,,1,37556.0,37557.0,1.0
Histotechnicians,Histotechnicians,Embedding,,11,37547.0,37558.0,11.0
Embedding Station,Embedding Station,Embedding,,1,37557.0,37558.0,1.0
Histotechnicians,Histotechnicians,Embedding,,11,37548.0,37559.0,11.0
Embedding Station,Embedding Station,Embedding,,1,37558.0,37559.0,1.0
Histotechnicians,Histotechnicians,Embedding,,11,37549.0,37560.0,11.0
Embedding Station,Embedding Station,Embedding,,1,37559.0,37560.0,1.0
Histotechnicians,Histotechnicians,Embedding,,11,37550.0,37561.0,11.0
Embedding Station,Embedding Station,Embedding,,1,37560.0,37561.0,1.0
Histotechnicians,Histotechnicians,Embedding,,11,37551.0,37562.0,11.0
Embedding Station,Embedding Station,Embedding,,1,37561.0,37562.0,1.0
Histotechnicians,Histotechnicians,Embedding,,11,37552.0,37563.0,11.0
Embedding Station,Embedding Station,Embedding,,1,37562.0,37563.0,1.0
Histotechnicians,Histotechnicians,Embedding,,11,37553.0,37564.0,11.0
Embedding Station,Embedding Station,Embedding,,1,37563.0,37564.0,1.0
Histotechnicians,Histotechnicians,Embedding,,11,37554.0,37565.0,11.0
Embedding Station,Embedding Station,Embedding,,1,37564.0,37565.0,1.0
Histotechnicians,Histotechnicians,Embedding,,11,37555.0,37566.0,11.0
Embedding Station,Embedding Station,Embedding,,1,37565.0,37566.0,1.0
Histotechnicians,Histotechnicians,Embedding,,11,37556.0,37567.0,11.0
Embedding Station,Embedding Station,Embedding,,1,37566.0,37567.0,1.0
Histotechnicians,Histotechnicians,Embedding,,11,37557.0,37568.0,11.0
Embedding Station,Embedding Station,Embedding,,1,37567.0,37568.0,1.0
Histotechnicians,Histotechnicians,Embedding,,11,37558.0,37569.0,11.0
Embedding Station,Embedding Station,Embedding,,1,37568.0,37569.0,1.0
Histotechnicians,Histotechnicians,Embedding,,11,37559.0,37570.0,11.0
Embedding Station,Embedding Station,Embedding,,1,37569.0,37570.0,1.0
Histotechnicians,Histotechnicians,Embedding,,11,37560.0,37571.0,11.0
Embedding Station,Embedding Station,Embedding,,1,37570.0,37571.0,1.0
Histotechnicians,Histotechnicians,Embedding,,11,37561.0,37572.0,11.0
Embedding Station,Embedding Station,Embedding,,1,37571.0,37572.0,1.0
Histotechnicians,Histotechnicians,Embedding,,11,37562.0,37573.0,11.0
Embedding Station,Embedding Station,Embedding,,1,37572.0,37573.0,1.0
Histotechnicians,Histotechnicians,Embedding,,11,37563.0,37574.0,11.0
Embedding Station,Embedding Station,Embedding,,1,37573.0,37574.0,1.0
Histotechnicians,Histotechnicians,Embedding,,11,37564.0,37575.0,11.0
Embedding Station,Embedding Station,Embedding,,1,37574.0,37575.0,1.0
Histotechnicians,Histotechnicians,Embedding,,11,37565.0,37576.0,11.0
Embedding Station,Embedding Station,Embedding,,1,37575.0,37576.0,1.0
Histotechnicians,Histotechnicians,Embedding,,11,37566.0,37577.0,11.0
Embedding Station,Embedding Station,Embedding,,1,37576.0,37577.0,1.0
Histotechnicians,Histotechnicians,Embedding,,11,37567.0,37578.0,11.0
Embedding Station,Embedding Station,Embedding,,1,37577.0,37578.0,1.0
Histotechnicians,Histotechnicians,Embedding,,11,37568.0,37579.0,11.0
Embedding Station,Embedding Station,Embedding,,1,37578.0,37579.0,1.0
Histotechnicians,Histotechnicians,Embedding,,11,37569.0,37580.0,11.0
Embedding Station,Embedding Station,Embedding,,1,37579.0,37580.0,1.0
Histotechnicians,Histotechnicians,Embedding,,11,37570.0,37581.0,11.0
Embedding Station,Embedding Station,Embedding,,1,37580.0,37581.0,1.0
Histotechnicians,Histotechnicians,Sectioning,,11,37580.0,37582.0,2.0
Sectioning Station,Sectioning Station,Sectioning,,1,37580.0,37582.0,2.0
Histotechnicians,Histotechnicians,Embedding,,11,37571.0,37582.0,11.0
Embedding Station,Embedding Station,Embedding,,1,37581.0,37582.0,1.0
Histotechnicians,Histotechnicians,Embedding,,11,37572.0,37583.0,11.0
Embedding Station,Embedding Station,Embedding,,1,37582.0,37583.0,1.0
Histotechnicians,Histotechnicians,Sectioning,,11,37581.0,37584.0,3.0
Sectioning Station,Sectioning Station,Sectioning,,1,37582.0,37584.0,2.0
Histotechnicians,Histotechnicians,Embedding,,11,37573.0,37584.0,11.0
Embedding Station,Embedding Station,Embedding,,1,37583.0,37584.0,1.0
Histotechnicians,Histotechnicians,Embedding,,11,37574.0,37585.0,11.0
Embedding Station,Embedding Station,Embedding,,1,37584.0,37585.0,1.0
Histotechnicians,Histotechnicians,Sectioning,,11,37582.0,37586.0,4.0
Sectioning Station,Sectioning Station,Sectioning,,1,37584.0,37586.0,2.0
Histotechnicians,Histotechnicians,Embedding,,11,37575.0,37586.0,11.0
Embedding Station,Embedding Station,Embedding,,1,37585.0,37586.0,1.0
Histotechnicians,Histotechnicians,Embedding,,11,37576.0,37587.0,11.0
Embedding Station,Embedding Station,Embedding,,1,37586.0,37587.0,1.0
Histotechnicians,Histotechnicians,Sectioning,,11,37582.0,37588.0,6.0
Sectioning Station,Sectioning Station,Sectioning,,1,37586.0,37588.0,2.0
Histotechnicians,Histotechnicians,Embedding,,11,37577.0,37588.0,11.0
Embedding Station,Embedding Station,Embedding,,1,37587.0,37588.0,1.0
Histotechnicians,Histotechnicians,Embedding,,11,37578.0,37589.0,11.0
Embedding Station,Embedding Station,Embedding,,1,37588.0,37589.0,1.0
Histotechnicians,Histotechnicians,Sectioning,,11,37583.0,37590.0,7.0
Sectioning Station,Sectioning Station,Sectioning,,1,37588.0,37590.0,2.0
Histotechnicians,Histotechnicians,Embedding,,11,37579.0,37590.0,11.0
Embedding Station,Embedding Station,Embedding,,1,37589.0,37590.0,1.0
Histotechnicians,Histotechnicians,Sectioning,,11,37584.0,37592.0,8.0
Sectioning Station,Sectioning Station,Sectioning,,1,37590.0,37592.0,2.0
Histotechnicians,Histotechnicians,Sectioning,,11,37584.0,37594.0,10.0
Sectioning Station,Sectioning Station,Sectioning,,1,37592.0,37594.0,2.0
Histotechnicians,Histotechnicians,Sectioning,,11,37585.0,37596.0,11.0
Sectioning Station,Sectioning Station,Sectioning,,1,37594.0,37596.0,2.0
Histotechnicians,Histotechnicians,Sectioning,,11,37586.0,37598.0,12.0
Sectioning Station,Sectioning Station,Sectioning,,1,37596.0,37598.0,2.0
Histotechnicians,Histotechnicians,Sectioning,,11,37586.0,37600.0,14.0
Sectioning Station,Sectioning Station,Sectioning,,1,37598.0,37600.0,2.0
Histotechnicians,Histotechnicians,Sectioning,,11,37587.0,37602.0,15.0
Sectioning Station,Sectioning Station,Sectioning,,1,37600.0,37602.0,2.0
Histotechnicians,Histotechnicians,Sectioning,,11,37588.0,37604.0,16.0
Sectioning Station,Sectioning Station,Sectioning,,1,37602.0,37604.0,2.0
Histotechnicians,Histotechnicians,Sectioning,,11,37588.0,37606.0,18.0
Sectioning Station,Sectioning Station,Sectioning,,1,37604.0,37606.0,2.0
Histotechnicians,Histotechnicians,Sectioning,,11,37589.0,37608.0,19.0
Sectioning Station,Sectioning Station,Sectioning,,1,37606.0,37608.0,2.0
Histotechnicians,Histotechnicians,Sectioning,,11,37590.0,37610.0,20.0
Sectioning Station,Sectioning Station,Sectioning,,1,37608.0,37610.0,2.0
Histotechnicians,Histotechnicians,Sectioning,,11,37590.0,37612.0,22.0
Sectioning Station,Sectioning Station,Sectioning,,1,37610.0,37612.0,2.0
Histotechnicians,Histotechnicians,Sectioning,,11,37592.0,37614.0,22.0
Sectioning Station,Sectioning Station,Sectioning,,1,37612.0,37614.0,2.0
Histotechnicians,Histotechnicians,Sectioning,,11,37594.0,37616.0,22.0
Sectioning Station,Sectioning Station,Sectioning,,1,37614.0,37616.0,2.0
Histotechnicians,Histotechnicians,Sectioning,,11,37596.0,37618.0,22.0
Sectioning Station,Sectioning Station,Sectioning,,1,37616.0,37618.0,2.0
Histotechnicians,Histotechnicians,Sectioning,,11,37598.0,37620.0,22.0
Sectioning Station,Sectioning Station,Sectioning,,1,37618.0,37620.0,2.0
Histotechnicians,Histotechnicians,Sectioning,,11,37600.0,37622.0,22.0
Sectioning Station,Sectioning Station,Sectioning,,1,37620.0,37622.0,2.0
Histotechnicians,Histotechnicians,Sectioning,,11,37602.0,37624.0,22.0
Sectioning Station,Sectioning Station,Sectioning,,1,37622.0,37624.0,2.0
Histotechnicians,Histotechnicians,Sectioning,,11,37604.0,37626.0,22.0
Sectioning Station,Sectioning Station,Sectioning,,1,37624.0,37626.0,2.0
Histotechnicians,Histotechnicians,Sectioning,,11,37606.0,37628.0,22.0
Sectioning Station,Sectioning Station,Sectioning,,1,37626.0,37628.0,2.0
Histotechnicians,Histotechnicians,Sectioning,,11,37608.0,37630.0,22.0
Sectioning Station,Sectioning Station,Sectioning,,1,37628.0,37630.0,2.0
Histotechnicians,Histotechnicians,Sectioning,,11,37610.0,37632.0,22.0
Sectioning Station,Sectioning Station,Sectioning,,1,37630.0,37632.0,2.0
Histotechnicians,Histotechnicians,Sectioning,,11,37612.0,37634.0,22.0
Sectioning Station,Sectioning Station,Sectioning,,1,37632.0,37634.0,2.0
Histotechnicians,Histotechnicians,Sectioning,,11,37614.0,37636.0,22.0
Sectioning Station,Sectioning Station,Sectioning,,1,37634.0,37636.0,2.0
Histotechnicians,Histotechnicians,Sectioning,,11,37616.0,37638.0,22.0
Sectioning Station,Sectioning Station,Sectioning,,1,37636.0,37638.0,2.0
Histotechnicians,Histotechnicians,Sectioning,,11,37618.0,37640.0,22.0
Sectioning Station,Sectioning Station,Sectioning,,1,37638.0,37640.0,2.0
Histotechnicians,Histotechnicians,Sectioning,,11,37620.0,37642.0,22.0
Sectioning Station,Sectioning Station,Sectioning,,1,37640.0,37642.0,2.0
Histotechnicians,Histotechnicians,Sectioning,,11,37622.0,37644.0,22.0
Sectioning Station,Sectioning Station,Sectioning,,1,37642.0,37644.0,2.0
Histotechnicians,Histotechnicians,Sectioning,,11,37624.0,37646.0,22.0
Sectioning Station,Sectioning Station,Sectioning,,1,37644.0,37646.0,2.0
Histotechnicians,Histotechnicians,Sectioning,,11,37626.0,37648.0,22.0
Sectioning Station,Sectioning Station,Sectioning,,1,37646.0,37648.0,2.0
Histotechnicians,Histotechnicians,Sectioning,,11,37628.0,37650.0,22.0
Sectioning Station,Sectioning Station,Sectioning,,1,37648.0,37650.0,2.0
Histotechnicians,Histotechnicians,Sectioning,,11,37630.0,37652.0,22.0
Sectioning Station,Sectioning Station,Sectioning,,1,37650.0,37652.0,2.0
Histotechnicians,Histotechnicians,Sectioning,,11,37632.0,37654.0,22.0
Sectioning Station,Sectioning Station,Sectioning,,1,37652.0,37654.0,2.0
Histotechnicians,Histotechnicians,Sectioning,,11,37634.0,37656.0,22.0
Sectioning Station,Sectioning Station,Sectioning,,1,37654.0,37656.0,2.0
Histotechnicians,Histotechnicians,Sectioning,,11,37636.0,37658.0,22.0
Sectioning Station,Sectioning Station,Sectioning,,1,37656.0,37658.0,2.0
Histotechnicians,Histotechnicians,Sectioning,,11,37638.0,37660.0,22.0
Sectioning Station,Sectioning Station,Sectioning,,1,37658.0,37660.0,2.0
Histotechnicians,Histotechnicians,Sectioning,,11,37640.0,37662.0,22.0
Sectioning Station,Sectioning Station,Sectioning,,1,37660.0,37662.0,2.0
Histotechnicians,Histotechnicians,Sectioning,,11,37642.0,37664.0,22.0
Sectioning Station,Sectioning Station,Sectioning,,1,37662.0,37664.0,2.0
Histotechnicians,Histotechnicians,Sectioning,,11,37644.0,37666.0,22.0
Sectioning Station,Sectioning Station,Sectioning,,1,37664.0,37666.0,2.0
Histotechnicians,Histotechnicians,Sectioning,,11,37646.0,37668.0,22.0
Sectioning Station,Sectioning Station,Sectioning,,1,37666.0,37668.0,2.0
Histotechnicians,Histotechnicians,Sectioning,,11,37648.0,37670.0,22.0
Sectioning Station,Sectioning Station,Sectioning,,1,37668.0,37670.0,2.0
Histotechnicians,Histotechnicians,Sectioning,,11,37650.0,37672.0,22.0
Sectioning Station,Sectioning Station,Sectioning,,1,37670.0,37672.0,2.0
Histotechnicians,Histotechnicians,Sectioning,,11,37652.0,37674.0,22.0
Sectioning Station,Sectioning Station,Sectioning,,1,37672.0,37674.0,2.0
Histotechnicians,Histotechnicians,Sectioning,,11,37654.0,37676.0,22.0
Sectioning Station,Sectioning Station,Sectioning,,1,37674.0,37676.0,2.0
Histotechnicians,Histotechnicians,Sectioning,,11,37656.0,37678.0,22.0
Sectioning Station,Sectioning Station,Sectioning,,1,37676.0,37678.0,2.0
Histotechnicians,Histotechnicians,Sectioning,,11,37658.0,37680.0,22.0
Sectioning Station,Sectioning Station,Sectioning,,1,37678.0,37680.0,2.0
Histotechnicians,Histotechnicians,Sectioning,,11,37660.0,37682.0,22.0
Sectioning Station,Sectioning Station,Sectioning,,1,37680.0,37682.0,2.0
Histotechnicians,Histotechnicians,Sectioning,,11,37662.0,37684.0,22.0
Sectioning Station,Sectioning Station,Sectioning,,1,37682.0,37684.0,2.0
Histotechnicians,Histotechnicians,Sectioning,,11,37664.0,37686.0,22.0
Sectioning Station,Sectioning Station,Sectioning,,1,37684.0,37686.0,2.0
Histotechnicians,Histotechnicians,Sectioning,,11,37666.0,37688.0,22.0
Sectioning Station,Sectioning Station,Sectioning,,1,37686.0,37688.0,2.0
Histotechnicians,Histotechnicians,Sectioning,,11,37668.0,37690.0,22.0
Sectioning Station,Sectioning Station,Sectioning,,1,37688.0,37690.0,2.0
Histotechnicians,Histotechnicians,Sectioning,,11,37670.0,37692.0,22.0
Sectioning Station,Sectioning Station,Sectioning,,1,37690.0,37692.0,2.0
Histotechnicians,Histotechnicians,Sectioning,,11,37672.0,37694.0,22.0
Sectioning Station,Sectioning Station,Sectioning,,1,37692.0,37694.0,2.0
Histotechnicians,Histotechnicians,Sectioning,,11,37674.0,37696.0,22.0
Sectioning Station,Sectioning Station,Sectioning,,1,37694.0,37696.0,2.0
Histotechnicians,Histotechnicians,Sectioning,,11,37676.0,37698.0,22.0
Sectioning Station,Sectioning Station,Sectioning,,1,37696.0,37698.0,2.0
Histotechnicians,Histotechnicians,Sectioning,,11,37678.0,37700.0,22.0
Sectioning Station,Sectioning Station,Sectioning,,1,37698.0,37700.0,2.0
Histotechnicians,Histotechnicians,Sectioning,,11,37680.0,37702.0,22.0
Sectioning Station,Sectioning Station,Sectioning,,1,37700.0,37702.0,2.0
Histotechnicians,Histotechnicians,Sectioning,,11,37682.0,37704.0,22.0
Sectioning Station,Sectioning Station,Sectioning,,1,37702.0,37704.0,2.0
Histotechnicians,Histotechnicians,Sectioning,,11,37684.0,37706.0,22.0
Sectioning Station,Sectioning Station,Sectioning,,1,37704.0,37706.0,2.0
Histotechnicians,Histotechnicians,Sectioning,,11,37686.0,37708.0,22.0
Sectioning Station,Sectioning Station,Sectioning,,1,37706.0,37708.0,2.0
Histotechnicians,Histotechnicians,Sectioning,,11,37688.0,37710.0,22.0
Sectioning Station,Sectioning Station,Sectioning,,1,37708.0,37710.0,2.0
Histotechnicians,Histotechnicians,Sectioning,,11,37690.0,37712.0,22.0
Sectioning Station,Sectioning Station,Sectioning,,1,37710.0,37712.0,2.0
Histotechnicians,Histotechnicians,Sectioning,,11,37692.0,37714.0,22.0
Sectioning Station,Sectioning Station,Sectioning,,1,37712.0,37714.0,2.0
Histotechnicians,Histotechnicians,Sectioning,,11,37694.0,37716.0,22.0
Sectioning Station,Sectioning Station,Sectioning,,1,37714.0,37716.0,2.0
Histotechnicians,Histotechnicians,Sectioning,,11,37696.0,37718.0,22.0
Sectioning Station,Sectioning Station,Sectioning,,1,37716.0,37718.0,2.0
Histotechnicians,Histotechnicians,Sectioning,,11,37698.0,37720.0,22.0
Sectioning Station,Sectioning Station,Sectioning,,1,37718.0,37720.0,2.0
Histotechnicians,Histotechnicians,Sectioning,,11,37700.0,37722.0,22.0
Sectioning Station,Sectioning Station,Sectioning,,1,37720.0,37722.0,2.0
Histotechnicians,Histotechnicians,Sectioning,,11,37702.0,37724.0,22.0
Sectioning Station,Sectioning Station,Sectioning,,1,37722.0,37724.0,2.0
Histotechnicians,Histotechnicians,Sectioning,,11,37704.0,37726.0,22.0
Sectioning Station,Sectioning Station,Sectioning,,1,37724.0,37726.0,2.0
Histotechnicians,Histotechnicians,Sectioning,,11,37706.0,37728.0,22.0
Sectioning Station,Sectioning Station,Sectioning,,1,37726.0,37728.0,2.0
Histotechnicians,Histotechnicians,Sectioning,,11,37708.0,37730.0,22.0
Sectioning Station,Sectioning Station,Sectioning,,1,37728.0,37730.0,2.0
Histotechnicians,Histotechnicians,Sectioning,,11,37710.0,37732.0,22.0
Sectioning Station,Sectioning Station,Sectioning,,1,37730.0,37732.0,2.0
Histotechnicians,Histotechnicians,Sectioning,,11,37712.0,37734.0,22.0
Sectioning Station,Sectioning Station,Sectioning,,1,37732.0,37734.0,2.0
Histotechnicians,Histotechnicians,Sectioning,,11,37714.0,37736.0,22.0
Sectioning Station,Sectioning Station,Sectioning,,1,37734.0,37736.0,2.0
Histotechnicians,Histotechnicians,Sectioning,,11,37716.0,37738.0,22.0
Sectioning Station,Sectioning Station,Sectioning,,1,37736.0,37738.0,2.0
Histotechnicians,Histotechnicians,Sectioning,,11,37718.0,37740.0,22.0
Sectioning Station,Sectioning Station,Sectioning,,1,37738.0,37740.0,2.0
Histotechnicians,Histotechnicians,Sectioning,,11,37720.0,37742.0,22.0
Sectioning Station,Sectioning Station,Sectioning,,1,37740.0,37742.0,2.0
Histotechnicians,Histotechnicians,Sectioning,,11,37722.0,37744.0,22.0
Sectioning Station,Sectioning Station,Sectioning,,1,37742.0,37744.0,2.0
Histotechnicians,Histotechnicians,Sectioning,,11,37724.0,37746.0,22.0
Sectioning Station,Sectioning Station,Sectioning,,1,37744.0,37746.0,2.0
Histotechnicians,Histotechnicians,Sectioning,,11,37726.0,37748.0,22.0
Sectioning Station,Sectioning Station,Sectioning,,1,37746.0,37748.0,2.0
Histotechnicians,Histotechnicians,Sectioning,,11,37728.0,37750.0,22.0
Sectioning Station,Sectioning Station,Sectioning,,1,37748.0,37750.0,2.0
Histotechnicians,Histotechnicians,Sectioning,,11,37730.0,37752.0,22.0
Sectioning Station,Sectioning Station,Sectioning,,1,37750.0,37752.0,2.0
Histotechnicians,Histotechnicians,Sectioning,,11,37732.0,37754.0,22.0
Sectioning Station,Sectioning Station,Sectioning,,1,37752.0,37754.0,2.0
Histotechnicians,Histotechnicians,Sectioning,,11,37734.0,37756.0,22.0
Sectioning Station,Sectioning Station,Sectioning,,1,37754.0,37756.0,2.0
Histotechnicians,Histotechnicians,Sectioning,,11,37736.0,37758.0,22.0
Sectioning Station,Sectioning Station,Sectioning,,1,37756.0,37758.0,2.0
Histotechnicians,Histotechnicians,Sectioning,,11,37738.0,37760.0,22.0
Sectioning Station,Sectioning Station,Sectioning,,1,37758.0,37760.0,2.0
Histotechnicians,Histotechnicians,Staining,,11,37740.0,37775.0,35.0
Staining Station,Staining Station,Staining,,1,37740.0,37775.0,35.0
Histotechnicians,Histotechnicians,Staining,,11,37742.0,37810.0,68.0
Staining Station,Staining Station,Staining,,1,37775.0,37810.0,35.0
Histotechnicians,Histotechnicians,Staining,,11,37744.0,37845.0,101.0
Staining Station,Staining Station,Staining,,1,37810.0,37845.0,35.0
Junior Pathologists,Junior Pathologists (grossing),Grossing,grossing,6,37860.0,37870.0,10.0
Grossing Station,Grossing Station,Grossing,,2,37860.0,37870.0,10.0
Junior Pathologists,Junior Pathologists (grossing),Grossing,grossing,6,37860.0,37870.0,10.0
Grossing Station,Grossing Station,Grossing,,2,37860.0,37870.0,10.0
Junior Pathologists,Junior Pathologists (grossing),Grossing,grossing,6,37883.76349050808,37893.76349050808,10.0
Grossing Station,Grossing Station,Grossing,,2,37883.76349050808,37893.76349050808,10.0
Junior Pathologists,Junior Pathologists (grossing),Grossing,grossing,6,37888.1060090345,37898.1060090345,10.0
Grossing Station,Grossing Station,Grossing,,2,37888.1060090345,37898.1060090345,10.0
Junior Pathologists,Junior Pathologists (grossing),Grossing,grossing,6,37907.251355760854,37917.251355760854,10.0
Grossing Station,Grossing Station,Grossing,,2,37907.251355760854,37917.251355760854,10.0
Junior Pathologists,Junior Pathologists (grossing),Grossing,grossing,6,37928.06958454052,37938.06958454052,10.0
Grossing Station,Grossing Station,Grossing,,2,37928.06958454052,37938.06958454052,10.0
Junior Pathologists,Junior Pathologists (screening),slide screening,screening,6,37980.0,37994.52630017496,14.526300174962671
Junior Pathologists,Junior Pathologists (screening),slide screening,screening,6,37980.0,37994.81308457785,14.813084577850532
Junior Pathologists,Junior Pathologists (screening),slide screening,screening,6,37980.0,37996.11399830278,16.11399830278242
Junior Pathologists,Junior Pathologists (screening),slide screening,screening,6,37980.0,38004.67371493435,24.673714934353484
Junior Pathologists,Junior Pathologists (screening),slide screening,screening,6,37980.0,38005.42887055526,25.4288705552608
Junior Pathologists,Junior Pathologists (screening),slide screening,screening,6,37980.0,38007.76871926538,27.76871926538297
Junior Pathologists,Junior Pathologists (screening),slide screening,screening,6,37994.81308457785,38009.20151201842,14.388427440571832
Junior Pathologists,Junior Pathologists (screening),slide screening,screening,6,37996.11399830278,38017.581813367724,21.467815064941533
Junior Pathologists,Junior Pathologists (screening),slide screening,screening,6,38005.42887055526,38018.86320016182,13.434329606556275
Junior Pathologists,Junior Pathologists (screening),slide screening,screening,6,37994.52630017496,38022.74958621907,28.223286044107226
Junior Pathologists,Junior Pathologists (screening),slide screening,screening,6,38004.67371493435,38023.26781269391,18.5940977595601
Junior Pathologists,Junior Pathologists (screening),slide screening,screening,6,38009.20151201842,38030.99886092491,21.797348906489788
Junior Pathologists,Junior Pathologists (screening),slide screening,screening,6,38017.581813367724,38031.06167463585,13.479861268126115
Junior Pathologists,Junior Pathologists (screening),slide screening,screening,6,38007.76871926538,38032.32396214327,24.555242877890123
Junior Pathologists,Junior Pathologists (screening),slide screening,screening,6,38018.86320016182,38038.38489845926,19.521698297445255
Junior Pathologists,Junior Pathologists (screening),slide screening,screening,6,38022.74958621907,38041.76955795683,19.019971737761807
Junior Pathologists,Junior Pathologists (screening),slide screening,screening,6,38031.06167463585,38047.79378931333,16.73211467747751
Junior Pathologists,Junior Pathologists (screening),slide screening,screening,6,38023.26781269391,38051.53536025119,28.267547557275975
Junior Pathologists,Junior Pathologists (screening),slide screening,screening,6,38032.32396214327,38055.44034781937,23.116385676097707
Junior Pathologists,Junior Pathologists (screening),slide screening,screening,6,38030.99886092491,38059.954957434624,28.956096509711642
Junior Pathologists,Junior Pathologists (screening),slide screening,screening,6,38038.38489845926,38060.17193731412,21.787038854854472
Junior Pathologists,Junior Pathologists (screening),slide screening,screening,6,38041.76955795683,38061.08968141907,19.32012346223928
Junior Pathologists,Junior Pathologists (screening),slide screening,screening,6,38055.44034781937,38068.241394246754,12.801046427382971
Junior Pathologists,Junior Pathologists (screening),slide screening,screening,6,38047.79378931333,38068.582640979315,20.78885166598775
Junior Pathologists,Junior Pathologists (screening),slide screening,screening,6,38051.53536025119,38070.59291110669,19.05755085549754
Junior Pathologists,Junior Pathologists (screening),slide screening,screening,6,38068.582640979315,38082.23207857188,13.649437592561299
Junior Pathologists,Junior Pathologists (screening),slide screening,screening,6,38059.954957434624,38082.9531592859,22.998201851274644
Junior Pathologists,Junior Pathologists (screening),slide screening,screening,6,38060.17193731412,38083.77952530638,23.607587992264598
Junior Pathologists,Junior Pathologists (screening),slide screening,screening,6,38061.08968141907,38087.487376035104,26.397694616032823
Junior Pathologists,Junior Pathologists (screening),slide screening,screening,6,38068.241394246754,38088.45449653351,20.213102286754292
Junior Pathologists,Junior Pathologists (screening),slide screening,screening,6,38070.59291110669,38096.76306239946,26.1701512927757
Junior Pathologists,Junior Pathologists (screening),slide screening,screening,6,38082.9531592859,38098.08805794134,15.134898655443976
Junior Pathologists,Junior Pathologists (screening),slide screening,screening,6,38083.77952530638,38099.16952373959,15.389998433209257
Junior Pathologists,Junior Pathologists (screening),slide screening,screening,6,38082.23207857188,38099.31811142677,17.086032854895166
Junior Pathologists,Junior Pathologists (screening),slide screening,screening,6,38088.45449653351,38107.29488142834,18.840384894829185
Junior Pathologists,Junior Pathologists (screening),slide screening,screening,6,38087.487376035104,38108.44485673146,20.95748069635738
Junior Pathologists,Junior Pathologists (screening),slide screening,screening,6,38098.08805794134,38112.17138981336,14.08333187201788
Junior Pathologists,Junior Pathologists (screening),slide screening,screening,6,38096.76306239946,38119.12158632762,22.35852392816014
Junior Pathologists,Junior Pathologists (screening),slide screening,screening,6,38099.16952373959,38120.984110631674,21.814586892083753
Junior Pathologists,Junior Pathologists (screening),slide screening,screening,6,38107.29488142834,38121.55618413961,14.261302711274766
Junior Pathologists,Junior Pathologists (screening),slide screening,screening,6,38099.31811142677,38126.499037802394,27.18092637562222
Junior Pathologists,Junior Pathologists (screening),slide screening,screening,6,38108.44485673146,38126.75910018839,18.314243456930853
Junior Pathologists,Junior Pathologists (grossing),Grossing,grossing,6,38940.00000000164,38950.00000000164,10.0
Grossing Station,Grossing Station,Grossing,,2,38940.00000000164,38950.00000000164,10.0
Junior Pathologists,Junior Pathologists (grossing),Grossing,grossing,6,38940.0,38970.0,30.0
Grossing Station,Grossing Station,Grossing,,2,38940.0,38970.0,30.0
Junior Pathologists,Junior Pathologists (grossing),Grossing,grossing,6,38940.00000000472,38980.0,39.9999999952779
Grossing Station,Grossing Station,Grossing,,2,38970.0,38980.0,10.0
Junior Pathologists,Junior Pathologists (grossing),Grossing,grossing,6,38940.00000000195,38980.00000000164,39.999999999687134
Grossing Station,Grossing Station,Grossing,,2,38950.00000000164,38980.00000000164,30.0
Junior Pathologists,Junior Pathologists (grossing),Grossing,grossing,6,38940.00000000622,38990.0,49.999999993779056
Grossing Station,Grossing Station,Grossing,,2,38980.0,38990.0,10.0
Junior Pathologists,Junior Pathologists (grossing),Grossing,grossing,6,38940.000000007654,38990.00000000164,49.99999999398278
Grossing Station,Grossing Station,Grossing,,2,38980.00000000164,38990.00000000164,10.0
Senior Pathologists,Senior Pathologists,Reporting,,5,39000.0,39007.25236311506,7.252363115061598
Senior Pathologists,Senior Pathologists,Reporting,,5,39000.0,39009.8669396765,9.866939676503534
Senior Pathologists,Senior Pathologists,Reporting,,5,39000.0,39010.9759650035,10.97596500349755
Senior Pathologists,Senior Pathologists,Reporting,,5,39000.0,39018.17275995531,18.172759955312358
Senior Pathologists,Senior Pathologists,Reporting,,5,39007.25236311506,39018.17815937511,10.9257962600459
Senior Pathologists,Senior Pathologists,Reporting,,5,39000.0,39019.34448887554,19.344488875540264
Junior Pathologists,Junior Pathologists (grossing),Grossing,grossing,6,38950.00000000164,39020.0,69.99999999836291
Grossing Station,Grossing Station,Grossing,,2,38990.0,39020.0,30.0
Histotechnicians,Histotechnicians,Sectioning,,11,39018.17275995531,39020.17275995531,2.0
Sectioning Station,Sectioning Station,Sectioning,,1,39018.17275995531,39020.17275995531,2.0
Senior Pathologists,Senior Pathologists,Reporting,,5,39009.8669396765,39021.229230746874,11.362291070370702
Histotechnicians,Histotechnicians,Sectioning,,11,39018.17275995531,39022.17275995531,4.0
Sectioning Station,Sectioning Station,Sectioning,,1,39020.17275995531,39022.17275995531,2.0
Senior Pathologists,Senior Pathologists,Reporting,,5,39010.9759650035,39022.84293545119,11.866970447692438
Histotechnicians,Histotechnicians,Sectioning,,11,39018.17275995531,39024.17275995531,6.0
Sectioning Station,Sectioning Station,Sectioning,,1,39022.17275995531,39024.17275995531,2.0
Histotechnicians,Histotechnicians,Sectioning,,11,39018.17275995531,39026.17275995531,8.0
Sectioning Station,Sectioning Station,Sectioning,,1,39024.17275995531,39026.17275995531,2.0
Senior Pathologists,Senior Pathologists,Reporting,,5,39018.17275995531,39027.05813578624,8.885375830926932
Histotechnicians,Histotechnicians,Sectioning,,11,39018.17275995531,39028.17275995531,10.0
Sectioning Station,Sectioning Station,Sectioning,,1,39026.17275995531,39028.17275995531,2.0
Senior Pathologists,Senior Pathologists,Reporting,,5,39021.229230746874,39028.76266299658,7.533432249707403
Histotechnicians,Histotechnicians,Sectioning,,11,39022.84293545119,39030.17275995531,7.329824504122371
Sectioning Station,Sectioning Station,Sectioning,,1,39028.17275995531,39030.17275995531,2.0
Senior Pathologists,Senior Pathologists,Reporting,,5,39022.84293545119,39031.22573007614,8.382794624951202
Histotechnicians,Histotechnicians,Sectioning,,11,39022.84293545119,39032.17275995531,9.32982450412237
Sectioning Station,Sectioning Station,Sectioning,,1,39030.17275995531,39032.17275995531,2.0
Senior Pathologists,Senior Pathologists,Reporting,,5,39019.34448887554,39033.3550650568,14.010576181259239
Senior Pathologists,Senior Pathologists,Reporting,,5,39018.17815937511,39033.374449871095,15.196290495987341
Histotechnicians,Histotechnicians,Sectioning,,11,39022.84293545119,39034.17275995531,11.32982450412237
Sectioning Station,Sectioning Station,Sectioning,,1,39032.17275995531,39034.17275995531,2.0
Histotechnicians,Histotechnicians,Sectioning,,11,39022.84293545119,39036.17275995531,13.32982450412237
Sectioning Station,Sectioning Station,Sectioning,,1,39034.17275995531,39036.17275995531,2.0
Senior Pathologists,Senior Pathologists,Reporting,,5,39027.05813578624,39036.62565489575,9.56751910951425
Senior Pathologists,Senior Pathologists,Reporting,,5,39028.76266299658,39037.14371994754,8.381056950958737
Histotechnicians,Histotechnicians,Sectioning,,11,39022.84293545119,39038.17275995531,15.32982450412237
Sectioning Station,Sectioning Station,Sectioning,,1,39036.17275995531,39038.17275995531,2.0
Histotechnicians,Histotechnicians,Sectioning,,11,39031.22573007614,39040.17275995531,8.947029879171168
Sectioning Station,Sectioning Station,Sectioning,,1,39038.17275995531,39040.17275995531,2.0
Senior Pathologists,Senior Pathologists,Reporting,,5,39031.22573007614,39041.511214859864,10.285484783722495
Histotechnicians,Histotechnicians,Sectioning,,11,39031.22573007614,39042.17275995531,10.947029879171168
Sectioning Station,Sectioning Station,Sectioning,,1,39040.17275995531,39042.17275995531,2.0
Senior Pathologists,Senior Pathologists,Reporting,,5,39033.374449871095,39043.06440588838,9.689956017282384
Histotechnicians,Histotechnicians,Sectioning,,11,39031.22573007614,39044.17275995531,12.947029879171168
Sectioning Station,Sectioning Station,Sectioning,,1,39042.17275995531,39044.17275995531,2.0
Histotechnicians,Histotechnicians,Sectioning,,11,39031.22573007614,39046.17275995531,14.947029879171168
Sectioning Station,Sectioning Station,Sectioning,,1,39044.17275995531,39046.17275995531,2.0
Histotechnicians,Histotechnicians,Sectioning,,11,39031.22573007614,39048.17275995531,16.94702987917117
Sectioning Station,Sectioning Station,Sectioning,,1,39046.17275995531,39048.17275995531,2.0
Senior Pathologists,Senior Pathologists,Reporting,,5,39037.14371994754,39048.73965578104,11.595935833502153
Histotechnicians,Histotechnicians,Sectioning,,11,39033.374449871095,39050.17275995531,16.79831008421752
Sectioning Station,Sectioning Station,Sectioning,,1,39048.17275995531,39050.17275995531,2.0
Senior Pathologists,Senior Pathologists,Reporting,,5,39041.511214859864,39050.39834467663,8.887129816765082
Senior Pathologists,Senior Pathologists,Reporting,,5,39033.3550650568,39051.52643110311,18.17136604631378
Histotechnicians,Histotechnicians,Sectioning,,11,39033.374449871095,39052.17275995531,18.79831008421752
Sectioning Station,Sectioning Station,Sectioning,,1,39050.17275995531,39052.17275995531,2.0
Senior Pathologists,Senior Pathologists,Reporting,,5,39036.62565489575,39052.438699321596,15.813044425842236
Histotechnicians,Histotechnicians,Sectioning,,11,39034.17275995531,39054.17275995531,20.0
Sectioning Station,Sectioning Station,Sectioning,,1,39052.17275995531,39054.17275995531,2.0
Histotechnicians,Histotechnicians,Sectioning,,11,39036.17275995531,39056.17275995531,20.0
Sectioning Station,Sectioning Station,Sectioning,,1,39054.17275995531,39056.17275995531,2.0
Histotechnicians,Histotechnicians,Sectioning,,11,39038.17275995531,39058.17275995531,20.0
Sectioning Station,Sectioning Station,Sectioning,,1,39056.17275995531,39058.17275995531,2.0
Senior Pathologists,Senior Pathologists,Reporting,,5,39050.39834467663,39059.79173766546,9.393392988829874
Senior Pathologists,Senior Pathologists,Reporting,,5,39043.06440588838,39059.85695411647,16.79254822809162
Histotechnicians,Histotechnicians,Sectioning,,11,39041.511214859864,39060.17275995531,18.661545095448673
Sectioning Station,Sectioning Station,Sectioning,,1,39058.17275995531,39060.17275995531,2.0
Senior Pathologists,Senior Pathologists,Reporting,,5,39048.73965578104,39061.8811967242,13.141540943157452
Histotechnicians,Histotechnicians,Sectioning,,11,39042.17275995531,39062.17275995531,20.0
Sectioning Station,Sectioning Station,Sectioning,,1,39060.17275995531,39062.17275995531,2.0
Senior Pathologists,Senior Pathologists,Reporting,,5,39052.438699321596,39062.3664017597,9.927702438100823
Histotechnicians,Histotechnicians,Staining,,11,39028.17275995531,39063.17275995531,35.0
Staining Station,Staining Station,Staining,,1,39028.17275995531,39063.17275995531,35.0
Senior Pathologists,Senior Pathologists,Reporting,,5,39051.52643110311,39063.464059726175,11.937628623061755
Histotechnicians,Histotechnicians,Sectioning,,11,39044.17275995531,39064.17275995531,20.0
Sectioning Station,Sectioning Station,Sectioning,,1,39062.17275995531,39064.17275995531,2.0
Histotechnicians,Histotechnicians,Sectioning,,11,39046.17275995531,39066.17275995531,20.0
Sectioning Station,Sectioning Station,Sectioning,,1,39064.17275995531,39066.17275995531,2.0
Senior Pathologists,Senior Pathologists,Reporting,,5,39059.85695411647,39067.06465565052,7.2077015340546495
Senior Pathologists,Senior Pathologists,Reporting,,5,39059.79173766546,39067.5815477543,7.789810088841477
Histotechnicians,Histotechnicians,Sectioning,,11,39048.17275995531,39068.17275995531,20.0
Sectioning Station,Sectioning Station,Sectioning,,1,39066.17275995531,39068.17275995531,2.0
Histotechnicians,Histotechnicians,Sectioning,,11,39059.79173766546,39070.17275995531,10.381022289853718
Sectioning Station,Sectioning Station,Sectioning,,1,39068.17275995531,39070.17275995531,2.0
Histotechnicians,Histotechnicians,Sectioning,,11,39059.79173766546,39072.17275995531,12.381022289853718
Sectioning Station,Sectioning Station,Sectioning,,1,39070.17275995531,39072.17275995531,2.0
Senior Pathologists,Senior Pathologists,Reporting,,5,39061.8811967242,39073.929831653506,12.04863492930599
Histotechnicians,Histotechnicians,Sectioning,,11,39059.79173766546,39074.17275995531,14.381022289853718
Sectioning Station,Sectioning Station,Sectioning,,1,39072.17275995531,39074.17275995531,2.0
Senior Pathologists,Senior Pathologists,Reporting,,5,39062.3664017597,39075.071636538145,12.705234778448357
Histotechnicians,Histotechnicians,Sectioning,,11,39059.79173766546,39076.17275995531,16.381022289853718
Sectioning Station,Sectioning Station,Sectioning,,1,39074.17275995531,39076.17275995531,2.0
Senior Pathologists,Senior Pathologists,Reporting,,5,39063.464059726175,39077.42456196704,13.960502240865026
Histotechnicians,Histotechnicians,Sectioning,,11,39059.79173766546,39078.17275995531,18.381022289853718
Sectioning Station,Sectioning Station,Sectioning,,1,39076.17275995531,39078.17275995531,2.0
Histotechnicians,Histotechnicians,Sectioning,,11,39060.17275995531,39080.17275995531,20.0
Sectioning Station,Sectioning Station,Sectioning,,1,39078.17275995531,39080.17275995531,2.0
Senior Pathologists,Senior Pathologists,Reporting,,5,39067.5815477543,39081.1731116114,13.591563857102301
Senior Pathologists,Senior Pathologists,Reporting,,5,39067.06465565052,39081.23910517529,14.174449524769443
Histotechnicians,Histotechnicians,Sectioning,,11,39062.17275995531,39082.17275995531,20.0
Sectioning Station,Sectioning Station,Sectioning,,1,39080.17275995531,39082.17275995531,2.0
Histotechnicians,Histotechnicians,Sectioning,,11,39063.17275995531,39084.17275995531,21.0
Sectioning Station,Sectioning Station,Sectioning,,1,39082.17275995531,39084.17275995531,2.0
Histotechnicians,Histotechnicians,Sectioning,,11,39064.17275995531,39086.17275995531,22.0
Sectioning Station,Sectioning Station,Sectioning,,1,39084.17275995531,39086.17275995531,2.0
Senior Pathologists,Senior Pathologists,Reporting,,5,39081.1731116114,39087.66077312042,6.487661509017926
Senior Pathologists,Senior Pathologists,Reporting,,5,39077.42456196704,39087.93717837629,10.512616409250768
Histotechnicians,Histotechnicians,Sectioning,,11,39066.17275995531,39088.17275995531,22.0
Sectioning Station,Sectioning Station,Sectioning,,1,39086.17275995531,39088.17275995531,2.0
Senior Pathologists,Senior Pathologists,Reporting,,5,39075.071636538145,39088.629239958915,13.557603420769738
Senior Pathologists,Senior Pathologists,Reporting,,5,39073.929831653506,39089.25556809094,15.325736437436717
Histotechnicians,Histotechnicians,Sectioning,,11,39075.071636538145,39090.17275995531,15.1011234171674
Sectioning Station,Sectioning Station,Sectioning,,1,39088.17275995531,39090.17275995531,2.0
Senior Pathologists,Senior Pathologists,Reporting,,5,39081.23910517529,39090.47528325911,9.236178083818231
Histotechnicians,Histotechnicians,Sectioning,,11,39075.071636538145,39092.17275995531,17.1011234171674
Sectioning Station,Sectioning Station,Sectioning,,1,39090.17275995531,39092.17275995531,2.0
Histotechnicians,Histotechnicians,Sectioning,,11,39075.071636538145,39094.17275995531,19.1011234171674
Sectioning Station,Sectioning Station,Sectioning,,1,39092.17275995531,39094.17275995531,2.0
Histotechnicians,Histotechnicians,Sectioning,,11,39075.071636538145,39096.17275995531,21.1011234171674
Sectioning Station,Sectioning Station,Sectioning,,1,39094.17275995531,39096.17275995531,2.0
Histotechnicians,Histotechnicians,Sectioning,,11,39076.17275995531,39098.17275995531,22.0
Sectioning Station,Sectioning Station,Sectioning,,1,39096.17275995531,39098.17275995531,2.0
Senior Pathologists,Senior Pathologists,Reporting,,5,39087.93717837629,39098.4206328142,10.48345443791186
Senior Pathologists,Senior Pathologists,Reporting,,5,39088.629239958915,39098.548382821726,9.919142862810986
Histotechnicians,Histotechnicians,Sectioning,,11,39078.17275995531,39100.17275995531,22.0
Sectioning Station,Sectioning Station,Sectioning,,1,39098.17275995531,39100.17275995531,2.0
Senior Pathologists,Senior Pathologists,Reporting,,5,39089.25556809094,39101.371308638714,12.115740547771566
Histotechnicians,Histotechnicians,Sectioning,,11,39080.17275995531,39102.17275995531,22.0
Sectioning Station,Sectioning Station,Sectioning,,1,39100.17275995531,39102.17275995531,2.0
Histotechnicians,Histotechnicians,Sectioning,,11,39082.17275995531,39104.17275995531,22.0
Sectioning Station,Sectioning Station,Sectioning,,1,39102.17275995531,39104.17275995531,2.0
Histotechnicians,Histotechnicians,Sectioning,,11,39084.17275995531,39106.17275995531,22.0
Sectioning Station,Sectioning Station,Sectioning,,1,39104.17275995531,39106.17275995531,2.0
Histotechnicians,Histotechnicians,Sectioning,,11,39086.17275995531,39108.17275995531,22.0
Sectioning Station,Sectioning Station,Sectioning,,1,39106.17275995531,39108.17275995531,2.0
Histotechnicians,Histotechnicians,Sectioning,,11,39090.17275995531,39110.17275995531,20.0
Sectioning Station,Sectioning Station,Sectioning,,1,39108.17275995531,39110.17275995531,2.0
Histotechnicians,Histotechnicians,Sectioning,,11,39092.17275995531,39112.17275995531,20.0
Sectioning Station,Sectioning Station,Sectioning,,1,39110.17275995531,39112.17275995531,2.0
Histotechnicians,Histotechnicians,Sectioning,,11,39094.17275995531,39114.17275995531,20.0
Sectioning Station,Sectioning Station,Sectioning,,1,39112.17275995531,39114.17275995531,2.0
Histotechnicians,Histotechnicians,Sectioning,,11,39096.17275995531,39116.17275995531,20.0
Sectioning Station,Sectioning Station,Sectioning,,1,39114.17275995531,39116.17275995531,2.0
Histotechnicians,Histotechnicians,Sectioning,,11,39098.17275995531,39118.17275995531,20.0
Sectioning Station,Sectioning Station,Sectioning,,1,39116.17275995531,39118.17275995531,2.0
Histotechnicians,Histotechnicians,Sectioning,,11,39100.17275995531,39120.17275995531,20.0
Sectioning Station,Sectioning Station,Sectioning,,1,39118.17275995531,39120.17275995531,2.0
Histotechnicians,Histotechnicians,Sectioning,,11,39102.17275995531,39122.17275995531,20.0
Sectioning Station,Sectioning Station,Sectioning,,1,39120.17275995531,39122.17275995531,2.0
Histotechnicians,Histotechnicians,Staining,,11,39088.17275995531,39123.17275995531,35.0
Staining Station,Staining Station,Staining,,1,39088.17275995531,39123.17275995531,35.0
Histotechnicians,Histotechnicians,Sectioning,,11,39104.17275995531,39124.17275995531,20.0
Sectioning Station,Sectioning Station,Sectioning,,1,39122.17275995531,39124.17275995531,2.0
Histotechnicians,Histotechnicians,Sectioning,,11,39106.17275995531,39126.17275995531,20.0
Sectioning Station,Sectioning Station,Sectioning,,1,39124.17275995531,39126.17275995531,2.0
Histotechnicians,Histotechnicians,Sectioning,,11,39108.17275995531,39128.17275995531,20.0
Sectioning Station,Sectioning Station,Sectioning,,1,39126.17275995531,39128.17275995531,2.0
Histotechnicians,Histotechnicians,Sectioning,,11,39110.17275995531,39130.17275995531,20.0
Sectioning Station,Sectioning Station,Sectioning,,1,39128.17275995531,39130.17275995531,2.0
Histotechnicians,Histotechnicians,Sectioning,,11,39112.17275995531,39132.17275995531,20.0
Sectioning Station,Sectioning Station,Sectioning,,1,39130.17275995531,39132.17275995531,2.0
Histotechnicians,Histotechnicians,Sectioning,,11,39114.17275995531,39134.17275995531,20.0
Sectioning Station,Sectioning Station,Sectioning,,1,39132.17275995531,39134.17275995531,2.0
Histotechnicians,Histotechnicians,Sectioning,,11,39116.17275995531,39136.17275995531,20.0
Sectioning Station,Sectioning Station,Sectioning,,1,39134.17275995531,39136.17275995531,2.0
Histotechnicians,Histotechnicians,Sectioning,,11,39118.17275995531,39138.17275995531,20.0
Sectioning Station,Sectioning Station,Sectioning,,1,39136.17275995531,39138.17275995531,2.0
Histotechnicians,Histotechnicians,Sectioning,,11,39120.17275995531,39140.17275995531,20.0
Sectioning Station,Sectioning Station,Sectioning,,1,39138.17275995531,39140.17275995531,2.0
Histotechnicians,Histotechnicians,Sectioning,,11,39122.17275995531,39142.17275995531,20.0
Sectioning Station,Sectioning Station,Sectioning,,1,39140.17275995531,39142.17275995531,2.0
Histotechnicians,Histotechnicians,Sectioning,,11,39123.17275995531,39144.17275995531,21.0
Sectioning Station,Sectioning Station,Sectioning,,1,39142.17275995531,39144.17275995531,2.0
Histotechnicians,Histotechnicians,Sectioning,,11,39124.17275995531,39146.17275995531,22.0
Sectioning Station,Sectioning Station,Sectioning,,1,39144.17275995531,39146.17275995531,2.0
Senior Pathologists,Senior Pathologists,Reporting,,5,39087.66077312042,39146.70352976979,59.04275664936722
Histotechnicians,Histotechnicians,Sectioning,,11,39126.17275995531,39148.17275995531,22.0
Sectioning Station,Sectioning Station,Sectioning,,1,39146.17275995531,39148.17275995531,2.0
Histotechnicians,Histotechnicians,Staining,,11,39128.17275995531,39163.17275995531,35.0
Staining Station,Staining Station,Staining,,1,39128.17275995531,39163.17275995531,35.0
Junior Pathologists,Junior Pathologists (grossing),Grossing,grossing,6,39300.0,39310.0,10.0
Grossing Station,Grossing Station,Grossing,,2,39300.0,39310.0,10.0
Junior Pathologists,Junior Pathologists (grossing),Grossing,grossing,6,39300.0,39310.0,10.0
Grossing Station,Grossing Station,Grossing,,2,39300.0,39310.0,10.0
Junior Pathologists,Junior Pathologists (screening),slide screening,screening,6,39420.00000000531,39435.76804674312,15.768046737808618
Junior Pathologists,Junior Pathologists (screening),slide screening,screening,6,39420.00000000531,39440.299917301505,20.2999172961936
Junior Pathologists,Junior Pathologists (screening),slide screening,screening,6,39420.00000000531,39442.76407381601,22.76407381070021
Junior Pathologists,Junior Pathologists (screening),slide screening,screening,6,39420.00000000531,39443.255689576225,23.25568957091309
Junior Pathologists,Junior Pathologists (screening),slide screening,screening,6,39420.00000000531,39445.30067901667,25.300679011357715
Junior Pathologists,Junior Pathologists (screening),slide screening,screening,6,39420.00000000531,39446.543683309435,26.543683304123988
Junior Pathologists,Junior Pathologists (screening),slide screening,screening,6,39435.76804674312,39449.1743961193,13.406349376178696
Junior Pathologists,Junior Pathologists (screening),slide screening,screening,6,39440.299917301505,39458.245743395106,17.945826093600772
Junior Pathologists,Junior Pathologists (screening),slide screening,screening,6,39442.76407381601,39463.659419332376,20.895345516364614
Junior Pathologists,Junior Pathologists (screening),slide screening,screening,6,39443.255689576225,39464.11049728565,20.854807709423767
Junior Pathologists,Junior Pathologists (screening),slide screening,screening,6,39449.1743961193,39464.644729543084,15.470333423785632
Junior Pathologists,Junior Pathologists (screening),slide screening,screening,6,39446.543683309435,39465.397489085364,18.853805775928777
Junior Pathologists,Junior Pathologists (screening),slide screening,screening,6,39445.30067901667,39469.49119543985,24.19051642317936
Junior Pathologists,Junior Pathologists (screening),slide screening,screening,6,39458.245743395106,39471.064991569576,12.819248174469976
Junior Pathologists,Junior Pathologists (screening),slide screening,screening,6,39464.644729543084,39477.37306654611,12.728337003027264
Junior Pathologists,Junior Pathologists (screening),slide screening,screening,6,39463.659419332376,39479.9524867589,16.29306742652261
Junior Pathologists,Junior Pathologists (screening),slide screening,screening,6,39465.397489085364,39486.89175007293,21.494260987565212
Junior Pathologists,Junior Pathologists (screening),slide screening,screening,6,39469.49119543985,39488.834257227085,19.343061787236365
Junior Pathologists,Junior Pathologists (screening),slide screening,screening,6,39464.11049728565,39490.483328429444,26.372831143795338
Junior Pathologists,Junior Pathologists (grossing),Grossing,grossing,6,40380.0,40390.0,10.0
Grossing Station,Grossing Station,Grossing,,2,40380.0,40390.0,10.0
Junior Pathologists,Junior Pathologists (grossing),Grossing,grossing,6,40380.000000001804,40390.000000001804,10.0
Grossing Station,Grossing Station,Grossing,,2,40380.000000001804,40390.000000001804,10.0
Junior Pathologists,Junior Pathologists (grossing),Grossing,grossing,6,40380.000000001855,40400.0,19.99999999814463
Grossing Station,Grossing Station,Grossing,,2,40390.0,40400.0,10.0
Junior Pathologists,Junior Pathologists (grossing),Grossing,grossing,6,40380.00000000195,40410.0,29.999999998050043
Grossing Station,Grossing Station,Grossing,,2,40400.0,40410.0,10.0
Junior Pathologists,Junior Pathologists (grossing),Grossing,grossing,6,40380.00000000188,40420.000000001804,39.99999999992724
Grossing Station,Grossing Station,Grossing,,2,40390.000000001804,40420.000000001804,30.0
Senior Pathologists,Senior Pathologists,Reporting,,5,40440.0,40449.53592528915,9.535925289150327
Senior Pathologists,Senior Pathologists,Reporting,,5,40440.0,40452.04685498716,12.04685498715844
Senior Pathologists,Senior Pathologists,Reporting,,5,40440.0,40453.2960181163,13.29601811629982
Histotechnicians,Histotechnicians,Sectioning,,11,40452.04685498716,40454.04685498716,2.0
Sectioning Station,Sectioning Station,Sectioning,,1,40452.04685498716,40454.04685498716,2.0
Histotechnicians,Histotechnicians,Sectioning,,11,40452.04685498716,40456.04685498716,4.0
Sectioning Station,Sectioning Station,Sectioning,,1,40454.04685498716,40456.04685498716,2.0
Senior Pathologists,Senior Pathologists,Reporting,,5,40440.0,40456.08212118552,16.082121185521828
Senior Pathologists,Senior Pathologists,Reporting,,5,40440.0,40457.879504915145,17.879504915144935
Histotechnicians,Histotechnicians,Sectioning,,11,40452.04685498716,40458.04685498716,6.0
Sectioning Station,Sectioning Station,Sectioning,,1,40456.04685498716,40458.04685498716,2.0
Histotechnicians,Histotechnicians,Sectioning,,11,40452.04685498716,40460.04685498716,8.0
Sectioning Station,Sectioning Station,Sectioning,,1,40458.04685498716,40460.04685498716,2.0
Senior Pathologists,Senior Pathologists,Reporting,,5,40452.04685498716,40460.81958913697,8.772734149810276
Histotechnicians,Histotechnicians,Sectioning,,11,40452.04685498716,40462.04685498716,10.0
Sectioning Station,Sectioning Station,Sectioning,,1,40460.04685498716,40462.04685498716,2.0
Histotechnicians,Histotechnicians,Sectioning,,11,40453.2960181163,40464.04685498716,10.75083687085862
Sectioning Station,Sectioning Station,Sectioning,,1,40462.04685498716,40464.04685498716,2.0
Senior Pathologists,Senior Pathologists,Reporting,,5,40453.2960181163,40465.80143388878,12.505415772480774
Histotechnicians,Histotechnicians,Sectioning,,11,40453.2960181163,40466.04685498716,12.75083687085862
Sectioning Station,Sectioning Station,Sectioning,,1,40464.04685498716,40466.04685498716,2.0
Senior Pathologists,Senior Pathologists,Reporting,,5,40457.879504915145,40467.64553381304,9.766028897895012
Histotechnicians,Histotechnicians,Sectioning,,11,40453.2960181163,40468.04685498716,14.75083687085862
Sectioning Station,Sectioning Station,Sectioning,,1,40466.04685498716,40468.04685498716,2.0
Histotechnicians,Histotechnicians,Sectioning,,11,40453.2960181163,40470.04685498716,16.75083687085862
Sectioning Station,Sectioning Station,Sectioning,,1,40468.04685498716,40470.04685498716,2.0
Senior Pathologists,Senior Pathologists,Reporting,,5,40456.08212118552,40470.70957177714,14.627450591615343
Histotechnicians,Histotechnicians,Sectioning,,11,40453.2960181163,40472.04685498716,18.75083687085862
Sectioning Station,Sectioning Station,Sectioning,,1,40470.04685498716,40472.04685498716,2.0
Senior Pathologists,Senior Pathologists,Reporting,,5,40465.80143388878,40473.18340848756,7.38197459877847
Histotechnicians,Histotechnicians,Sectioning,,11,40456.08212118552,40474.04685498716,17.964733801636612
Sectioning Station,Sectioning Station,Sectioning,,1,40472.04685498716,40474.04685498716,2.0
Senior Pathologists,Senior Pathologists,Reporting,,5,40460.81958913697,40475.96405627387,15.144467136902676
Histotechnicians,Histotechnicians,Sectioning,,11,40456.08212118552,40476.04685498716,19.964733801636612
Sectioning Station,Sectioning Station,Sectioning,,1,40474.04685498716,40476.04685498716,2.0
Histotechnicians,Histotechnicians,Sectioning,,11,40456.08212118552,40478.04685498716,21.964733801636612
Sectioning Station,Sectioning Station,Sectioning,,1,40476.04685498716,40478.04685498716,2.0
Senior Pathologists,Senior Pathologists,Reporting,,5,40470.70957177714,40479.205833463944,8.496261686806974
Histotechnicians,Histotechnicians,Sectioning,,11,40458.04685498716,40480.04685498716,22.0
Sectioning Station,Sectioning Station,Sectioning,,1,40478.04685498716,40480.04685498716,2.0
Senior Pathologists,Senior Pathologists,Reporting,,5,40467.64553381304,40480.08215303134,12.43661921830062
Histotechnicians,Histotechnicians,Sectioning,,11,40460.04685498716,40482.04685498716,22.0
Sectioning Station,Sectioning Station,Sectioning,,1,40480.04685498716,40482.04685498716,2.0
Senior Pathologists,Senior Pathologists,Reporting,,5,40449.53592528915,40482.37591286578,32.8399875766263
Senior Pathologists,Senior Pathologists,Reporting,,5,40473.18340848756,40482.92056519587,9.737156708310067
Histotechnicians,Histotechnicians,Sectioning,,11,40473.18340848756,40484.04685498716,10.863446499599377
Sectioning Station,Sectioning Station,Sectioning,,1,40482.04685498716,40484.04685498716,2.0
Histotechnicians,Histotechnicians,Sectioning,,11,40473.18340848756,40486.04685498716,12.863446499599377
Sectioning Station,Sectioning Station,Sectioning,,1,40484.04685498716,40486.04685498716,2.0
Histotechnicians,Histotechnicians,Sectioning,,11,40473.18340848756,40488.04685498716,14.863446499599377
Sectioning Station,Sectioning Station,Sectioning,,1,40486.04685498716,40488.04685498716,2.0
Senior Pathologists,Senior Pathologists,Reporting,,5,40480.08215303134,40488.49192721846,8.40977418712282
Senior Pathologists,Senior Pathologists,Reporting,,5,40482.37591286578,40489.32479869551,6.9488858297336265
Senior Pathologists,Senior Pathologists,Reporting,,5,40479.205833463944,40489.351137463134,10.145303999190219
Histotechnicians,Histotechnicians,Sectioning,,11,40473.18340848756,40490.04685498716,16.863446499599377
Sectioning Station,Sectioning Station,Sectioning,,1,40488.04685498716,40490.04685498716,2.0
Senior Pathologists,Senior Pathologists,Reporting,,5,40475.96405627387,40490.81679143421,14.852735160340671
Histotechnicians,Histotechnicians,Sectioning,,11,40473.18340848756,40492.04685498716,18.863446499599377
Sectioning Station,Sectioning Station,Sectioning,,1,40490.04685498716,40492.04685498716,2.0
Histotechnicians,Histotechnicians,Sectioning,,11,40489.32479869551,40494.04685498716,4.722056291648187
Sectioning Station,Sectioning Station,Sectioning,,1,40492.04685498716,40494.04685498716,2.0
Histotechnicians,Histotechnicians,Sectioning,,11,40489.32479869551,40496.04685498716,6.722056291648187
Sectioning Station,Sectioning Station,Sectioning,,1,40494.04685498716,40496.04685498716,2.0
Histotechnicians,Histotechnicians,Sectioning,,11,40489.32479869551,40498.04685498716,8.722056291648187
Sectioning Station,Sectioning Station,Sectioning,,1,40496.04685498716,40498.04685498716,2.0
Histotechnicians,Histotechnicians,Sectioning,,11,40489.32479869551,40500.04685498716,10.722056291648187
Sectioning Station,Sectioning Station,Sectioning,,1,40498.04685498716,40500.04685498716,2.0
Histotechnicians,Histotechnicians,Sectioning,,11,40489.32479869551,40502.04685498716,12.722056291648187
Sectioning Station,Sectioning Station,Sectioning,,1,40500.04685498716,40502.04685498716,2.0
Histotechnicians,Histotechnicians,Staining,,11,40482.04685498716,40517.04685498716,35.0
Staining Station,Staining Station,Staining,,1,40482.04685498716,40517.04685498716,35.0
Tissue Processor,Tissue Processor,Tissue Processing,,1,39310.0,40630.0,1320.0
Histotechnicians,Histotechnicians,Embedding,,11,40630.0,40631.0,1.0
Embedding Station,Embedding Station,Embedding,,1,40630.0,40631.0,1.0
Histotechnicians,Histotechnicians,Embedding,,11,40630.0,40632.0,2.0
Embedding Station,Embedding Station,Embedding,,1,40631.0,40632.0,1.0
Histotechnicians,Histotechnicians,Embedding,,11,40630.0,40633.0,3.0
Embedding Station,Embedding Station,Embedding,,1,40632.0,40633.0,1.0
Histotechnicians,Histotechnicians,Embedding,,11,40630.0,40634.0,4.0
Embedding Station,Embedding Station,Embedding,,1,40633.0,40634.0,1.0
Histotechnicians,Histotechnicians,Embedding,,11,40630.0,40635.0,5.0
Embedding Station,Embedding Station,Embedding,,1,40634.0,40635.0,1.0
Histotechnicians,Histotechnicians,Embedding,,11,40630.0,40636.0,6.0
Embedding Station,Embedding Station,Embedding,,1,40635.0,40636.0,1.0
Histotechnicians,Histotechnicians,Embedding,,11,40630.0,40637.0,7.0
Embedding Station,Embedding Station,Embedding,,1,40636.0,40637.0,1.0
Histotechnicians,Histotechnicians,Embedding,,11,40630.0,40638.0,8.0
Embedding Station,Embedding Station,Embedding,,1,40637.0,40638.0,1.0
Histotechnicians,Histotechnicians,Embedding,,11,40630.0,40639.0,9.0
Embedding Station,Embedding Station,Embedding,,1,40638.0,40639.0,1.0
Histotechnicians,Histotechnicians,Embedding,,11,40630.0,40640.0,10.0
Embedding Station,Embedding Station,Embedding,,1,40639.0,40640.0,1.0
Histotechnicians,Histotechnicians,Embedding,,11,40630.0,40641.0,11.0
Embedding Station,Embedding Station,Embedding,,1,40640.0,40641.0,1.0
Histotechnicians,Histotechnicians,Embedding,,11,40631.0,40642.0,11.0
Embedding Station,Embedding Station,Embedding,,1,40641.0,40642.0,1.0
Histotechnicians,Histotechnicians,Embedding,,11,40632.0,40643.0,11.0
Embedding Station,Embedding Station,Embedding,,1,40642.0,40643.0,1.0
Histotechnicians,Histotechnicians,Embedding,,11,40633.0,40644.0,11.0
Embedding Station,Embedding Station,Embedding,,1,40643.0,40644.0,1.0
Histotechnicians,Histotechnicians,Embedding,,11,40634.0,40645.0,11.0
Embedding Station,Embedding Station,Embedding,,1,40644.0,40645.0,1.0
Histotechnicians,Histotechnicians,Embedding,,11,40635.0,40646.0,11.0
Embedding Station,Embedding Station,Embedding,,1,40645.0,40646.0,1.0
Histotechnicians,Histotechnicians,Embedding,,11,40636.0,40647.0,11.0
Embedding Station,Embedding Station,Embedding,,1,40646.0,40647.0,1.0
Histotechnicians,Histotechnicians,Embedding,,11,40637.0,40648.0,11.0
Embedding Station,Embedding Station,Embedding,,1,40647.0,40648.0,1.0
Histotechnicians,Histotechnicians,Embedding,,11,40638.0,40649.0,11.0
Embedding Station,Embedding Station,Embedding,,1,40648.0,40649.0,1.0
Histotechnicians,Histotechnicians,Embedding,,11,40639.0,40650.0,11.0
Embedding Station,Embedding Station,Embedding,,1,40649.0,40650.0,1.0
Histotechnicians,Histotechnicians,Embedding,,11,40640.0,40651.0,11.0
Embedding Station,Embedding Station,Embedding,,1,40650.0,40651.0,1.0
Histotechnicians,Histotechnicians,Embedding,,11,40641.0,40652.0,11.0
Embedding Station,Embedding Station,Embedding,,1,40651.0,40652.0,1.0
Histotechnicians,Histotechnicians,Embedding,,11,40642.0,40653.0,11.0
Embedding Station,Embedding Station,Embedding,,1,40652.0,40653.0,1.0
Histotechnicians,Histotechnicians,Embedding,,11,40643.0,40654.0,11.0
Embedding Station,Embedding Station,Embedding,,1,40653.0,40654.0,1.0
Histotechnicians,Histotechnicians,Embedding,,11,40644.0,40655.0,11.0
Embedding Station,Embedding Station,Embedding,,1,40654.0,40655.0,1.0
Histotechnicians,Histotechnicians,Embedding,,11,40645.0,40656.0,11.0
Embedding Station,Embedding Station,Embedding,,1,40655.0,40656.0,1.0
Histotechnicians,Histotechnicians,Embedding,,11,40646.0,40657.0,11.0
Embedding Station,Embedding Station,Embedding,,1,40656.0,40657.0,1.0
Histotechnicians,Histotechnicians,Embedding,,11,40647.0,40658.0,11.0
Embedding Station,Embedding Station,Embedding,,1,40657.0,40658.0,1.0
Histotechnicians,Histotechnicians,Embedding,,11,40648.0,40659.0,11.0
Embedding Station,Embedding Station,Embedding,,1,40658.0,40659.0,1.0
Histotechnicians,Histotechnicians,Embedding,,11,40649.0,40660.0,11.0
Embedding Station,Embedding Station,Embedding,,1,40659.0,40660.0,1.0
Histotechnicians,Histotechnicians,Embedding,,11,40650.0,40661.0,11.0
Embedding Station,Embedding Station,Embedding,,1,40660.0,40661.0,1.0
Histotechnicians,Histotechnicians,Embedding,,11,40651.0,40662.0,11.0
Embedding Station,Embedding Station,Embedding,,1,40661.0,40662.0,1.0
Histotechnicians,Histotechnicians,Embedding,,11,40652.0,40663.0,11.0
Embedding Station,Embedding Station,Embedding,,1,40662.0,40663.0,1.0
Histotechnicians,Histotechnicians,Embedding,,11,40653.0,40664.0,11.0
Embedding Station,Embedding Station,Embedding,,1,40663.0,40664.0,1.0
Histotechnicians,Histotechnicians,Embedding,,11,40654.0,40665.0,11.0
Embedding Station,Embedding Station,Embedding,,1,40664.0,40665.0,1.0
Histotechnicians,Histotechnicians,Embedding,,11,40655.0,40666.0,11.0
Embedding Station,Embedding Station,Embedding,,1,40665.0,40666.0,1.0
Histotechnicians,Histotechnicians,Embedding,,11,40656.0,40667.0,11.0
Embedding Station,Embedding Station,Embedding,,1,40666.0,40667.0,1.0
Histotechnicians,Histotechnicians,Embedding,,11,40657.0,40668.0,11.0
Embedding Station,Embedding Station,Embedding,,1,40667.0,40668.0,1.0
Histotechnicians,Histotechnicians,Embedding,,11,40658.0,40669.0,11.0
Embedding Station,Embedding Station,Embedding,,1,40668.0,40669.0,1.0
Histotechnicians,Histotechnicians,Embedding,,11,40659.0,40670.0,11.0
Embedding Station,Embedding Station,Embedding,,1,40669.0,40670.0,1.0
Histotechnicians,Histotechnicians,Embedding,,11,40660.0,40671.0,11.0
Embedding Station,Embedding Station,Embedding,,1,40670.0,40671.0,1.0
Histotechnicians,Histotechnicians,Embedding,,11,40661.0,40672.0,11.0
Embedding Station,Embedding Station,Embedding,,1,40671.0,40672.0,1.0
Histotechnicians,Histotechnicians,Embedding,,11,40662.0,40673.0,11.0
Embedding Station,Embedding Station,Embedding,,1,40672.0,40673.0,1.0
Histotechnicians,Histotechnicians,Embedding,,11,40663.0,40674.0,11.0
Embedding Station,Embedding Station,Embedding,,1,40673.0,40674.0,1.0
Histotechnicians,Histotechnicians,Embedding,,11,40664.0,40675.0,11.0
Embedding Station,Embedding Station,Embedding,,1,40674.0,40675.0,1.0
Histotechnicians,Histotechnicians,Embedding,,11,40665.0,40676.0,11.0
Embedding Station,Embedding Station,Embedding,,1,40675.0,40676.0,1.0
Histotechnicians,Histotechnicians,Embedding,,11,40666.0,40677.0,11.0
Embedding Station,Embedding Station,Embedding,,1,40676.0,40677.0,1.0
Histotechnicians,Histotechnicians,Embedding,,11,40667.0,40678.0,11.0
Embedding Station,Embedding Station,Embedding,,1,40677.0,40678.0,1.0
Histotechnicians,Histotechnicians,Embedding,,11,40668.0,40679.0,11.0
Embedding Station,Embedding Station,Embedding,,1,40678.0,40679.0,1.0
Histotechnicians,Histotechnicians,Embedding,,11,40669.0,40680.0,11.0
Embedding Station,Embedding Station,Embedding,,1,40679.0,40680.0,1.0
Histotechnicians,Histotechnicians,Embedding,,11,40670.0,40681.0,11.0
Embedding Station,Embedding Station,Embedding,,1,40680.0,40681.0,1.0
Histotechnicians,Histotechnicians,Embedding,,11,40671.0,40682.0,11.0
Embedding Station,Embedding Station,Embedding,,1,40681.0,40682.0,1.0
Histotechnicians,Histotechnicians,Embedding,,11,40672.0,40683.0,11.0
Embedding Station,Embedding Station,Embedding,,1,40682.0,40683.0,1.0
Histotechnicians,Histotechnicians,Embedding,,11,40673.0,40684.0,11.0
Embedding Station,Embedding Station,Embedding,,1,40683.0,40684.0,1.0
Histotechnicians,Histotechnicians,Embedding,,11,40674.0,40685.0,11.0
Embedding Station,Embedding Station,Embedding,,1,40684.0,40685.0,1.0
Histotechnicians,Histotechnicians,Embedding,,11,40675.0,40686.0,11.0
Embedding Station,Embedding Station,Embedding,,1,40685.0,40686.0,1.0
Histotechnicians,Histotechnicians,Embedding,,11,40676.0,40687.0,11.0
Embedding Station,Embedding Station,Embedding,,1,40686.0,40687.0,1.0
Histotechnicians,Histotechnicians,Embedding,,11,40677.0,40688.0,11.0
Embedding Station,Embedding Station,Embedding,,1,40687.0,40688.0,1.0
Histotechnicians,Histotechnicians,Embedding,,11,40678.0,40689.0,11.0
Embedding Station,Embedding Station,Embedding,,1,40688.0,40689.0,1.0
Histotechnicians,Histotechnicians,Embedding,,11,40679.0,40690.0,11.0
Embedding Station,Embedding Station,Embedding,,1,40689.0,40690.0,1.0
Histotechnicians,Histotechnicians,Embedding,,11,40680.0,40691.0,11.0
Embedding Station,Embedding Station,Embedding,,1,40690.0,40691.0,1.0
Histotechnicians,Histotechnicians,Embedding,,11,40681.0,40692.0,11.0
Embedding Station,Embedding Station,Embedding,,1,40691.0,40692.0,1.0
Histotechnicians,Histotechnicians,Embedding,,11,40682.0,40693.0,11.0
Embedding Station,Embedding Station,Embedding,,1,40692.0,40693.0,1.0
Histotechnicians,Histotechnicians,Embedding,,11,40683.0,40694.0,11.0
Embedding Station,Embedding Station,Embedding,,1,40693.0,40694.0,1.0
Histotechnicians,Histotechnicians,Embedding,,11,40684.0,40695.0,11.0
Embedding Station,Embedding Station,Embedding,,1,40694.0,40695.0,1.0
Histotechnicians,Histotechnicians,Embedding,,11,40685.0,40696.0,11.0
Embedding Station,Embedding Station,Embedding,,1,40695.0,40696.0,1.0
Histotechnicians,Histotechnicians,Embedding,,11,40686.0,40697.0,11.0
Embedding Station,Embedding Station,Embedding,,1,40696.0,40697.0,1.0
Histotechnicians,Histotechnicians,Embedding,,11,40687.0,40698.0,11.0
Embedding Station,Embedding Station,Embedding,,1,40697.0,40698.0,1.0
Histotechnicians,Histotechnicians,Embedding,,11,40688.0,40699.0,11.0
Embedding Station,Embedding Station,Embedding,,1,40698.0,40699.0,1.0
Histotechnicians,Histotechnicians,Embedding,,11,40689.0,40700.0,11.0
Embedding Station,Embedding Station,Embedding,,1,40699.0,40700.0,1.0
Histotechnicians,Histotechnicians,Embedding,,11,40690.0,40701.0,11.0
Embedding Station,Embedding Station,Embedding,,1,40700.0,40701.0,1.0
Histotechnicians,Histotechnicians,Embedding,,11,40691.0,40702.0,11.0
Embedding Station,Embedding Station,Embedding,,1,40701.0,40702.0,1.0
Histotechnicians,Histotechnicians,Embedding,,11,40692.0,40703.0,11.0
Embedding Station,Embedding Station,Embedding,,1,40702.0,40703.0,1.0
Histotechnicians,Histotechnicians,Embedding,,11,40693.0,40704.0,11.0
Embedding Station,Embedding Station,Embedding,,1,40703.0,40704.0,1.0
Histotechnicians,Histotechnicians,Embedding,,11,40694.0,40705.0,11.0
Embedding Station,Embedding Station,Embedding,,1,40704.0,40705.0,1.0
Histotechnicians,Histotechnicians,Embedding,,11,40695.0,40706.0,11.0
Embedding Station,Embedding Station,Embedding,,1,40705.0,40706.0,1.0
Histotechnicians,Histotechnicians,Embedding,,11,40696.0,40707.0,11.0
Embedding Station,Embedding Station,Embedding,,1,40706.0,40707.0,1.0
Histotechnicians,Histotechnicians,Embedding,,11,40697.0,40708.0,11.0
Embedding Station,Embedding Station,Embedding,,1,40707.0,40708.0,1.0
Histotechnicians,Histotechnicians,Embedding,,11,40698.0,40709.0,11.0
Embedding Station,Embedding Station,Embedding,,1,40708.0,40709.0,1.0
Histotechnicians,Histotechnicians,Embedding,,11,40699.0,40710.0,11.0
Embedding Station,Embedding Station,Embedding,,1,40709.0,40710.0,1.0
Histotechnicians,Histotechnicians,Embedding,,11,40700.0,40711.0,11.0
Embedding Station,Embedding Station,Embedding,,1,40710.0,40711.0,1.0
Histotechnicians,Histotechnicians,Sectioning,,11,40710.0,40712.0,2.0
Sectioning Station,Sectioning Station,Sectioning,,1,40710.0,40712.0,2.0
Histotechnicians,Histotechnicians,Embedding,,11,40701.0,40712.0,11.0
Embedding Station,Embedding Station,Embedding,,1,40711.0,40712.0,1.0
Histotechnicians,Histotechnicians,Embedding,,11,40702.0,40713.0,11.0
Embedding Station,Embedding Station,Embedding,,1,40712.0,40713.0,1.0
Histotechnicians,Histotechnicians,Sectioning,,11,40711.0,40714.0,3.0
Sectioning Station,Sectioning Station,Sectioning,,1,40712.0,40714.0,2.0
Histotechnicians,Histotechnicians,Embedding,,11,40703.0,40714.0,11.0
Embedding Station,Embedding Station,Embedding,,1,40713.0,40714.0,1.0
Histotechnicians,Histotechnicians,Embedding,,11,40704.0,40715.0,11.0
Embedding Station,Embedding Station,Embedding,,1,40714.0,40715.0,1.0
Histotechnicians,Histotechnicians,Sectioning,,11,40712.0,40716.0,4.0
Sectioning Station,Sectioning Station,Sectioning,,1,40714.0,40716.0,2.0
Histotechnicians,Histotechnicians,Embedding,,11,40705.0,40716.0,11.0
Embedding Station,Embedding Station,Embedding,,1,40715.0,40716.0,1.0
Histotechnicians,Histotechnicians,Embedding,,11,40706.0,40717.0,11.0
Embedding Station,Embedding Station,Embedding,,1,40716.0,40717.0,1.0
Histotechnicians,Histotechnicians,Sectioning,,11,40712.0,40718.0,6.0
Sectioning Station,Sectioning Station,Sectioning,,1,40716.0,40718.0,2.0
Histotechnicians,Histotechnicians,Embedding,,11,40707.0,40718.0,11.0
Embedding Station,Embedding Station,Embedding,,1,40717.0,40718.0,1.0
Histotechnicians,Histotechnicians,Embedding,,11,40708.0,40719.0,11.0
Embedding Station,Embedding Station,Embedding,,1,40718.0,40719.0,1.0
Histotechnicians,Histotechnicians,Sectioning,,11,40713.0,40720.0,7.0
Sectioning Station,Sectioning Station,Sectioning,,1,40718.0,40720.0,2.0
Histotechnicians,Histotechnicians,Embedding,,11,40709.0,40720.0,11.0
Embedding Station,Embedding Station,Embedding,,1,40719.0,40720.0,1.0
Histotechnicians,Histotechnicians,Sectioning,,11,40714.0,40722.0,8.0
Sectioning Station,Sectioning Station,Sectioning,,1,40720.0,40722.0,2.0
Histotechnicians,Histotechnicians,Sectioning,,11,40714.0,40724.0,10.0
Sectioning Station,Sectioning Station,Sectioning,,1,40722.0,40724.0,2.0
Histotechnicians,Histotechnicians,Sectioning,,11,40715.0,40726.0,11.0
Sectioning Station,Sectioning Station,Sectioning,,1,40724.0,40726.0,2.0
Histotechnicians,Histotechnicians,Sectioning,,11,40716.0,40728.0,12.0
Sectioning Station,Sectioning Station,Sectioning,,1,40726.0,40728.0,2.0
Histotechnicians,Histotechnicians,Sectioning,,11,40716.0,40730.0,14.0
Sectioning Station,Sectioning Station,Sectioning,,1,40728.0,40730.0,2.0
Histotechnicians,Histotechnicians,Sectioning,,11,40717.0,40732.0,15.0
Sectioning Station,Sectioning Station,Sectioning,,1,40730.0,40732.0,2.0
Histotechnicians,Histotechnicians,Sectioning,,11,40718.0,40734.0,16.0
Sectioning Station,Sectioning Station,Sectioning,,1,40732.0,40734.0,2.0
Histotechnicians,Histotechnicians,Sectioning,,11,40718.0,40736.0,18.0
Sectioning Station,Sectioning Station,Sectioning,,1,40734.0,40736.0,2.0
Histotechnicians,Histotechnicians,Sectioning,,11,40719.0,40738.0,19.0
Sectioning Station,Sectioning Station,Sectioning,,1,40736.0,40738.0,2.0
Histotechnicians,Histotechnicians,Sectioning,,11,40720.0,40740.0,20.0
Sectioning Station,Sectioning Station,Sectioning,,1,40738.0,40740.0,2.0
Histotechnicians,Histotechnicians,Sectioning,,11,40720.0,40742.0,22.0
Sectioning Station,Sectioning Station,Sectioning,,1,40740.0,40742.0,2.0
Histotechnicians,Histotechnicians,Sectioning,,11,40722.0,40744.0,22.0
Sectioning Station,Sectioning Station,Sectioning,,1,40742.0,40744.0,2.0
Histotechnicians,Histotechnicians,Sectioning,,11,40724.0,40746.0,22.0
Sectioning Station,Sectioning Station,Sectioning,,1,40744.0,40746.0,2.0
Histotechnicians,Histotechnicians,Sectioning,,11,40726.0,40748.0,22.0
Sectioning Station,Sectioning Station,Sectioning,,1,40746.0,40748.0,2.0
Junior Pathologists,Junior Pathologists (grossing),Grossing,grossing,6,40740.0,40750.0,10.0
Grossing Station,Grossing Station,Grossing,,2,40740.0,40750.0,10.0
Junior Pathologists,Junior Pathologists (grossing),Grossing,grossing,6,40740.0,40750.0,10.0
Grossing Station,Grossing Station,Grossing,,2,40740.0,40750.0,10.0
Histotechnicians,Histotechnicians,Sectioning,,11,40728.0,40750.0,22.0
Sectioning Station,Sectioning Station,Sectioning,,1,40748.0,40750.0,2.0
Histotechnicians,Histotechnicians,Sectioning,,11,40730.0,40752.0,22.0
Sectioning Station,Sectioning Station,Sectioning,,1,40750.0,40752.0,2.0
Histotechnicians,Histotechnicians,Sectioning,,11,40732.0,40754.0,22.0
Sectioning Station,Sectioning Station,Sectioning,,1,40752.0,40754.0,2.0
Histotechnicians,Histotechnicians,Sectioning,,11,40734.0,40756.0,22.0
Sectioning Station,Sectioning Station,Sectioning,,1,40754.0,40756.0,2.0
Histotechnicians,Histotechnicians,Sectioning,,11,40736.0,40758.0,22.0
Sectioning Station,Sectioning Station,Sectioning,,1,40756.0,40758.0,2.0
Junior Pathologists,Junior Pathologists (grossing),Grossing,grossing,6,40747.629739625816,40760.0,12.370260374184
Grossing Station,Grossing Station,Grossing,,2,40750.0,40760.0,10.0
Histotechnicians,Histotechnicians,Sectioning,,11,40738.0,40760.0,22.0
Sectioning Station,Sectioning Station,Sectioning,,1,40758.0,40760.0,2.0
Histotechnicians,Histotechnicians,Sectioning,,11,40740.0,40762.0,22.0
Sectioning Station,Sectioning Station,Sectioning,,1,40760.0,40762.0,2.0
Histotechnicians,Histotechnicians,Sectioning,,11,40742.0,40764.0,22.0
Sectioning Station,Sectioning Station,Sectioning,,1,40762.0,40764.0,2.0
Histotechnicians,Histotechnicians,Sectioning,,11,40744.0,40766.0,22.0
Sectioning Station,Sectioning Station,Sectioning,,1,40764.0,40766.0,2.0
Histotechnicians,Histotechnicians,Sectioning,,11,40746.0,40768.0,22.0
Sectioning Station,Sectioning Station,Sectioning,,1,40766.0,40768.0,2.0
Histotechnicians,Histotechnicians,Sectioning,,11,40748.0,40770.0,22.0
Sectioning Station,Sectioning Station,Sectioning,,1,40768.0,40770.0,2.0
Histotechnicians,Histotechnicians,Sectioning,,11,40750.0,40772.0,22.0
Sectioning Station,Sectioning Station,Sectioning,,1,40770.0,40772.0,2.0
Histotechnicians,Histotechnicians,Sectioning,,11,40752.0,40774.0,22.0
Sectioning Station,Sectioning Station,Sectioning,,1,40772.0,40774.0,2.0
Histotechnicians,Histotechnicians,Sectioning,,11,40754.0,40776.0,22.0
Sectioning Station,Sectioning Station,Sectioning,,1,40774.0,40776.0,2.0
Histotechnicians,Histotechnicians,Sectioning,,11,40756.0,40778.0,22.0
Sectioning Station,Sectioning Station,Sectioning,,1,40776.0,40778.0,2.0
Histotechnicians,Histotechnicians,Sectioning,,11,40758.0,40780.0,22.0
Sectioning Station,Sectioning Station,Sectioning,,1,40778.0,40780.0,2.0
Histotechnicians,Histotechnicians,Sectioning,,11,40760.0,40782.0,22.0
Sectioning Station,Sectioning Station,Sectioning,,1,40780.0,40782.0,2.0
Histotechnicians,Histotechnicians,Sectioning,,11,40762.0,40784.0,22.0
Sectioning Station,Sectioning Station,Sectioning,,1,40782.0,40784.0,2.0
Histotechnicians,Histotechnicians,Sectioning,,11,40764.0,40786.0,22.0
Sectioning Station,Sectioning Station,Sectioning,,1,40784.0,40786.0,2.0
Histotechnicians,Histotechnicians,Sectioning,,11,40766.0,40788.0,22.0
Sectioning Station,Sectioning Station,Sectioning,,1,40786.0,40788.0,2.0
Histotechnicians,Histotechnicians,Sectioning,,11,40768.0,40790.0,22.0
Sectioning Station,Sectioning Station,Sectioning,,1,40788.0,40790.0,2.0
Histotechnicians,Histotechnicians,Sectioning,,11,40770.0,40792.0,22.0
Sectioning Station,Sectioning Station,Sectioning,,1,40790.0,40792.0,2.0
Histotechnicians,Histotechnicians,Sectioning,,11,40772.0,40794.0,22.0
Sectioning Station,Sectioning Station,Sectioning,,1,40792.0,40794.0,2.0
Histotechnicians,Histotechnicians,Sectioning,,11,40774.0,40796.0,22.0
Sectioning Station,Sectioning Station,Sectioning,,1,40794.0,40796.0,2.0
Histotechnicians,Histotechnicians,Sectioning,,11,40776.0,40798.0,22.0
Sectioning Station,Sectioning Station,Sectioning,,1,40796.0,40798.0,2.0
Histotechnicians,Histotechnicians,Sectioning,,11,40778.0,40800.0,22.0
Sectioning Station,Sectioning Station,Sectioning,,1,40798.0,40800.0,2.0
Histotechnicians,Histotechnicians,Sectioning,,11,40780.0,40802.0,22.0
Sectioning Station,Sectioning Station,Sectioning,,1,40800.0,40802.0,2.0
Histotechnicians,Histotechnicians,Sectioning,,11,40782.0,40804.0,22.0
Sectioning Station,Sectioning Station,Sectioning,,1,40802.0,40804.0,2.0
Histotechnicians,Histotechnicians,Sectioning,,11,40784.0,40806.0,22.0
Sectioning Station,Sectioning Station,Sectioning,,1,40804.0,40806.0,2.0
Histotechnicians,Histotechnicians,Sectioning,,11,40786.0,40808.0,22.0
Sectioning Station,Sectioning Station,Sectioning,,1,40806.0,40808.0,2.0
Histotechnicians,Histotechnicians,Sectioning,,11,40788.0,40810.0,22.0
Sectioning Station,Sectioning Station,Sectioning,,1,40808.0,40810.0,2.0
Histotechnicians,Histotechnicians,Sectioning,,11,40790.0,40812.0,22.0
Sectioning Station,Sectioning Station,Sectioning,,1,40810.0,40812.0,2.0
Histotechnicians,Histotechnicians,Sectioning,,11,40792.0,40814.0,22.0
Sectioning Station,Sectioning Station,Sectioning,,1,40812.0,40814.0,2.0
Histotechnicians,Histotechnicians,Sectioning,,11,40794.0,40816.0,22.0
Sectioning Station,Sectioning Station,Sectioning,,1,40814.0,40816.0,2.0
Histotechnicians,Histotechnicians,Sectioning,,11,40796.0,40818.0,22.0
Sectioning Station,Sectioning Station,Sectioning,,1,40816.0,40818.0,2.0
Histotechnicians,Histotechnicians,Sectioning,,11,40798.0,40820.0,22.0
Sectioning Station,Sectioning Station,Sectioning,,1,40818.0,40820.0,2.0
Histotechnicians,Histotechnicians,Sectioning,,11,40800.0,40822.0,22.0
Sectioning Station,Sectioning Station,Sectioning,,1,40820.0,40822.0,2.0
Histotechnicians,Histotechnicians,Sectioning,,11,40802.0,40824.0,22.0
Sectioning Station,Sectioning Station,Sectioning,,1,40822.0,40824.0,2.0
Histotechnicians,Histotechnicians,Sectioning,,11,40804.0,40826.0,22.0
Sectioning Station,Sectioning Station,Sectioning,,1,40824.0,40826.0,2.0
Histotechnicians,Histotechnicians,Sectioning,,11,40806.0,40828.0,22.0
Sectioning Station,Sectioning Station,Sectioning,,1,40826.0,40828.0,2.0
Histotechnicians,Histotechnicians,Sectioning,,11,40808.0,40830.0,22.0
Sectioning Station,Sectioning Station,Sectioning,,1,40828.0,40830.0,2.0
Histotechnicians,Histotechnicians,Sectioning,,11,40810.0,40832.0,22.0
Sectioning Station,Sectioning Station,Sectioning,,1,40830.0,40832.0,2.0
Histotechnicians,Histotechnicians,Sectioning,,11,40812.0,40834.0,22.0
Sectioning Station,Sectioning Station,Sectioning,,1,40832.0,40834.0,2.0
Histotechnicians,Histotechnicians,Sectioning,,11,40814.0,40836.0,22.0
Sectioning Station,Sectioning Station,Sectioning,,1,40834.0,40836.0,2.0
Histotechnicians,Histotechnicians,Sectioning,,11,40816.0,40838.0,22.0
Sectioning Station,Sectioning Station,Sectioning,,1,40836.0,40838.0,2.0
Histotechnicians,Histotechnicians,Sectioning,,11,40818.0,40840.0,22.0
Sectioning Station,Sectioning Station,Sectioning,,1,40838.0,40840.0,2.0
Histotechnicians,Histotechnicians,Sectioning,,11,40820.0,40842.0,22.0
Sectioning Station,Sectioning Station,Sectioning,,1,40840.0,40842.0,2.0
Histotechnicians,Histotechnicians,Sectioning,,11,40822.0,40844.0,22.0
Sectioning Station,Sectioning Station,Sectioning,,1,40842.0,40844.0,2.0
Histotechnicians,Histotechnicians,Sectioning,,11,40824.0,40846.0,22.0
Sectioning Station,Sectioning Station,Sectioning,,1,40844.0,40846.0,2.0
Histotechnicians,Histotechnicians,Sectioning,,11,40826.0,40848.0,22.0
Sectioning Station,Sectioning Station,Sectioning,,1,40846.0,40848.0,2.0
Histotechnicians,Histotechnicians,Sectioning,,11,40828.0,40850.0,22.0
Sectioning Station,Sectioning Station,Sectioning,,1,40848.0,40850.0,2.0
Histotechnicians,Histotechnicians,Sectioning,,11,40830.0,40852.0,22.0
Sectioning Station,Sectioning Station,Sectioning,,1,40850.0,40852.0,2.0
Histotechnicians,Histotechnicians,Sectioning,,11,40832.0,40854.0,22.0
Sectioning Station,Sectioning Station,Sectioning,,1,40852.0,40854.0,2.0
Histotechnicians,Histotechnicians,Sectioning,,11,40834.0,40856.0,22.0
Sectioning Station,Sectioning Station,Sectioning,,1,40854.0,40856.0,2.0
Histotechnicians,Histotechnicians,Sectioning,,11,40836.0,40858.0,22.0
Sectioning Station,Sectioning Station,Sectioning,,1,40856.0,40858.0,2.0
Histotechnicians,Histotechnicians,Sectioning,,11,40838.0,40860.0,22.0
Sectioning Station,Sectioning Station,Sectioning,,1,40858.0,40860.0,2.0
Histotechnicians,Histotechnicians,Sectioning,,11,40840.0,40862.0,22.0
Sectioning Station,Sectioning Station,Sectioning,,1,40860.0,40862.0,2.0
Histotechnicians,Histotechnicians,Sectioning,,11,40842.0,40864.0,22.0
Sectioning Station,Sectioning Station,Sectioning,,1,40862.0,40864.0,2.0
Histotechnicians,Histotechnicians,Sectioning,,11,40844.0,40866.0,22.0
Sectioning Station,Sectioning Station,Sectioning,,1,40864.0,40866.0,2.0
Histotechnicians,Histotechnicians,Sectioning,,11,40846.0,40868.0,22.0
Sectioning Station,Sectioning Station,Sectioning,,1,40866.0,40868.0,2.0
Histotechnicians,Histotechnicians,Sectioning,,11,40848.0,40870.0,22.0
Sectioning Station,Sectioning Station,Sectioning,,1,40868.0,40870.0,2.0
Histotechnicians,Histotechnicians,Sectioning,,11,40850.0,40872.0,22.0
Sectioning Station,Sectioning Station,Sectioning,,1,40870.0,40872.0,2.0
Histotechnicians,Histotechnicians,Sectioning,,11,40852.0,40874.0,22.0
Sectioning Station,Sectioning Station,Sectioning,,1,40872.0,40874.0,2.0
Histotechnicians,Histotechnicians,Sectioning,,11,40854.0,40876.0,22.0
Sectioning Station,Sectioning Station,Sectioning,,1,40874.0,40876.0,2.0
Histotechnicians,Histotechnicians,Sectioning,,11,40856.0,40878.0,22.0
Sectioning Station,Sectioning Station,Sectioning,,1,40876.0,40878.0,2.0
Histotechnicians,Histotechnicians,Sectioning,,11,40858.0,40880.0,22.0
Sectioning Station,Sectioning Station,Sectioning,,1,40878.0,40880.0,2.0
Junior Pathologists,Junior Pathologists (screening),slide screening,screening,6,40860.00000000383,40880.826920915344,20.826920911516936
Junior Pathologists,Junior Pathologists (screening),slide screening,screening,6,40860.00000000383,40881.756454276336,21.756454272508563
Junior Pathologists,Junior Pathologists (screening),slide screening,screening,6,40860.00000000383,40883.511298832156,23.511298828329018
Junior Pathologists,Junior Pathologists (screening),slide screening,screening,6,40860.00000000383,40883.98233504489,23.982335041066108
Junior Pathologists,Junior Pathologists (screening),slide screening,screening,6,40860.00000000383,40884.45659372471,24.456593720882665
Histotechnicians,Histotechnicians,Sectioning,,11,41820.0,41822.0,2.0
Sectioning Station,Sectioning Station,Sectioning,,1,41820.0,41822.0,2.0
Histotechnicians,Histotechnicians,Sectioning,,11,41820.0,41824.0,4.0
Sectioning Station,Sectioning Station,Sectioning,,1,41822.0,41824.0,2.0
Histotechnicians,Histotechnicians,Sectioning,,11,41820.0,41826.0,6.0
Sectioning Station,Sectioning Station,Sectioning,,1,41824.0,41826.0,2.0
Histotechnicians,Histotechnicians,Sectioning,,11,41820.0,41828.0,8.0
Sectioning Station,Sectioning Station,Sectioning,,1,41826.0,41828.0,2.0
Histotechnicians,Histotechnicians,Sectioning,,11,41820.0,41830.0,10.0
Sectioning Station,Sectioning Station,Sectioning,,1,41828.0,41830.0,2.0
Junior Pathologists,Junior Pathologists (grossing),Grossing,grossing,6,41820.00000000027,41830.00000000027,10.0
Grossing Station,Grossing Station,Grossing,,2,41820.00000000027,41830.00000000027,10.0
Junior Pathologists,Junior Pathologists (grossing),Grossing,grossing,6,41820.00000000148,41830.00000000148,10.0
Grossing Station,Grossing Station,Grossing,,2,41820.00000000148,41830.00000000148,10.0
Junior Pathologists,Junior Pathologists (grossing),Grossing,grossing,6,41820.00000000204,41840.00000000027,19.999999998231942
Grossing Station,Grossing Station,Grossing,,2,41830.00000000027,41840.00000000027,10.0
Junior Pathologists,Junior Pathologists (grossing),Grossing,grossing,6,41820.00000000423,41840.00000000148,19.999999997249688
Grossing Station,Grossing Station,Grossing,,2,41830.00000000148,41840.00000000148,10.0
Junior Pathologists,Junior Pathologists (grossing),Grossing,grossing,6,41820.00000000617,41850.00000000027,29.9999999940992
Grossing Station,Grossing Station,Grossing,,2,41840.00000000027,41850.00000000027,10.0
Junior Pathologists,Junior Pathologists (grossing),Grossing,grossing,6,41820.00000000746,41850.00000000148,29.999999994019163
Grossing Station,Grossing Station,Grossing,,2,41840.00000000148,41850.00000000148,10.0
Histotechnicians,Histotechnicians,Staining,,11,41820.0,41855.0,35.0
Staining Station,Staining Station,Staining,,1,41820.0,41855.0,35.0
Junior Pathologists,Junior Pathologists (grossing),Grossing,grossing,6,41830.00000000027,41860.00000000027,30.0
Grossing Station,Grossing Station,Grossing,,2,41850.00000000027,41860.00000000027,10.0
Senior Pathologists,Senior Pathologists,Reporting,,5,41880.0,41887.364039641754,7.3640396417540614
Senior Pathologists,Senior Pathologists,Reporting,,5,41880.0,41889.38907866715,9.38907866714726
Senior Pathologists,Senior Pathologists,Reporting,,5,41880.0,41889.521935484016,9.521935484015557
Histotechnicians,Histotechnicians,Staining,,11,41820.0,41890.0,70.0
Staining Station,Staining Station,Staining,,1,41855.0,41890.0,35.0
Senior Pathologists,Senior Pathologists,Reporting,,5,41880.0,41890.72540620462,10.725406204619503
Senior Pathologists,Senior Pathologists,Reporting,,5,41880.0,41891.672564697685,11.67256469768472
Histotechnicians,Histotechnicians,Sectioning,,11,41890.72540620462,41892.72540620462,2.0
Sectioning Station,Sectioning Station,Sectioning,,1,41890.72540620462,41892.72540620462,2.0
Histotechnicians,Histotechnicians,Sectioning,,11,41890.72540620462,41894.72540620462,4.0
Sectioning Station,Sectioning Station,Sectioning,,1,41892.72540620462,41894.72540620462,2.0
Histotechnicians,Histotechnicians,Sectioning,,11,41890.72540620462,41896.72540620462,6.0
Sectioning Station,Sectioning Station,Sectioning,,1,41894.72540620462,41896.72540620462,2.0
Histotechnicians,Histotechnicians,Sectioning,,11,41890.72540620462,41898.72540620462,8.0
Sectioning Station,Sectioning Station,Sectioning,,1,41896.72540620462,41898.72540620462,2.0
Histotechnicians,Histotechnicians,Sectioning,,11,41890.72540620462,41900.72540620462,10.0
Sectioning Station,Sectioning Station,Sectioning,,1,41898.72540620462,41900.72540620462,2.0
Histotechnicians,Histotechnicians,Sectioning,,11,41891.672564697685,41902.72540620462,11.052841506934783
Sectioning Station,Sectioning Station,Sectioning,,1,41900.72540620462,41902.72540620462,2.0
Histotechnicians,Histotechnicians,Sectioning,,11,41891.672564697685,41904.72540620462,13.052841506934783
Sectioning Station,Sectioning Station,Sectioning,,1,41902.72540620462,41904.72540620462,2.0
Histotechnicians,Histotechnicians,Sectioning,,11,41891.672564697685,41906.72540620462,15.052841506934783
Sectioning Station,Sectioning Station,Sectioning,,1,41904.72540620462,41906.72540620462,2.0
Histotechnicians,Histotechnicians,Sectioning,,11,41891.672564697685,41908.72540620462,17.052841506934783
Sectioning Station,Sectioning Station,Sectioning,,1,41906.72540620462,41908.72540620462,2.0
Histotechnicians,Histotechnicians,Sectioning,,11,41892.72540620462,41910.72540620462,18.0
Sectioning Station,Sectioning Station,Sectioning,,1,41908.72540620462,41910.72540620462,2.0
Histotechnicians,Histotechnicians,Staining,,11,41820.0,41925.0,105.0
Staining Station,Staining Station,Staining,,1,41890.0,41925.0,35.0
Histotechnicians,Histotechnicians,Staining,,11,41830.0,41960.0,130.0
Staining Station,Staining Station,Staining,,1,41925.0,41960.0,35.0
Junior Pathologists,Junior Pathologists (screening),slide screening,screening,6,42060.0,42073.21941755908,13.219417559077556
Junior Pathologists,Junior Pathologists (screening),slide screening,screening,6,42060.0,42075.51834368658,15.518343686577282
Junior Pathologists,Junior Pathologists (screening),slide screening,screening,6,42060.0,42076.243706887835,16.243706887835287
Junior Pathologists,Junior Pathologists (screening),slide screening,screening,6,42060.0,42076.993215563576,16.993215563576086
Junior Pathologists,Junior Pathologists (screening),slide screening,screening,6,42060.0,42077.492123942546,17.49212394254573
Junior Pathologists,Junior Pathologists (screening),slide screening,screening,6,42060.0,42085.75566127181,25.755661271810823
Junior Pathologists,Junior Pathologists (screening),slide screening,screening,6,42076.243706887835,42090.15105228348,13.90734539564437
Junior Pathologists,Junior Pathologists (screening),slide screening,screening,6,42075.51834368658,42090.83789277085,15.319549084269966
Junior Pathologists,Junior Pathologists (screening),slide screening,screening,6,42076.993215563576,42095.61258106771,18.619365504135203
Junior Pathologists,Junior Pathologists (screening),slide screening,screening,6,42073.21941755908,42096.13900363367,22.91958607458946
Junior Pathologists,Junior Pathologists (screening),slide screening,screening,6,42077.492123942546,42098.66171863665,21.16959469410358
Junior Pathologists,Junior Pathologists (screening),slide screening,screening,6,42085.75566127181,42106.074226552824,20.318565281013434
Junior Pathologists,Junior Pathologists (screening),slide screening,screening,6,42096.13900363367,42109.592129137534,13.45312550386734
Junior Pathologists,Junior Pathologists (screening),slide screening,screening,6,42090.83789277085,42110.18013358463,19.342240813784883
Junior Pathologists,Junior Pathologists (screening),slide screening,screening,6,42090.15105228348,42114.51896693571,24.367914652233594
Junior Pathologists,Junior Pathologists (screening),slide screening,screening,6,42098.66171863665,42121.523583677365,22.8618650407152
Junior Pathologists,Junior Pathologists (screening),slide screening,screening,6,42110.18013358463,42124.74559673431,14.56546314968
Junior Pathologists,Junior Pathologists (screening),slide screening,screening,6,42095.61258106771,42126.79963197532,31.187050907610683
Junior Pathologists,Junior Pathologists (screening),slide screening,screening,6,42106.074226552824,42128.26663961495,22.192413062126434
Junior Pathologists,Junior Pathologists (screening),slide screening,screening,6,42109.592129137534,42133.45894022377,23.86681108623452
Junior Pathologists,Junior Pathologists (screening),slide screening,screening,6,42114.51896693571,42134.13130587236,19.612338936647575
Junior Pathologists,Junior Pathologists (screening),slide screening,screening,6,42124.74559673431,42136.03437329707,11.288776562760177
Junior Pathologists,Junior Pathologists (screening),slide screening,screening,6,42121.523583677365,42143.20781231519,21.684228637823253
Junior Pathologists,Junior Pathologists (screening),slide screening,screening,6,42126.79963197532,42151.34419617788,24.54456420255883
Junior Pathologists,Junior Pathologists (screening),slide screening,screening,6,42128.26663961495,42152.27861847765,24.011978862698015
