Slide ID,Patient ID,Tracking ID,Original Slide ID,Restain Attempt,Restain Reason,Fixation Queue,Fixation Start,Fixation End,Grossing Queue,Grossing Start,Grossing End,Tissue Processing Queue,Tissue Processing Start,Tissue Processing End,Embedding Queue,Embedding Start,Embedding End,Sectioning Queue,Sectioning Start,Sectioning End,Staining Queue,Staining Start,Staining End
Cerv-000001-S1,Cerv-000001,Cerv-000001,Cerv-000001-S1,0,,2026-05-01 09:00,2026-05-01 09:00,2026-05-01 15:00,2026-05-01 15:00,2026-05-01 15:00,2026-05-01 15:10,2026-05-01 15:10,2026-05-09 09:30,2026-05-10 07:30,2026-05-10 07:30,2026-05-10 09:00,2026-05-10 09:01,2026-05-10 09:01,2026-05-10 10:20,2026-05-10 10:22,2026-05-10 10:22,2026-05-11 09:00,2026-05-11 09:35
NonCerv-000001-S1,NonCerv-000001,NonCerv-000001,NonCerv-000001-S1,0,,2026-05-01 09:00,2026-05-01 09:00,2026-05-01 15:00,2026-05-01 15:00,2026-05-01 15:00,2026-05-01 15:10,2026-05-01 15:10,2026-05-09 09:30,2026-05-10 07:30,2026-05-10 07:30,2026-05-10 09:01,2026-05-10 09:02,2026-05-10 09:02,2026-05-10 10:22,2026-05-10 10:24,2026-05-10 10:24,2026-05-11 09:00,2026-05-11 09:35
NonCerv-000002-S1,NonCerv-000002,NonCerv-000002,NonCerv-000002-S1,0,,2026-05-01 09:38,2026-05-01 09:38,2026-05-01 15:38,2026-05-01 15:38,2026-05-01 15:38,2026-05-01 15:48,2026-05-01 15:48,2026-05-09 09:30,2026-05-10 07:30,2026-05-10 07:30,2026-05-10 09:02,2026-05-10 09:03,2026-05-10 09:03,2026-05-10 10:24,2026-05-10 10:26,2026-05-10 10:26,2026-05-11 09:00,2026-05-11 09:35
NonCerv-000003-S1,NonCerv-000003,NonCerv-000003,NonCerv-000003-S1,0,,2026-05-01 10:12,2026-05-01 10:12,2026-05-01 16:12,2026-05-01 16:12,2026-05-01 16:12,2026-05-01 16:22,2026-05-01 16:22,2026-05-09 09:30,2026-05-10 07:30,2026-05-10 07:30,2026-05-10 09:03,2026-05-10 09:04,2026-05-10 09:04,2026-05-10 10:26,2026-05-10 10:28,2026-05-10 10:28,2026-05-11 09:00,2026-05-11 09:35
NonCerv-000011-S1,NonCerv-000011,NonCerv-000011,NonCerv-000011-S1,0,,2026-05-01 16:51,2026-05-01 16:51,2026-05-01 22:51,2026-05-01 22:51,2026-05-02 09:00,2026-05-02 09:10,2026-05-02 09:10,2026-05-09 09:30,2026-05-10 07:30,2026-05-10 07:30,2026-05-10 09:04,2026-05-10 09:05,2026-05-10 09:05,2026-05-10 10:28,2026-05-10 10:30,2026-05-10 10:30,2026-05-11 09:00,2026-05-11 09:35
NonCerv-000006-S1,NonCerv-000006,NonCerv-000006,NonCerv-000006-S1,0,,2026-05-01 12:50,2026-05-01 12:50,2026-05-01 18:50,2026-05-01 18:50,2026-05-02 09:00,2026-05-02 09:10,2026-05-02 09:10,2026-05-09 09:30,2026-05-10 07:30,2026-05-10 07:30,2026-05-10 09:05,2026-05-10 09:06,2026-05-10 09:06,2026-05-10 10:30,2026-05-10 10:32,2026-05-10 10:32,2026-05-11 09:00,2026-05-11 09:35
NonCerv-000008-S1,NonCerv-000008,NonCerv-000008,NonCerv-000008-S1,0,,2026-05-01 14:07,2026-05-01 14:07,2026-05-01 20:07,2026-05-01 20:07,2026-05-02 09:10,2026-05-02 09:20,2026-05-02 09:20,2026-05-09 09:30,2026-05-10 07:30,2026-05-10 07:30,2026-05-10 09:06,2026-05-10 09:07,2026-05-10 09:07,2026-05-10 10:32,2026-05-10 10:34,2026-05-10 10:34,2026-05-11 09:00,2026-05-11 09:35
NonCerv-000004-S1,NonCerv-000004,NonCerv-000004,NonCerv-000004-S1,0,,2026-05-01 11:24,2026-05-01 11:24,2026-05-01 17:24,2026-05-01 17:24,2026-05-02 09:10,2026-05-02 09:20,2026-05-02 09:20,2026-05-09 09:30,2026-05-10 07:30,2026-05-10 07:30,2026-05-10 09:07,2026-05-10 09:08,2026-05-10 09:08,2026-05-10 10:34,2026-05-10 10:36,2026-05-10 10:36,2026-05-11 09:00,2026-05-11 09:35
NonCerv-000005-S1,NonCerv-000005,NonCerv-000005,NonCerv-000005-S1,0,,2026-05-01 11:44,2026-05-01 11:44,2026-05-01 17:44,2026-05-01 17:44,2026-05-02 09:20,2026-05-02 09:30,2026-05-02 09:30,2026-05-09 09:30,2026-05-10 07:30,2026-05-10 07:30,2026-05-10 09:08,2026-05-10 09:09,2026-05-10 09:09,2026-05-10 10:36,2026-05-10 10:38,2026-05-10 10:38,2026-05-11 09:00,2026-05-11 09:35
NonCerv-000009-S1,NonCerv-000009,NonCerv-000009,NonCerv-000009-S1,0,,2026-05-01 14:31,2026-05-01 14:31,2026-05-01 20:31,2026-05-01 20:31,2026-05-02 09:20,2026-05-02 09:30,2026-05-02 09:30,2026-05-09 09:30,2026-05-10 07:30,2026-05-10 07:30,2026-05-10 09:09,2026-05-10 09:10,2026-05-10 09:10,2026-05-10 10:38,2026-05-10 10:40,2026-05-10 10:40,2026-05-11 09:00,2026-05-11 09:35
Cerv-000002-S1,Cerv-000002,Cerv-000002,Cerv-000002-S1,0,,2026-05-01 15:22,2026-05-01 15:22,2026-05-01 21:22,2026-05-01 21:22,2026-05-02 09:30,2026-05-02 09:40,2026-05-02 09:40,2026-05-09 09:30,2026-05-10 07:30,2026-05-10 07:30,2026-05-10 09:10,2026-05-10 09:11,2026-05-10 09:11,2026-05-10 10:40,2026-05-10 10:42,2026-05-10 10:42,2026-05-11 09:00,2026-05-11 09:35
NonCerv-000007-S1,NonCerv-000007,NonCerv-000007,NonCerv-000007-S1,0,,2026-05-01 13:57,2026-05-01 13:57,2026-05-01 19:57,2026-05-01 19:57,2026-05-02 09:30,2026-05-02 09:40,2026-05-02 09:40,2026-05-09 09:30,2026-05-10 07:30,2026-05-10 07:30,2026-05-10 09:11,2026-05-10 09:12,2026-05-10 09:12,2026-05-10 10:42,2026-05-10 10:44,2026-05-10 10:44,2026-05-11 09:00,2026-05-11 09:35
NonCerv-000010-S1,NonCerv-000010,NonCerv-000010,NonCerv-000010-S1,0,,2026-05-01 15:13,2026-05-01 15:13,2026-05-01 21:13,2026-05-01 21:13,2026-05-02 09:40,2026-05-02 09:50,2026-05-02 09:50,2026-05-09 09:30,2026-05-10 07:30,2026-05-10 07:30,2026-05-10 09:12,2026-05-10 09:13,2026-05-10 09:13,2026-05-10 10:44,2026-05-10 10:46,2026-05-10 10:46,2026-05-11 09:00,2026-05-11 09:35
NonCerv-000017-S1,NonCerv-000017,NonCerv-000017,NonCerv-000017-S1,0,,2026-05-03 11:19,2026-05-03 11:19,2026-05-03 17:19,2026-05-03 17:19,2026-05-04 09:00,2026-05-04 09:10,2026-05-04 09:10,2026-05-09 09:30,2026-05-10 07:30,2026-05-10 07:30,2026-05-10 09:13,2026-05-10 09:14,2026-05-10 09:14,2026-05-10 10:46,2026-05-10 10:48,2026-05-10 10:48,2026-05-11 09:00,2026-05-11 09:35
Cerv-000004-S1,Cerv-000004,Cerv-000004,Cerv-000004-S1,0,,2026-05-02 14:32,2026-05-02 14:32,2026-05-02 20:32,2026-05-02 20:32,2026-05-04 09:00,2026-05-04 09:10,2026-05-04 09:10,2026-05-09 09:30,2026-05-10 07:30,2026-05-10 07:30,2026-05-10 09:14,2026-05-10 09:15,2026-05-10 09:15,2026-05-10 10:48,2026-05-10 10:50,2026-05-10 10:50,2026-05-11 09:00,2026-05-11 09:35
Cerv-000005-S1,Cerv-000005,Cerv-000005,Cerv-000005-S1,0,,2026-05-02 16:49,2026-05-02 16:49,2026-05-02 22:49,2026-05-02 22:49,2026-05-04 09:10,2026-05-04 09:20,2026-05-04 09:20,2026-05-09 09:30,2026-05-10 07:30,2026-05-10 07:30,2026-05-10 09:15,2026-05-10 09:16,2026-05-10 09:16,2026-05-10 10:50,2026-05-10 10:52,2026-05-10 10:52,2026-05-11 09:00,2026-05-11 09:35
Cerv-000007-S1,Cerv-000007,Cerv-000007,Cerv-000007-S1,0,,2026-05-03 14:56,2026-05-03 14:56,2026-05-03 20:56,2026-05-03 20:56,2026-05-04 09:10,2026-05-04 09:20,2026-05-04 09:20,2026-05-09 09:30,2026-05-10 07:30,2026-05-10 07:30,2026-05-10 09:16,2026-05-10 09:17,2026-05-10 09:17,2026-05-10 10:52,2026-05-10 10:54,2026-05-10 10:54,2026-05-11 09:00,2026-05-11 09:35
NonCerv-000015-S1,NonCerv-000015,NonCerv-000015,NonCerv-000015-S1,0,,2026-05-02 13:59,2026-05-02 13:59,2026-05-02 19:59,2026-05-02 19:59,2026-05-04 09:20,2026-05-04 09:30,2026-05-04 09:30,2026-05-09 09:30,2026-05-10 07:30,2026-05-10 07:30,2026-05-10 09:17,2026-05-10 09:18,2026-05-10 09:18,2026-05-10 10:54,2026-05-10 10:56,2026-05-10 10:56,2026-05-11 09:00,2026-05-11 09:35
NonCerv-000014-S1,NonCerv-000014,NonCerv-000014,NonCerv-000014-S1,0,,2026-05-02 12:44,2026-05-02 12:44,2026-05-02 18:44,2026-05-02 18:44,2026-05-04 09:20,2026-05-04 09:30,2026-05-04 09:30,2026-05-09 09:30,2026-05-10 07:30,2026-05-10 07:30,2026-05-10 09:18,2026-05-10 09:19,2026-05-10 09:19,2026-05-10 10:56,2026-05-10 10:58,2026-05-10 10:58,2026-05-11 09:00,2026-05-11 09:35
Cerv-000003-S1,Cerv-000003,Cerv-000003,Cerv-000003-S1,0,,2026-05-02 09:00,2026-05-02 09:00,2026-05-02 15:00,2026-05-02 15:00,2026-05-04 09:30,2026-05-04 09:40,2026-05-04 09:40,2026-05-09 09:30,2026-05-10 07:30,2026-05-10 07:30,2026-05-10 09:19,2026-05-10 09:20,2026-05-10 09:20,2026-05-10 10:58,2026-05-10 11:00,2026-05-10 11:00,2026-05-11 09:00,2026-05-11 09:35
NonCerv-000012-S1,NonCerv-000012,NonCerv-000012,NonCerv-000012-S1,0,,2026-05-02 09:00,2026-05-02 09:00,2026-05-02 15:00,2026-05-02 15:00,2026-05-04 09:30,2026-05-04 09:40,2026-05-04 09:40,2026-05-09 09:30,2026-05-10 07:30,2026-05-10 07:30,2026-05-10 09:20,2026-05-10 09:21,2026-05-10 09:21,2026-05-10 11:00,2026-05-10 11:02,2026-05-10 11:02,2026-05-11 09:00,2026-05-11 09:35
NonCerv-000016-S1,NonCerv-000016,NonCerv-000016,NonCerv-000016-S1,0,,2026-05-03 09:00,2026-05-03 09:00,2026-05-03 15:00,2026-05-03 15:00,2026-05-04 09:40,2026-05-04 09:50,2026-05-04 09:50,2026-05-09 09:30,2026-05-10 07:30,2026-05-10 07:30,2026-05-10 09:21,2026-05-10 09:22,2026-05-10 09:22,2026-05-10 11:02,2026-05-10 11:04,2026-05-10 11:04,2026-05-11 09:00,2026-05-11 09:35
Cerv-000006-S1,Cerv-000006,Cerv-000006,Cerv-000006-S1,0,,2026-05-03 09:00,2026-05-03 09:00,2026-05-03 15:00,2026-05-03 15:00,2026-05-04 09:40,2026-05-04 09:50,2026-05-04 09:50,2026-05-09 09:30,2026-05-10 07:30,2026-05-10 07:30,2026-05-10 09:22,2026-05-10 09:23,2026-05-10 09:23,2026-05-10 11:04,2026-05-10 11:06,2026-05-10 11:06,2026-05-11 09:00,2026-05-11 09:35
NonCerv-000013-S1,NonCerv-000013,NonCerv-000013,NonCerv-000013-S1,0,,2026-05-02 10:20,2026-05-02 10:20,2026-05-02 16:20,2026-05-02 16:20,2026-05-04 09:50,2026-05-04 10:00,2026-05-04 10:00,2026-05-09 09:30,2026-05-10 07:30,2026-05-10 07:30,2026-05-10 09:23,2026-05-10 09:24,2026-05-10 09:24,2026-05-10 11:06,2026-05-10 11:08,2026-05-10 11:08,2026-05-11 09:00,2026-05-11 09:35
NonCerv-000018-S1,NonCerv-000018,NonCerv-000018,NonCerv-000018-S1,0,,2026-05-04 09:00,2026-05-04 09:00,2026-05-04 15:00,2026-05-04 15:00,2026-05-04 15:00,2026-05-04 15:10,2026-05-04 15:10,2026-05-09 09:30,2026-05-10 07:30,2026-05-10 07:30,2026-05-10 09:24,2026-05-10 09:25,2026-05-10 09:25,2026-05-10 11:08,2026-05-10 11:10,2026-05-10 11:10,2026-05-11 09:00,2026-05-11 09:35
Cerv-000008-S1,Cerv-000008,Cerv-000008,Cerv-000008-S1,0,,2026-05-04 09:00,2026-05-04 09:00,2026-05-04 15:00,2026-05-04 15:00,2026-05-04 15:00,2026-05-04 15:10,2026-05-04 15:10,2026-05-09 09:30,2026-05-10 07:30,2026-05-10 07:30,2026-05-10 09:25,2026-05-10 09:26,2026-05-10 09:26,2026-05-10 11:10,2026-05-10 11:12,2026-05-10 11:12,2026-05-11 09:35,2026-05-11 10:10
Cerv-000009-S1,Cerv-000009,Cerv-000009,Cerv-000009-S1,0,,2026-05-04 09:06,2026-05-04 09:06,2026-05-04 15:06,2026-05-04 15:06,2026-05-04 15:10,2026-05-04 15:20,2026-05-04 15:20,2026-05-09 09:30,2026-05-10 07:30,2026-05-10 07:30,2026-05-10 09:26,2026-05-10 09:27,2026-05-10 09:27,2026-05-10 11:12,2026-05-10 11:14,2026-05-10 11:14,2026-05-11 09:35,2026-05-11 10:10
NonCerv-000021-S1,NonCerv-000021,NonCerv-000021,NonCerv-000021-S1,0,,2026-05-04 13:19,2026-05-04 13:19,2026-05-04 19:19,2026-05-04 19:19,2026-05-05 09:00,2026-05-05 09:10,2026-05-05 09:10,2026-05-09 09:30,2026-05-10 07:30,2026-05-10 07:30,2026-05-10 09:27,2026-05-10 09:28,2026-05-10 09:28,2026-05-10 11:14,2026-05-10 11:16,2026-05-10 11:16,2026-05-11 09:35,2026-05-11 10:10
Cerv-000010-S1,Cerv-000010,Cerv-000010,Cerv-000010-S1,0,,2026-05-04 16:05,2026-05-04 16:05,2026-05-04 22:05,2026-05-04 22:05,2026-05-05 09:00,2026-05-05 09:10,2026-05-05 09:10,2026-05-09 09:30,2026-05-10 07:30,2026-05-10 07:30,2026-05-10 09:28,2026-05-10 09:29,2026-05-10 09:29,2026-05-10 11:16,2026-05-10 11:18,2026-05-10 11:18,2026-05-11 09:35,2026-05-11 10:10
NonCerv-000019-S1,NonCerv-000019,NonCerv-000019,NonCerv-000019-S1,0,,2026-05-04 11:51,2026-05-04 11:51,2026-05-04 17:51,2026-05-04 17:51,2026-05-05 09:10,2026-05-05 09:20,2026-05-05 09:20,2026-05-09 09:30,2026-05-10 07:30,2026-05-10 07:30,2026-05-10 09:29,2026-05-10 09:30,2026-05-10 09:30,2026-05-10 11:18,2026-05-10 11:20,2026-05-10 11:20,2026-05-11 09:35,2026-05-11 10:10
NonCerv-000023-S1,NonCerv-000023,NonCerv-000023,NonCerv-000023-S1,0,,2026-05-04 15:40,2026-05-04 15:40,2026-05-04 21:40,2026-05-04 21:40,2026-05-05 09:10,2026-05-05 09:20,2026-05-05 09:20,2026-05-09 09:30,2026-05-10 07:30,2026-05-10 07:30,2026-05-10 09:30,2026-05-10 09:31,2026-05-10 09:31,2026-05-10 11:20,2026-05-10 11:22,2026-05-10 11:22,2026-05-11 09:35,2026-05-11 10:10
NonCerv-000025-S1,NonCerv-000025,NonCerv-000025,NonCerv-000025-S1,0,,2026-05-04 16:45,2026-05-04 16:45,2026-05-04 22:45,2026-05-04 22:45,2026-05-05 09:20,2026-05-05 09:30,2026-05-05 09:30,2026-05-09 09:30,2026-05-10 07:30,2026-05-10 07:30,2026-05-10 09:31,2026-05-10 09:32,2026-05-10 09:32,2026-05-10 11:22,2026-05-10 11:24,2026-05-10 11:24,2026-05-11 09:35,2026-05-11 10:10
NonCerv-000020-S1,NonCerv-000020,NonCerv-000020,NonCerv-000020-S1,0,,2026-05-04 12:38,2026-05-04 12:38,2026-05-04 18:38,2026-05-04 18:38,2026-05-05 09:20,2026-05-05 09:30,2026-05-05 09:30,2026-05-09 09:30,2026-05-10 07:30,2026-05-10 07:30,2026-05-10 09:32,2026-05-10 09:33,2026-05-10 09:33,2026-05-10 11:24,2026-05-10 11:26,2026-05-10 11:26,2026-05-11 09:35,2026-05-11 10:10
NonCerv-000024-S1,NonCerv-000024,NonCerv-000024,NonCerv-000024-S1,0,,2026-05-04 16:31,2026-05-04 16:31,2026-05-04 22:31,2026-05-04 22:31,2026-05-05 09:30,2026-05-05 09:40,2026-05-05 09:40,2026-05-09 09:30,2026-05-10 07:30,2026-05-10 07:30,2026-05-10 09:33,2026-05-10 09:34,2026-05-10 09:34,2026-05-10 11:26,2026-05-10 11:28,2026-05-10 11:28,2026-05-11 09:35,2026-05-11 10:10
NonCerv-000022-S1,NonCerv-000022,NonCerv-000022,NonCerv-000022-S1,0,,2026-05-04 13:31,2026-05-04 13:31,2026-05-04 19:31,2026-05-04 19:31,2026-05-05 09:30,2026-05-05 09:40,2026-05-05 09:40,2026-05-09 09:30,2026-05-10 07:30,2026-05-10 07:30,2026-05-10 09:34,2026-05-10 09:35,2026-05-10 09:35,2026-05-10 11:28,2026-05-10 11:30,2026-05-10 11:30,2026-05-11 09:35,2026-05-11 10:10
Cerv-000011-S1,Cerv-000011,Cerv-000011,Cerv-000011-S1,0,,2026-05-05 09:00,2026-05-05 09:00,2026-05-05 15:00,2026-05-05 15:00,2026-05-05 15:00,2026-05-05 15:10,2026-05-05 15:10,2026-05-09 09:30,2026-05-10 07:30,2026-05-10 07:30,2026-05-10 09:35,2026-05-10 09:36,2026-05-10 09:36,2026-05-10 11:30,2026-05-10 11:32,2026-05-10 11:32,2026-05-11 09:35,2026-05-11 10:10
NonCerv-000026-S1,NonCerv-000026,NonCerv-000026,NonCerv-000026-S1,0,,2026-05-05 09:00,2026-05-05 09:00,2026-05-05 15:00,2026-05-05 15:00,2026-05-05 15:00,2026-05-05 15:10,2026-05-05 15:10,2026-05-09 09:30,2026-05-10 07:30,2026-05-10 07:30,2026-05-10 09:36,2026-05-10 09:37,2026-05-10 09:37,2026-05-10 11:32,2026-05-10 11:34,2026-05-10 11:34,2026-05-11 09:35,2026-05-11 10:10
NonCerv-000028-S1,NonCerv-000028,NonCerv-000028,NonCerv-000028-S1,0,,2026-05-05 10:43,2026-05-05 10:43,2026-05-05 16:43,2026-05-05 16:43,2026-05-05 16:43,2026-05-05 16:53,2026-05-05 16:53,2026-05-09 09:30,2026-05-10 07:30,2026-05-10 07:30,2026-05-10 09:37,2026-05-10 09:38,2026-05-10 09:38,2026-05-10 11:34,2026-05-10 11:36,2026-05-10 11:36,2026-05-11 09:35,2026-05-11 10:10
NonCerv-000030-S1,NonCerv-000030,NonCerv-000030,NonCerv-000030-S1,0,,2026-05-05 13:22,2026-05-05 13:22,2026-05-05 19:22,2026-05-05 19:22,2026-05-06 09:00,2026-05-06 09:10,2026-05-06 09:10,2026-05-09 09:30,2026-05-10 07:30,2026-05-10 07:30,2026-05-10 09:38,2026-05-10 09:39,2026-05-10 09:39,2026-05-10 11:36,2026-05-10 11:38,2026-05-10 11:38,2026-05-11 09:35,2026-05-11 10:10
NonCerv-000034-S1,NonCerv-000034,NonCerv-000034,NonCerv-000034-S1,0,,2026-05-05 15:25,2026-05-05 15:25,2026-05-05 21:25,2026-05-05 21:25,2026-05-06 09:10,2026-05-06 09:20,2026-05-06 09:20,2026-05-09 09:30,2026-05-10 07:30,2026-05-10 07:30,2026-05-10 09:39,2026-05-10 09:40,2026-05-10 09:40,2026-05-10 11:38,2026-05-10 11:40,2026-05-10 11:40,2026-05-11 09:35,2026-05-11 10:10
NonCerv-000027-S1,NonCerv-000027,NonCerv-000027,NonCerv-000027-S1,0,,2026-05-05 09:29,2026-05-05 09:29,2026-05-05 21:29,2026-05-05 21:29,2026-05-06 09:00,2026-05-06 09:30,2026-05-06 09:30,2026-05-09 09:30,2026-05-10 07:30,2026-05-10 07:30,2026-05-10 09:40,2026-05-10 09:41,2026-05-10 09:41,2026-05-10 11:40,2026-05-10 11:42,2026-05-10 11:42,2026-05-11 09:35,2026-05-11 10:10
NonCerv-000027-S2,NonCerv-000027,NonCerv-000027,NonCerv-000027-S2,0,,2026-05-05 09:29,2026-05-05 09:29,2026-05-05 21:29,2026-05-05 21:29,2026-05-06 09:00,2026-05-06 09:30,2026-05-06 09:30,2026-05-09 09:30,2026-05-10 07:30,2026-05-10 07:30,2026-05-10 09:41,2026-05-10 09:42,2026-05-10 09:42,2026-05-10 11:42,2026-05-10 11:44,2026-05-10 11:44,2026-05-11 09:35,2026-05-11 10:10
NonCerv-000027-S3,NonCerv-000027,NonCerv-000027,NonCerv-000027-S3,0,,2026-05-05 09:29,2026-05-05 09:29,2026-05-05 21:29,2026-05-05 21:29,2026-05-06 09:00,2026-05-06 09:30,2026-05-06 09:30,2026-05-09 09:30,2026-05-10 07:30,2026-05-10 07:30,2026-05-10 09:42,2026-05-10 09:43,2026-05-10 09:43,2026-05-10 11:44,2026-05-10 11:46,2026-05-10 11:46,2026-05-11 09:35,2026-05-11 10:10
NonCerv-000027-S4,NonCerv-000027,NonCerv-000027,NonCerv-000027-S4,0,,2026-05-05 09:29,2026-05-05 09:29,2026-05-05 21:29,2026-05-05 21:29,2026-05-06 09:00,2026-05-06 09:30,2026-05-06 09:30,2026-05-09 09:30,2026-05-10 07:30,2026-05-10 07:30,2026-05-10 09:43,2026-05-10 09:44,2026-05-10 09:44,2026-05-10 11:46,2026-05-10 11:48,2026-05-10 11:48,2026-05-11 09:35,2026-05-11 10:10
NonCerv-000027-S5,NonCerv-000027,NonCerv-000027,NonCerv-000027-S5,0,,2026-05-05 09:29,2026-05-05 09:29,2026-05-05 21:29,2026-05-05 21:29,2026-05-06 09:00,2026-05-06 09:30,2026-05-06 09:30,2026-05-09 09:30,2026-05-10 07:30,2026-05-10 07:30,2026-05-10 09:44,2026-05-10 09:45,2026-05-10 09:45,2026-05-10 11:48,2026-05-10 11:50,2026-05-10 11:50,2026-05-11 09:35,2026-05-11 10:10
NonCerv-000027-S6,NonCerv-000027,NonCerv-000027,NonCerv-000027-S6,0,,2026-05-05 09:29,2026-05-05 09:29,2026-05-05 21:29,2026-05-05 21:29,2026-05-06 09:00,2026-05-06 09:30,2026-05-06 09:30,2026-05-09 09:30,2026-05-10 07:30,2026-05-10 07:30,2026-05-10 09:45,2026-05-10 09:46,2026-05-10 09:46,2026-05-10 11:50,2026-05-10 11:52,2026-05-10 11:52,2026-05-11 09:35,2026-05-11 10:10
NonCerv-000027-S7,NonCerv-000027,NonCerv-000027,NonCerv-000027-S7,0,,2026-05-05 09:29,2026-05-05 09:29,2026-05-05 21:29,2026-05-05 21:29,2026-05-06 09:00,2026-05-06 09:30,2026-05-06 09:30,2026-05-09 09:30,2026-05-10 07:30,2026-05-10 07:30,2026-05-10 09:46,2026-05-10 09:47,2026-05-10 09:47,2026-05-10 11:52,2026-05-10 11:54,2026-05-10 11:54,2026-05-11 09:35,2026-05-11 10:10
NonCerv-000027-S8,NonCerv-000027,NonCerv-000027,NonCerv-000027-S8,0,,2026-05-05 09:29,2026-05-05 09:29,2026-05-05 21:29,2026-05-05 21:29,2026-05-06 09:00,2026-05-06 09:30,2026-05-06 09:30,2026-05-09 09:30,2026-05-10 07:30,2026-05-10 07:30,2026-05-10 09:47,2026-05-10 09:48,2026-05-10 09:48,2026-05-10 11:54,2026-05-10 11:56,2026-05-10 11:56,2026-05-11 09:35,2026-05-11 10:10
NonCerv-000027-S9,NonCerv-000027,NonCerv-000027,NonCerv-000027-S9,0,,2026-05-05 09:29,2026-05-05 09:29,2026-05-05 21:29,2026-05-05 21:29,2026-05-06 09:00,2026-05-06 09:30,2026-05-06 09:30,2026-05-09 09:30,2026-05-10 07:30,2026-05-10 07:30,2026-05-10 09:48,2026-05-10 09:49,2026-05-10 09:49,2026-05-10 11:56,2026-05-10 11:58,2026-05-10 11:58,2026-05-11 09:35,2026-05-11 10:10
NonCerv-000027-S10,NonCerv-000027,NonCerv-000027,NonCerv-000027-S10,0,,2026-05-05 09:29,2026-05-05 09:29,2026-05-05 21:29,2026-05-05 21:29,2026-05-06 09:00,2026-05-06 09:30,2026-05-06 09:30,2026-05-09 09:30,2026-05-10 07:30,2026-05-10 07:30,2026-05-10 09:49,2026-05-10 09:50,2026-05-10 09:50,2026-05-10 11:58,2026-05-10 12:00,2026-05-10 12:00,2026-05-11 09:35,2026-05-11 10:10
NonCerv-000031-S1,NonCerv-000031,NonCerv-000031,NonCerv-000031-S1,0,,2026-05-05 13:49,2026-05-05 13:49,2026-05-05 19:49,2026-05-05 19:49,2026-05-06 09:20,2026-05-06 09:30,2026-05-06 09:30,2026-05-09 09:30,2026-05-10 07:30,2026-05-10 07:30,2026-05-10 09:50,2026-05-10 09:51,2026-05-10 09:51,2026-05-10 12:00,2026-05-10 12:02,2026-05-10 12:02,2026-05-11 10:10,2026-05-11 10:45
NonCerv-000029-S1,NonCerv-000029,NonCerv-000029,NonCerv-000029-S1,0,,2026-05-05 12:17,2026-05-05 12:17,2026-05-05 18:17,2026-05-05 18:17,2026-05-06 09:30,2026-05-06 09:40,2026-05-06 09:40,2026-05-09 09:30,2026-05-10 07:30,2026-05-10 07:30,2026-05-10 09:51,2026-05-10 09:52,2026-05-10 09:52,2026-05-10 12:02,2026-05-10 12:04,2026-05-10 12:04,2026-05-11 10:10,2026-05-11 10:45
NonCerv-000035-S1,NonCerv-000035,NonCerv-000035,NonCerv-000035-S1,0,,2026-05-05 16:26,2026-05-05 16:26,2026-05-05 22:26,2026-05-05 22:26,2026-05-06 09:30,2026-05-06 09:40,2026-05-06 09:40,2026-05-09 09:30,2026-05-10 07:30,2026-05-10 07:30,2026-05-10 09:52,2026-05-10 09:53,2026-05-10 09:53,2026-05-10 12:04,2026-05-10 12:06,2026-05-10 12:06,2026-05-11 10:10,2026-05-11 10:45
NonCerv-000032-S1,NonCerv-000032,NonCerv-000032,NonCerv-000032-S1,0,,2026-05-05 14:20,2026-05-05 14:20,2026-05-05 20:20,2026-05-05 20:20,2026-05-06 09:40,2026-05-06 09:50,2026-05-06 09:50,2026-05-09 09:30,2026-05-10 07:30,2026-05-10 07:30,2026-05-10 09:53,2026-05-10 09:54,2026-05-10 09:54,2026-05-10 12:06,2026-05-10 12:08,2026-05-10 12:08,2026-05-11 10:10,2026-05-11 10:45
NonCerv-000033-S1,NonCerv-000033,NonCerv-000033,NonCerv-000033-S1,0,,2026-05-05 14:53,2026-05-05 14:53,2026-05-05 20:53,2026-05-05 20:53,2026-05-06 09:40,2026-05-06 09:50,2026-05-06 09:50,2026-05-09 09:30,2026-05-10 07:30,2026-05-10 07:30,2026-05-10 09:54,2026-05-10 09:55,2026-05-10 09:55,2026-05-10 12:08,2026-05-10 12:10,2026-05-10 12:10,2026-05-11 10:10,2026-05-11 10:45
Cerv-000012-S1,Cerv-000012,Cerv-000012,Cerv-000012-S1,0,,2026-05-06 09:00,2026-05-06 09:00,2026-05-06 15:00,2026-05-06 15:00,2026-05-06 15:00,2026-05-06 15:10,2026-05-06 15:10,2026-05-09 09:30,2026-05-10 07:30,2026-05-10 07:30,2026-05-10 09:55,2026-05-10 09:56,2026-05-10 09:56,2026-05-10 12:10,2026-05-10 12:12,2026-05-10 12:12,2026-05-11 10:10,2026-05-11 10:45
NonCerv-000036-S1,NonCerv-000036,NonCerv-000036,NonCerv-000036-S1,0,,2026-05-06 09:00,2026-05-06 09:00,2026-05-06 15:00,2026-05-06 15:00,2026-05-06 15:00,2026-05-06 15:10,2026-05-06 15:10,2026-05-09 09:30,2026-05-10 07:30,2026-05-10 07:30,2026-05-10 09:56,2026-05-10 09:57,2026-05-10 09:57,2026-05-10 12:12,2026-05-10 12:14,2026-05-10 12:14,2026-05-11 10:10,2026-05-11 10:45
NonCerv-000037-S1,NonCerv-000037,NonCerv-000037,NonCerv-000037-S1,0,,2026-05-06 09:23,2026-05-06 09:23,2026-05-06 15:23,2026-05-06 15:23,2026-05-06 15:23,2026-05-06 15:33,2026-05-06 15:33,2026-05-09 09:30,2026-05-10 07:30,2026-05-10 07:30,2026-05-10 09:57,2026-05-10 09:58,2026-05-10 09:58,2026-05-10 12:14,2026-05-10 12:16,2026-05-10 12:16,2026-05-11 10:10,2026-05-11 10:45
NonCerv-000038-S1,NonCerv-000038,NonCerv-000038,NonCerv-000038-S1,0,,2026-05-06 11:57,2026-05-06 11:57,2026-05-06 17:57,2026-05-06 17:57,2026-05-07 09:00,2026-05-07 09:10,2026-05-07 09:10,2026-05-09 09:30,2026-05-10 07:30,2026-05-10 07:30,2026-05-10 09:58,2026-05-10 09:59,2026-05-10 09:59,2026-05-10 12:16,2026-05-10 12:18,2026-05-10 12:18,2026-05-11 10:10,2026-05-11 10:45
NonCerv-000039-S1,NonCerv-000039,NonCerv-000039,NonCerv-000039-S1,0,,2026-05-06 13:54,2026-05-06 13:54,2026-05-06 19:54,2026-05-06 19:54,2026-05-07 09:00,2026-05-07 09:10,2026-05-07 09:10,2026-05-09 09:30,2026-05-10 07:30,2026-05-10 07:30,2026-05-10 09:59,2026-05-10 10:00,2026-05-10 10:00,2026-05-10 12:18,2026-05-10 12:20,2026-05-10 12:20,2026-05-11 10:10,2026-05-11 10:45
NonCerv-000041-S1,NonCerv-000041,NonCerv-000041,NonCerv-000041-S1,0,,2026-05-06 14:43,2026-05-06 14:43,2026-05-06 20:43,2026-05-06 20:43,2026-05-07 09:10,2026-05-07 09:20,2026-05-07 09:20,2026-05-09 09:30,2026-05-10 07:30,2026-05-10 07:30,2026-05-10 10:00,2026-05-10 10:01,2026-05-10 10:01,2026-05-10 12:20,2026-05-10 12:22,2026-05-10 12:22,2026-05-11 10:10,2026-05-11 10:45
NonCerv-000042-S1,NonCerv-000042,NonCerv-000042,NonCerv-000042-S1,0,,2026-05-06 16:29,2026-05-06 16:29,2026-05-06 22:29,2026-05-06 22:29,2026-05-07 09:10,2026-05-07 09:20,2026-05-07 09:20,2026-05-09 09:30,2026-05-10 07:30,2026-05-10 07:30,2026-05-10 10:01,2026-05-10 10:02,2026-05-10 10:02,2026-05-10 12:22,2026-05-10 12:24,2026-05-10 12:24,2026-05-11 10:10,2026-05-11 10:45
NonCerv-000040-S1,NonCerv-000040,NonCerv-000040,NonCerv-000040-S1,0,,2026-05-06 14:36,2026-05-06 14:36,2026-05-06 20:36,2026-05-06 20:36,2026-05-07 09:20,2026-05-07 09:30,2026-05-07 09:30,2026-05-09 09:30,2026-05-10 07:30,2026-05-10 07:30,2026-05-10 10:02,2026-05-10 10:03,2026-05-10 10:03,2026-05-10 12:24,2026-05-10 12:26,2026-05-10 12:26,2026-05-11 10:10,2026-05-11 10:45
Cerv-000013-S1,Cerv-000013,Cerv-000013,Cerv-000013-S1,0,,2026-05-07 09:00,2026-05-07 09:00,2026-05-07 15:00,2026-05-07 15:00,2026-05-07 15:00,2026-05-07 15:10,2026-05-07 15:10,2026-05-09 09:30,2026-05-10 07:30,2026-05-10 07:30,2026-05-10 10:03,2026-05-10 10:04,2026-05-10 10:04,2026-05-10 12:26,2026-05-10 12:28,2026-05-10 12:28,2026-05-11 10:10,2026-05-11 10:45
NonCerv-000044-S1,NonCerv-000044,NonCerv-000044,NonCerv-000044-S1,0,,2026-05-07 09:22,2026-05-07 09:22,2026-05-07 15:22,2026-05-07 15:22,2026-05-07 15:22,2026-05-07 15:32,2026-05-07 15:32,2026-05-09 09:30,2026-05-10 07:30,2026-05-10 07:30,2026-05-10 10:04,2026-05-10 10:05,2026-05-10 10:05,2026-05-10 12:28,2026-05-10 12:30,2026-05-10 12:30,2026-05-11 10:10,2026-05-11 10:45
NonCerv-000045-S1,NonCerv-000045,NonCerv-000045,NonCerv-000045-S1,0,,2026-05-07 10:30,2026-05-07 10:30,2026-05-07 16:30,2026-05-07 16:30,2026-05-07 16:30,2026-05-07 16:40,2026-05-07 16:40,2026-05-09 09:30,2026-05-10 07:30,2026-05-10 07:30,2026-05-10 10:05,2026-05-10 10:06,2026-05-10 10:06,2026-05-10 12:30,2026-05-10 12:32,2026-05-10 12:32,2026-05-11 10:10,2026-05-11 10:45
NonCerv-000046-S1,NonCerv-000046,NonCerv-000046,NonCerv-000046-S1,0,,2026-05-07 10:47,2026-05-07 10:47,2026-05-07 16:47,2026-05-07 16:47,2026-05-07 16:47,2026-05-07 16:57,2026-05-07 16:57,2026-05-09 09:30,2026-05-10 07:30,2026-05-10 07:30,2026-05-10 10:06,2026-05-10 10:07,2026-05-10 10:07,2026-05-10 12:32,2026-05-10 12:34,2026-05-10 12:34,2026-05-11 10:10,2026-05-11 10:45
Cerv-000014-S1,Cerv-000014,Cerv-000014,Cerv-000014-S1,0,,2026-05-07 16:38,2026-05-07 16:38,2026-05-07 22:38,2026-05-07 22:38,2026-05-08 09:00,2026-05-08 09:10,2026-05-08 09:10,2026-05-09 09:30,2026-05-10 07:30,2026-05-10 07:30,2026-05-10 10:07,2026-05-10 10:08,2026-05-10 10:08,2026-05-10 12:34,2026-05-10 12:36,2026-05-10 12:36,2026-05-11 10:10,2026-05-11 10:45
NonCerv-000047-S1,NonCerv-000047,NonCerv-000047,NonCerv-000047-S1,0,,2026-05-07 13:11,2026-05-07 13:11,2026-05-07 19:11,2026-05-07 19:11,2026-05-08 09:00,2026-05-08 09:10,2026-05-08 09:10,2026-05-09 09:30,2026-05-10 07:30,2026-05-10 07:30,2026-05-10 10:08,2026-05-10 10:09,2026-05-10 10:09,2026-05-10 12:36,2026-05-10 12:38,2026-05-10 12:38,2026-05-11 10:10,2026-05-11 10:45
NonCerv-000043-S1,NonCerv-000043,NonCerv-000043,NonCerv-000043-S1,0,,2026-05-07 09:00,2026-05-07 09:00,2026-05-07 21:00,2026-05-07 21:00,2026-05-08 09:10,2026-05-08 09:40,2026-05-08 09:40,2026-05-09 09:30,2026-05-10 07:30,2026-05-10 07:30,2026-05-10 10:09,2026-05-10 10:10,2026-05-10 10:10,2026-05-10 12:38,2026-05-10 12:40,2026-05-10 12:40,2026-05-11 10:10,2026-05-11 10:45
NonCerv-000043-S2,NonCerv-000043,NonCerv-000043,NonCerv-000043-S2,0,,2026-05-07 09:00,2026-05-07 09:00,2026-05-07 21:00,2026-05-07 21:00,2026-05-08 09:10,2026-05-08 09:40,2026-05-08 09:40,2026-05-09 09:30,2026-05-10 07:30,2026-05-10 07:30,2026-05-10 10:10,2026-05-10 10:11,2026-05-10 10:11,2026-05-10 12:40,2026-05-10 12:42,2026-05-10 12:42,2026-05-11 10:10,2026-05-11 10:45
NonCerv-000043-S3,NonCerv-000043,NonCerv-000043,NonCerv-000043-S3,0,,2026-05-07 09:00,2026-05-07 09:00,2026-05-07 21:00,2026-05-07 21:00,2026-05-08 09:10,2026-05-08 09:40,2026-05-08 09:40,2026-05-09 09:30,2026-05-10 07:30,2026-05-10 07:30,2026-05-10 10:11,2026-05-10 10:12,2026-05-10 10:12,2026-05-10 12:42,2026-05-10 12:44,2026-05-10 12:44,2026-05-11 10:10,2026-05-11 10:45
NonCerv-000043-S4,NonCerv-000043,NonCerv-000043,NonCerv-000043-S4,0,,2026-05-07 09:00,2026-05-07 09:00,2026-05-07 21:00,2026-05-07 21:00,2026-05-08 09:10,2026-05-08 09:40,2026-05-08 09:40,2026-05-09 09:30,2026-05-10 07:30,2026-05-10 07:30,2026-05-10 10:12,2026-05-10 10:13,2026-05-10 10:13,2026-05-10 12:44,2026-05-10 12:46,2026-05-10 12:46,2026-05-11 10:10,2026-05-11 10:45
NonCerv-000043-S5,NonCerv-000043,NonCerv-000043,NonCerv-000043-S5,0,,2026-05-07 09:00,2026-05-07 09:00,2026-05-07 21:00,2026-05-07 21:00,2026-05-08 09:10,2026-05-08 09:40,2026-05-08 09:40,2026-05-09 09:30,2026-05-10 07:30,2026-05-10 07:30,2026-05-10 10:13,2026-05-10 10:14,2026-05-10 10:14,2026-05-10 12:46,2026-05-10 12:48,2026-05-10 12:48,2026-05-11 10:10,2026-05-11 10:45
NonCerv-000043-S6,NonCerv-000043,NonCerv-000043,NonCerv-000043-S6,0,,2026-05-07 09:00,2026-05-07 09:00,2026-05-07 21:00,2026-05-07 21:00,2026-05-08 09:10,2026-05-08 09:40,2026-05-08 09:40,2026-05-09 09:30,2026-05-10 07:30,2026-05-10 07:30,2026-05-10 10:14,2026-05-10 10:15,2026-05-10 10:15,2026-05-10 12:48,2026-05-10 12:50,2026-05-10 12:50,2026-05-11 10:10,2026-05-11 10:45
NonCerv-000043-S7,NonCerv-000043,NonCerv-000043,NonCerv-000043-S7,0,,2026-05-07 09:00,2026-05-07 09:00,2026-05-07 21:00,2026-05-07 21:00,2026-05-08 09:10,2026-05-08 09:40,2026-05-08 09:40,2026-05-09 09:30,2026-05-10 07:30,2026-05-10 07:30,2026-05-10 10:15,2026-05-10 10:16,2026-05-10 10:16,2026-05-10 12:50,2026-05-10 12:52,2026-05-10 12:52,2026-05-12 10:33,2026-05-12 11:08
NonCerv-000043-S8,NonCerv-000043,NonCerv-000043,NonCerv-000043-S8,0,,2026-05-07 09:00,2026-05-07 09:00,2026-05-07 21:00,2026-05-07 21:00,2026-05-08 09:10,2026-05-08 09:40,2026-05-08 09:40,2026-05-09 09:30,2026-05-10 07:30,2026-05-10 07:30,2026-05-10 10:16,2026-05-10 10:17,2026-05-10 10:17,2026-05-10 12:52,2026-05-10 12:54,2026-05-10 12:54,2026-05-12 10:33,2026-05-12 11:08
NonCerv-000043-S9,NonCerv-000043,NonCerv-000043,NonCerv-000043-S9,0,,2026-05-07 09:00,2026-05-07 09:00,2026-05-07 21:00,2026-05-07 21:00,2026-05-08 09:10,2026-05-08 09:40,2026-05-08 09:40,2026-05-09 09:30,2026-05-10 07:30,2026-05-10 07:30,2026-05-10 10:17,2026-05-10 10:18,2026-05-10 10:18,2026-05-10 12:54,2026-05-10 12:56,2026-05-10 12:56,2026-05-12 10:33,2026-05-12 11:08
NonCerv-000043-S10,NonCerv-000043,NonCerv-000043,NonCerv-000043-S10,0,,2026-05-07 09:00,2026-05-07 09:00,2026-05-07 21:00,2026-05-07 21:00,2026-05-08 09:10,2026-05-08 09:40,2026-05-08 09:40,2026-05-09 09:30,2026-05-10 07:30,2026-05-10 07:30,2026-05-10 10:18,2026-05-10 10:19,2026-05-10 10:19,2026-05-10 12:56,2026-05-10 12:58,2026-05-10 12:58,2026-05-12 10:33,2026-05-12 11:08
NonCerv-000048-S1,NonCerv-000048,NonCerv-000048,NonCerv-000048-S1,0,,2026-05-08 09:00,2026-05-08 09:00,2026-05-08 15:00,2026-05-08 15:00,2026-05-08 15:00,2026-05-08 15:10,2026-05-08 15:10,2026-05-09 09:30,2026-05-10 07:30,2026-05-10 07:30,2026-05-10 10:19,2026-05-10 10:20,2026-05-10 10:20,2026-05-10 12:58,2026-05-10 13:00,2026-05-10 13:00,2026-05-12 10:33,2026-05-12 11:08
Cerv-000015-S1,Cerv-000015,Cerv-000015,Cerv-000015-S1,0,,2026-05-08 09:00,2026-05-08 09:00,2026-05-08 15:00,2026-05-08 15:00,2026-05-08 15:00,2026-05-08 15:10,2026-05-08 15:10,2026-05-09 09:30,2026-05-10 07:30,2026-05-10 07:30,2026-05-10 10:20,2026-05-10 10:21,2026-05-10 10:21,2026-05-10 13:00,2026-05-10 13:02,2026-05-10 13:02,2026-05-12 10:33,2026-05-12 11:08
Cerv-000016-S1,Cerv-000016,Cerv-000016,Cerv-000016-S1,0,,2026-05-08 09:04,2026-05-08 09:04,2026-05-08 15:04,2026-05-08 15:04,2026-05-08 15:10,2026-05-08 15:20,2026-05-08 15:20,2026-05-09 09:30,2026-05-10 07:30,2026-05-10 07:30,2026-05-10 10:21,2026-05-10 10:22,2026-05-10 10:22,2026-05-10 13:02,2026-05-10 13:04,2026-05-10 13:04,2026-05-12 10:33,2026-05-12 11:08
Cerv-000017-S1,Cerv-000017,Cerv-000017,Cerv-000017-S1,0,,2026-05-08 09:55,2026-05-08 09:55,2026-05-08 15:55,2026-05-08 15:55,2026-05-08 15:55,2026-05-08 16:05,2026-05-08 16:05,2026-05-09 09:30,2026-05-10 07:30,2026-05-10 07:30,2026-05-10 10:22,2026-05-10 10:23,2026-05-10 10:23,2026-05-10 13:04,2026-05-10 13:06,2026-05-10 13:06,2026-05-12 10:33,2026-05-12 11:08
NonCerv-000052-S1,NonCerv-000052,NonCerv-000052,NonCerv-000052-S1,0,,2026-05-08 16:29,2026-05-08 16:29,2026-05-08 22:29,2026-05-08 22:29,2026-05-09 09:00,2026-05-09 09:10,2026-05-09 09:10,2026-05-09 09:30,2026-05-10 07:30,2026-05-10 07:30,2026-05-10 10:23,2026-05-10 10:24,2026-05-10 10:24,2026-05-10 13:06,2026-05-10 13:08,2026-05-10 13:08,2026-05-12 10:33,2026-05-12 11:08
Cerv-000018-S1,Cerv-000018,Cerv-000018,Cerv-000018-S1,0,,2026-05-08 11:43,2026-05-08 11:43,2026-05-08 17:43,2026-05-08 17:43,2026-05-09 09:10,2026-05-09 09:20,2026-05-09 09:20,2026-05-09 09:30,2026-05-10 07:30,2026-05-10 07:30,2026-05-10 10:24,2026-05-10 10:25,2026-05-10 10:25,2026-05-10 13:08,2026-05-10 13:10,2026-05-10 13:10,2026-05-12 10:33,2026-05-12 11:08
NonCerv-000049-S1,NonCerv-000049,NonCerv-000049,NonCerv-000049-S1,0,,2026-05-08 12:01,2026-05-08 12:01,2026-05-09 00:01,2026-05-09 00:01,2026-05-09 09:00,2026-05-09 09:30,2026-05-09 09:30,2026-05-09 09:30,2026-05-10 07:30,2026-05-10 07:30,2026-05-10 10:25,2026-05-10 10:26,2026-05-10 10:26,2026-05-10 13:10,2026-05-10 13:12,2026-05-10 13:12,2026-05-12 10:33,2026-05-12 11:08
NonCerv-000049-S2,NonCerv-000049,NonCerv-000049,NonCerv-000049-S2,0,,2026-05-08 12:01,2026-05-08 12:01,2026-05-09 00:01,2026-05-09 00:01,2026-05-09 09:00,2026-05-09 09:30,2026-05-09 09:30,2026-05-09 09:30,2026-05-10 07:30,2026-05-10 07:30,2026-05-10 10:26,2026-05-10 10:27,2026-05-10 10:27,2026-05-10 13:12,2026-05-10 13:14,2026-05-10 13:14,2026-05-12 10:33,2026-05-12 11:08
NonCerv-000049-S3,NonCerv-000049,NonCerv-000049,NonCerv-000049-S3,0,,2026-05-08 12:01,2026-05-08 12:01,2026-05-09 00:01,2026-05-09 00:01,2026-05-09 09:00,2026-05-09 09:30,2026-05-09 09:30,2026-05-09 09:30,2026-05-10 07:30,2026-05-10 07:30,2026-05-10 10:27,2026-05-10 10:28,2026-05-10 10:28,2026-05-10 13:14,2026-05-10 13:16,2026-05-10 13:16,2026-05-12 10:33,2026-05-12 11:08
NonCerv-000049-S4,NonCerv-000049,NonCerv-000049,NonCerv-000049-S4,0,,2026-05-08 12:01,2026-05-08 12:01,2026-05-09 00:01,2026-05-09 00:01,2026-05-09 09:00,2026-05-09 09:30,2026-05-09 09:30,2026-05-09 09:30,2026-05-10 07:30,2026-05-10 07:30,2026-05-10 10:28,2026-05-10 10:29,2026-05-10 10:29,2026-05-10 13:16,2026-05-10 13:18,2026-05-10 13:18,2026-05-12 10:33,2026-05-12 11:08
NonCerv-000049-S5,NonCerv-000049,NonCerv-000049,NonCerv-000049-S5,0,,2026-05-08 12:01,2026-05-08 12:01,2026-05-09 00:01,2026-05-09 00:01,2026-05-09 09:00,2026-05-09 09:30,2026-05-09 09:30,2026-05-09 09:30,2026-05-10 07:30,2026-05-10 07:30,2026-05-10 10:29,2026-05-10 10:30,2026-05-10 10:30,2026-05-10 13:18,2026-05-10 13:20,2026-05-10 13:20,2026-05-12 10:33,2026-05-12 11:08
NonCerv-000049-S6,NonCerv-000049,NonCerv-000049,NonCerv-000049-S6,0,,2026-05-08 12:01,2026-05-08 12:01,2026-05-09 00:01,2026-05-09 00:01,2026-05-09 09:00,2026-05-09 09:30,2026-05-09 09:30,2026-05-14 09:50,2026-05-15 07:50,2026-05-15 07:50,2026-05-15 09:00,2026-05-15 09:01,2026-05-15 09:01,2026-05-15 10:20,2026-05-15 10:22,2026-05-15 10:22,2026-05-15 12:58,2026-05-15 13:33
NonCerv-000049-S7,NonCerv-000049,NonCerv-000049,NonCerv-000049-S7,0,,2026-05-08 12:01,2026-05-08 12:01,2026-05-09 00:01,2026-05-09 00:01,2026-05-09 09:00,2026-05-09 09:30,2026-05-09 09:30,2026-05-14 09:50,2026-05-15 07:50,2026-05-15 07:50,2026-05-15 09:01,2026-05-15 09:02,2026-05-15 09:02,2026-05-15 10:22,2026-05-15 10:24,2026-05-15 10:24,2026-05-15 12:58,2026-05-15 13:33
NonCerv-000049-S8,NonCerv-000049,NonCerv-000049,NonCerv-000049-S8,0,,2026-05-08 12:01,2026-05-08 12:01,2026-05-09 00:01,2026-05-09 00:01,2026-05-09 09:00,2026-05-09 09:30,2026-05-09 09:30,2026-05-14 09:50,2026-05-15 07:50,2026-05-15 07:50,2026-05-15 09:02,2026-05-15 09:03,2026-05-15 09:03,2026-05-15 10:24,2026-05-15 10:26,2026-05-15 10:26,2026-05-15 12:58,2026-05-15 13:33
NonCerv-000049-S9,NonCerv-000049,NonCerv-000049,NonCerv-000049-S9,0,,2026-05-08 12:01,2026-05-08 12:01,2026-05-09 00:01,2026-05-09 00:01,2026-05-09 09:00,2026-05-09 09:30,2026-05-09 09:30,2026-05-14 09:50,2026-05-15 07:50,2026-05-15 07:50,2026-05-15 09:03,2026-05-15 09:04,2026-05-15 09:04,2026-05-15 10:26,2026-05-15 10:28,2026-05-15 10:28,2026-05-15 12:58,2026-05-15 13:33
NonCerv-000049-S10,NonCerv-000049,NonCerv-000049,NonCerv-000049-S10,0,,2026-05-08 12:01,2026-05-08 12:01,2026-05-09 00:01,2026-05-09 00:01,2026-05-09 09:00,2026-05-09 09:30,2026-05-09 09:30,2026-05-14 09:50,2026-05-15 07:50,2026-05-15 07:50,2026-05-15 09:04,2026-05-15 09:05,2026-05-15 09:05,2026-05-15 10:28,2026-05-15 10:30,2026-05-15 10:30,2026-05-15 12:58,2026-05-15 13:33
NonCerv-000051-S1,NonCerv-000051,NonCerv-000051,NonCerv-000051-S1,0,,2026-05-08 13:08,2026-05-08 13:08,2026-05-08 19:08,2026-05-08 19:08,2026-05-09 09:20,2026-05-09 09:30,2026-05-09 09:30,2026-05-14 09:50,2026-05-15 07:50,2026-05-15 07:50,2026-05-15 09:05,2026-05-15 09:06,2026-05-15 09:06,2026-05-15 10:30,2026-05-15 10:32,2026-05-15 10:32,2026-05-15 13:33,2026-05-15 14:08
NonCerv-000050-S1,NonCerv-000050,NonCerv-000050,NonCerv-000050-S1,0,,2026-05-08 13:08,2026-05-08 13:08,2026-05-08 19:08,2026-05-08 19:08,2026-05-09 09:30,2026-05-09 09:40,2026-05-09 09:40,2026-05-14 09:50,2026-05-15 07:50,2026-05-15 07:50,2026-05-15 09:06,2026-05-15 09:07,2026-05-15 09:07,2026-05-15 10:32,2026-05-15 10:34,2026-05-15 10:34,2026-05-15 13:33,2026-05-15 14:08
NonCerv-000057-S1,NonCerv-000057,NonCerv-000057,NonCerv-000057-S1,0,,2026-05-09 13:04,2026-05-09 13:04,2026-05-09 19:04,2026-05-09 19:04,2026-05-11 09:00,2026-05-11 09:10,2026-05-11 09:10,2026-05-14 09:50,2026-05-15 07:50,2026-05-15 07:50,2026-05-15 09:07,2026-05-15 09:08,2026-05-15 09:08,2026-05-15 10:34,2026-05-15 10:36,2026-05-15 10:36,2026-05-15 13:33,2026-05-15 14:08
NonCerv-000056-S1,NonCerv-000056,NonCerv-000056,NonCerv-000056-S1,0,,2026-05-09 12:40,2026-05-09 12:40,2026-05-09 18:40,2026-05-09 18:40,2026-05-11 09:00,2026-05-11 09:10,2026-05-11 09:10,2026-05-14 09:50,2026-05-15 07:50,2026-05-15 07:50,2026-05-15 09:08,2026-05-15 09:09,2026-05-15 09:09,2026-05-15 10:36,2026-05-15 10:38,2026-05-15 10:38,2026-05-15 13:33,2026-05-15 14:08
NonCerv-000058-S1,NonCerv-000058,NonCerv-000058,NonCerv-000058-S1,0,,2026-05-09 15:04,2026-05-09 15:04,2026-05-09 21:04,2026-05-09 21:04,2026-05-11 09:10,2026-05-11 09:20,2026-05-11 09:20,2026-05-14 09:50,2026-05-15 07:50,2026-05-15 07:50,2026-05-15 09:09,2026-05-15 09:10,2026-05-15 09:10,2026-05-15 10:38,2026-05-15 10:40,2026-05-15 10:40,2026-05-15 13:33,2026-05-15 14:08
NonCerv-000053-S1,NonCerv-000053,NonCerv-000053,NonCerv-000053-S1,0,,2026-05-09 09:00,2026-05-09 09:00,2026-05-09 15:00,2026-05-09 15:00,2026-05-11 09:20,2026-05-11 09:30,2026-05-11 09:30,2026-05-14 09:50,2026-05-15 07:50,2026-05-15 07:50,2026-05-15 09:10,2026-05-15 09:11,2026-05-15 09:11,2026-05-15 10:40,2026-05-15 10:42,2026-05-15 10:42,2026-05-15 13:33,2026-05-15 14:08
NonCerv-000061-S1,NonCerv-000061,NonCerv-000061,NonCerv-000061-S1,0,,2026-05-10 11:26,2026-05-10 11:26,2026-05-10 23:26,2026-05-10 23:26,2026-05-11 09:10,2026-05-11 09:40,2026-05-11 09:40,2026-05-14 09:50,2026-05-15 07:50,2026-05-15 07:50,2026-05-15 09:11,2026-05-15 09:12,2026-05-15 09:12,2026-05-15 10:42,2026-05-15 10:44,2026-05-15 10:44,2026-05-15 13:33,2026-05-15 14:08
NonCerv-000061-S2,NonCerv-000061,NonCerv-000061,NonCerv-000061-S2,0,,2026-05-10 11:26,2026-05-10 11:26,2026-05-10 23:26,2026-05-10 23:26,2026-05-11 09:10,2026-05-11 09:40,2026-05-11 09:40,2026-05-14 09:50,2026-05-15 07:50,2026-05-15 07:50,2026-05-15 09:12,2026-05-15 09:13,2026-05-15 09:13,2026-05-15 10:44,2026-05-15 10:46,2026-05-15 10:46,2026-05-15 13:33,2026-05-15 14:08
NonCerv-000061-S3,NonCerv-000061,NonCerv-000061,NonCerv-000061-S3,0,,2026-05-10 11:26,2026-05-10 11:26,2026-05-10 23:26,2026-05-10 23:26,2026-05-11 09:10,2026-05-11 09:40,2026-05-11 09:40,2026-05-14 09:50,2026-05-15 07:50,2026-05-15 07:50,2026-05-15 09:13,2026-05-15 09:14,2026-05-15 09:14,2026-05-15 10:46,2026-05-15 10:48,2026-05-15 10:48,2026-05-15 13:33,2026-05-15 14:08
NonCerv-000061-S4,NonCerv-000061,NonCerv-000061,NonCerv-000061-S4,0,,2026-05-10 11:26,2026-05-10 11:26,2026-05-10 23:26,2026-05-10 23:26,2026-05-11 09:10,2026-05-11 09:40,2026-05-11 09:40,2026-05-14 09:50,2026-05-15 07:50,2026-05-15 07:50,2026-05-15 09:14,2026-05-15 09:15,2026-05-15 09:15,2026-05-15 10:48,2026-05-15 10:50,2026-05-15 10:50,2026-05-15 13:33,2026-05-15 14:08
NonCerv-000061-S5,NonCerv-000061,NonCerv-000061,NonCerv-000061-S5,0,,2026-05-10 11:26,2026-05-10 11:26,2026-05-10 23:26,2026-05-10 23:26,2026-05-11 09:10,2026-05-11 09:40,2026-05-11 09:40,2026-05-14 09:50,2026-05-15 07:50,2026-05-15 07:50,2026-05-15 09:15,2026-05-15 09:16,2026-05-15 09:16,2026-05-15 10:50,2026-05-15 10:52,2026-05-15 10:52,2026-05-15 13:33,2026-05-15 14:08
NonCerv-000061-S6,NonCerv-000061,NonCerv-000061,NonCerv-000061-S6,0,,2026-05-10 11:26,2026-05-10 11:26,2026-05-10 23:26,2026-05-10 23:26,2026-05-11 09:10,2026-05-11 09:40,2026-05-11 09:40,2026-05-14 09:50,2026-05-15 07:50,2026-05-15 07:50,2026-05-15 09:16,2026-05-15 09:17,2026-05-15 09:17,2026-05-15 10:52,2026-05-15 10:54,2026-05-15 10:54,2026-05-15 13:33,2026-05-15 14:08
NonCerv-000061-S7,NonCerv-000061,NonCerv-000061,NonCerv-000061-S7,0,,2026-05-10 11:26,2026-05-10 11:26,2026-05-10 23:26,2026-05-10 23:26,2026-05-11 09:10,2026-05-11 09:40,2026-05-11 09:40,2026-05-14 09:50,2026-05-15 07:50,2026-05-15 07:50,2026-05-15 09:17,2026-05-15 09:18,2026-05-15 09:18,2026-05-15 10:54,2026-05-15 10:56,2026-05-15 10:56,2026-05-15 13:33,2026-05-15 14:08
NonCerv-000061-S8,NonCerv-000061,NonCerv-000061,NonCerv-000061-S8,0,,2026-05-10 11:26,2026-05-10 11:26,2026-05-10 23:26,2026-05-10 23:26,2026-05-11 09:10,2026-05-11 09:40,2026-05-11 09:40,2026-05-14 09:50,2026-05-15 07:50,2026-05-15 07:50,2026-05-15 09:18,2026-05-15 09:19,2026-05-15 09:19,2026-05-15 10:56,2026-05-15 10:58,2026-05-15 10:58,2026-05-15 13:33,2026-05-15 14:08
NonCerv-000061-S9,NonCerv-000061,NonCerv-000061,NonCerv-000061-S9,0,,2026-05-10 11:26,2026-05-10 11:26,2026-05-10 23:26,2026-05-10 23:26,2026-05-11 09:10,2026-05-11 09:40,2026-05-11 09:40,2026-05-14 09:50,2026-05-15 07:50,2026-05-15 07:50,2026-05-15 09:19,2026-05-15 09:20,2026-05-15 09:20,2026-05-15 10:58,2026-05-15 11:00,2026-05-15 11:00,2026-05-15 13:33,2026-05-15 14:08
NonCerv-000061-S10,NonCerv-000061,NonCerv-000061,NonCerv-000061-S10,0,,2026-05-10 11:26,2026-05-10 11:26,2026-05-10 23:26,2026-05-10 23:26,2026-05-11 09:10,2026-05-11 09:40,2026-05-11 09:40,2026-05-14 09:50,2026-05-15 07:50,2026-05-15 07:50,2026-05-15 09:20,2026-05-15 09:21,2026-05-15 09:21,2026-05-15 11:00,2026-05-15 11:02,2026-05-15 11:02,2026-05-15 13:33,2026-05-15 14:08
NonCerv-000060-S1,NonCerv-000060,NonCerv-000060,NonCerv-000060-S1,0,,2026-05-10 09:00,2026-05-10 09:00,2026-05-10 15:00,2026-05-10 15:00,2026-05-11 09:40,2026-05-11 09:50,2026-05-11 09:50,2026-05-14 09:50,2026-05-15 07:50,2026-05-15 07:50,2026-05-15 09:21,2026-05-15 09:22,2026-05-15 09:22,2026-05-15 11:02,2026-05-15 11:04,2026-05-15 11:04,2026-05-15 13:33,2026-05-15 14:08
Cerv-000019-S1,Cerv-000019,Cerv-000019,Cerv-000019-S1,0,,2026-05-09 09:00,2026-05-09 09:00,2026-05-09 21:00,2026-05-09 21:00,2026-05-11 09:30,2026-05-11 10:00,2026-05-11 10:00,2026-05-14 09:50,2026-05-15 07:50,2026-05-15 07:50,2026-05-15 09:22,2026-05-15 09:23,2026-05-15 09:23,2026-05-15 11:04,2026-05-15 11:06,2026-05-15 11:06,2026-05-15 13:33,2026-05-15 14:08
Cerv-000019-S2,Cerv-000019,Cerv-000019,Cerv-000019-S2,0,,2026-05-09 09:00,2026-05-09 09:00,2026-05-09 21:00,2026-05-09 21:00,2026-05-11 09:30,2026-05-11 10:00,2026-05-11 10:00,2026-05-14 09:50,2026-05-15 07:50,2026-05-15 07:50,2026-05-15 09:23,2026-05-15 09:24,2026-05-15 09:24,2026-05-15 11:06,2026-05-15 11:08,2026-05-15 11:08,2026-05-15 13:33,2026-05-15 14:08
Cerv-000019-S3,Cerv-000019,Cerv-000019,Cerv-000019-S3,0,,2026-05-09 09:00,2026-05-09 09:00,2026-05-09 21:00,2026-05-09 21:00,2026-05-11 09:30,2026-05-11 10:00,2026-05-11 10:00,2026-05-14 09:50,2026-05-15 07:50,2026-05-15 07:50,2026-05-15 09:24,2026-05-15 09:25,2026-05-15 09:25,2026-05-15 11:08,2026-05-15 11:10,2026-05-15 11:10,2026-05-15 13:33,2026-05-15 14:08
Cerv-000019-S4,Cerv-000019,Cerv-000019,Cerv-000019-S4,0,,2026-05-09 09:00,2026-05-09 09:00,2026-05-09 21:00,2026-05-09 21:00,2026-05-11 09:30,2026-05-11 10:00,2026-05-11 10:00,2026-05-14 09:50,2026-05-15 07:50,2026-05-15 07:50,2026-05-15 09:25,2026-05-15 09:26,2026-05-15 09:26,2026-05-15 11:10,2026-05-15 11:12,2026-05-15 11:12,2026-05-15 13:33,2026-05-15 14:08
Cerv-000019-S5,Cerv-000019,Cerv-000019,Cerv-000019-S5,0,,2026-05-09 09:00,2026-05-09 09:00,2026-05-09 21:00,2026-05-09 21:00,2026-05-11 09:30,2026-05-11 10:00,2026-05-11 10:00,2026-05-14 09:50,2026-05-15 07:50,2026-05-15 07:50,2026-05-15 09:26,2026-05-15 09:27,2026-05-15 09:27,2026-05-15 11:12,2026-05-15 11:14,2026-05-15 11:14,2026-05-15 13:33,2026-05-15 14:08
Cerv-000019-S6,Cerv-000019,Cerv-000019,Cerv-000019-S6,0,,2026-05-09 09:00,2026-05-09 09:00,2026-05-09 21:00,2026-05-09 21:00,2026-05-11 09:30,2026-05-11 10:00,2026-05-11 10:00,2026-05-14 09:50,2026-05-15 07:50,2026-05-15 07:50,2026-05-15 09:27,2026-05-15 09:28,2026-05-15 09:28,2026-05-15 11:14,2026-05-15 11:16,2026-05-15 11:16,2026-05-15 13:33,2026-05-15 14:08
Cerv-000019-S7,Cerv-000019,Cerv-000019,Cerv-000019-S7,0,,2026-05-09 09:00,2026-05-09 09:00,2026-05-09 21:00,2026-05-09 21:00,2026-05-11 09:30,2026-05-11 10:00,2026-05-11 10:00,2026-05-14 09:50,2026-05-15 07:50,2026-05-15 07:50,2026-05-15 09:28,2026-05-15 09:29,2026-05-15 09:29,2026-05-15 11:16,2026-05-15 11:18,2026-05-15 11:18,2026-05-15 13:33,2026-05-15 14:08
Cerv-000019-S8,Cerv-000019,Cerv-000019,Cerv-000019-S8,0,,2026-05-09 09:00,2026-05-09 09:00,2026-05-09 21:00,2026-05-09 21:00,2026-05-11 09:30,2026-05-11 10:00,2026-05-11 10:00,2026-05-14 09:50,2026-05-15 07:50,2026-05-15 07:50,2026-05-15 09:29,2026-05-15 09:30,2026-05-15 09:30,2026-05-15 11:18,2026-05-15 11:20,2026-05-15 11:20,2026-05-15 13:33,2026-05-15 14:08
Cerv-000019-S9,Cerv-000019,Cerv-000019,Cerv-000019-S9,0,,2026-05-09 09:00,2026-05-09 09:00,2026-05-09 21:00,2026-05-09 21:00,2026-05-11 09:30,2026-05-11 10:00,2026-05-11 10:00,2026-05-14 09:50,2026-05-15 07:50,2026-05-15 07:50,2026-05-15 09:30,2026-05-15 09:31,2026-05-15 09:31,2026-05-15 11:20,2026-05-15 11:22,2026-05-15 11:22,2026-05-15 14:08,2026-05-15 14:43
Cerv-000019-S10,Cerv-000019,Cerv-000019,Cerv-000019-S10,0,,2026-05-09 09:00,2026-05-09 09:00,2026-05-09 21:00,2026-05-09 21:00,2026-05-11 09:30,2026-05-11 10:00,2026-05-11 10:00,2026-05-14 09:50,2026-05-15 07:50,2026-05-15 07:50,2026-05-15 09:31,2026-05-15 09:32,2026-05-15 09:32,2026-05-15 11:22,2026-05-15 11:24,2026-05-15 11:24,2026-05-15 14:08,2026-05-15 14:43
Cerv-000022-S1,Cerv-000022,Cerv-000022,Cerv-000022-S1,0,,2026-05-10 09:00,2026-05-10 09:00,2026-05-10 15:00,2026-05-10 15:00,2026-05-11 09:50,2026-05-11 10:00,2026-05-11 10:00,2026-05-14 09:50,2026-05-15 07:50,2026-05-15 07:50,2026-05-15 09:32,2026-05-15 09:33,2026-05-15 09:33,2026-05-15 11:24,2026-05-15 11:26,2026-05-15 11:26,2026-05-15 14:08,2026-05-15 14:43
NonCerv-000055-S1,NonCerv-000055,NonCerv-000055,NonCerv-000055-S1,0,,2026-05-09 12:36,2026-05-09 12:36,2026-05-09 18:36,2026-05-09 18:36,2026-05-11 10:00,2026-05-11 10:10,2026-05-11 10:10,2026-05-14 09:50,2026-05-15 07:50,2026-05-15 07:50,2026-05-15 09:33,2026-05-15 09:34,2026-05-15 09:34,2026-05-15 11:26,2026-05-15 11:28,2026-05-15 11:28,2026-05-15 14:08,2026-05-15 14:43
NonCerv-000054-S1,NonCerv-000054,NonCerv-000054,NonCerv-000054-S1,0,,2026-05-09 12:13,2026-05-09 12:13,2026-05-09 18:13,2026-05-09 18:13,2026-05-11 10:00,2026-05-11 10:10,2026-05-11 10:10,2026-05-14 09:50,2026-05-15 07:50,2026-05-15 07:50,2026-05-15 09:34,2026-05-15 09:35,2026-05-15 09:35,2026-05-15 11:28,2026-05-15 11:30,2026-05-15 11:30,2026-05-15 14:08,2026-05-15 14:43
NonCerv-000063-S1,NonCerv-000063,NonCerv-000063,NonCerv-000063-S1,0,,2026-05-10 16:51,2026-05-10 16:51,2026-05-10 22:51,2026-05-10 22:51,2026-05-11 10:10,2026-05-11 10:20,2026-05-11 10:20,2026-05-14 09:50,2026-05-15 07:50,2026-05-15 07:50,2026-05-15 09:35,2026-05-15 09:36,2026-05-15 09:36,2026-05-15 11:30,2026-05-15 11:32,2026-05-15 11:32,2026-05-15 14:08,2026-05-15 14:43
Cerv-000020-S1,Cerv-000020,Cerv-000020,Cerv-000020-S1,0,,2026-05-09 10:07,2026-05-09 10:07,2026-05-09 16:07,2026-05-09 16:07,2026-05-11 10:10,2026-05-11 10:20,2026-05-11 10:20,2026-05-14 09:50,2026-05-15 07:50,2026-05-15 07:50,2026-05-15 09:36,2026-05-15 09:37,2026-05-15 09:37,2026-05-15 11:32,2026-05-15 11:34,2026-05-15 11:34,2026-05-15 14:08,2026-05-15 14:43
Cerv-000021-S1,Cerv-000021,Cerv-000021,Cerv-000021-S1,0,,2026-05-09 16:51,2026-05-09 16:51,2026-05-09 22:51,2026-05-09 22:51,2026-05-11 10:20,2026-05-11 10:30,2026-05-11 10:30,2026-05-14 09:50,2026-05-15 07:50,2026-05-15 07:50,2026-05-15 09:37,2026-05-15 09:38,2026-05-15 09:38,2026-05-15 11:34,2026-05-15 11:36,2026-05-15 11:36,2026-05-15 14:08,2026-05-15 14:43
NonCerv-000059-S1,NonCerv-000059,NonCerv-000059,NonCerv-000059-S1,0,,2026-05-09 15:29,2026-05-09 15:29,2026-05-09 21:29,2026-05-09 21:29,2026-05-11 10:20,2026-05-11 10:30,2026-05-11 10:30,2026-05-14 09:50,2026-05-15 07:50,2026-05-15 07:50,2026-05-15 09:38,2026-05-15 09:39,2026-05-15 09:39,2026-05-15 11:36,2026-05-15 11:38,2026-05-15 11:38,2026-05-15 14:08,2026-05-15 14:43
NonCerv-000062-S1,NonCerv-000062,NonCerv-000062,NonCerv-000062-S1,0,,2026-05-10 13:56,2026-05-10 13:56,2026-05-10 19:56,2026-05-10 19:56,2026-05-11 10:30,2026-05-11 10:40,2026-05-11 10:40,2026-05-14 09:50,2026-05-15 07:50,2026-05-15 07:50,2026-05-15 09:39,2026-05-15 09:40,2026-05-15 09:40,2026-05-15 11:38,2026-05-15 11:40,2026-05-15 11:40,2026-05-15 14:08,2026-05-15 14:43
Cerv-000023-S1,Cerv-000023,Cerv-000023,Cerv-000023-S1,0,,2026-05-11 09:00,2026-05-11 09:00,2026-05-11 15:00,2026-05-11 15:00,2026-05-11 15:00,2026-05-11 15:10,2026-05-11 15:10,2026-05-14 09:50,2026-05-15 07:50,2026-05-15 07:50,2026-05-15 09:40,2026-05-15 09:41,2026-05-15 09:41,2026-05-15 11:40,2026-05-15 11:42,2026-05-15 11:42,2026-05-15 14:08,2026-05-15 14:43
NonCerv-000064-S1,NonCerv-000064,NonCerv-000064,NonCerv-000064-S1,0,,2026-05-11 09:00,2026-05-11 09:00,2026-05-11 15:00,2026-05-11 15:00,2026-05-11 15:00,2026-05-11 15:10,2026-05-11 15:10,2026-05-14 09:50,2026-05-15 07:50,2026-05-15 07:50,2026-05-15 09:41,2026-05-15 09:42,2026-05-15 09:42,2026-05-15 11:42,2026-05-15 11:44,2026-05-15 11:44,2026-05-15 14:08,2026-05-15 14:43
Cerv-000024-S1,Cerv-000024,Cerv-000024,Cerv-000024-S1,0,,2026-05-11 09:39,2026-05-11 09:39,2026-05-11 15:39,2026-05-11 15:39,2026-05-11 15:39,2026-05-11 15:49,2026-05-11 15:49,2026-05-14 09:50,2026-05-15 07:50,2026-05-15 07:50,2026-05-15 09:42,2026-05-15 09:43,2026-05-15 09:43,2026-05-15 11:44,2026-05-15 11:46,2026-05-15 11:46,2026-05-15 14:08,2026-05-15 14:43
Cerv-000025-S1,Cerv-000025,Cerv-000025,Cerv-000025-S1,0,,2026-05-11 10:31,2026-05-11 10:31,2026-05-11 16:31,2026-05-11 16:31,2026-05-11 16:31,2026-05-11 16:41,2026-05-11 16:41,2026-05-14 09:50,2026-05-15 07:50,2026-05-15 07:50,2026-05-15 09:43,2026-05-15 09:44,2026-05-15 09:44,2026-05-15 11:46,2026-05-15 11:48,2026-05-15 11:48,2026-05-15 14:08,2026-05-15 14:43
NonCerv-000066-S1,NonCerv-000066,NonCerv-000066,NonCerv-000066-S1,0,,2026-05-11 11:40,2026-05-11 11:40,2026-05-11 17:40,2026-05-11 17:40,2026-05-12 09:00,2026-05-12 09:10,2026-05-12 09:10,2026-05-14 09:50,2026-05-15 07:50,2026-05-15 07:50,2026-05-15 09:44,2026-05-15 09:45,2026-05-15 09:45,2026-05-15 11:48,2026-05-15 11:50,2026-05-15 11:50,2026-05-15 14:08,2026-05-15 14:43
NonCerv-000068-S1,NonCerv-000068,NonCerv-000068,NonCerv-000068-S1,0,,2026-05-11 14:52,2026-05-11 14:52,2026-05-11 20:52,2026-05-11 20:52,2026-05-12 09:10,2026-05-12 09:20,2026-05-12 09:20,2026-05-14 09:50,2026-05-15 07:50,2026-05-15 07:50,2026-05-15 09:45,2026-05-15 09:46,2026-05-15 09:46,2026-05-15 11:50,2026-05-15 11:52,2026-05-15 11:52,2026-05-15 14:08,2026-05-15 14:43
NonCerv-000065-S1,NonCerv-000065,NonCerv-000065,NonCerv-000065-S1,0,,2026-05-11 10:38,2026-05-11 10:38,2026-05-11 22:38,2026-05-11 22:38,2026-05-12 09:00,2026-05-12 09:30,2026-05-12 09:30,2026-05-14 09:50,2026-05-15 07:50,2026-05-15 07:50,2026-05-15 09:46,2026-05-15 09:47,2026-05-15 09:47,2026-05-15 11:52,2026-05-15 11:54,2026-05-15 11:54,2026-05-15 14:08,2026-05-15 14:43
NonCerv-000065-S2,NonCerv-000065,NonCerv-000065,NonCerv-000065-S2,0,,2026-05-11 10:38,2026-05-11 10:38,2026-05-11 22:38,2026-05-11 22:38,2026-05-12 09:00,2026-05-12 09:30,2026-05-12 09:30,2026-05-14 09:50,2026-05-15 07:50,2026-05-15 07:50,2026-05-15 09:47,2026-05-15 09:48,2026-05-15 09:48,2026-05-15 11:54,2026-05-15 11:56,2026-05-15 11:56,2026-05-15 14:08,2026-05-15 14:43
NonCerv-000065-S3,NonCerv-000065,NonCerv-000065,NonCerv-000065-S3,0,,2026-05-11 10:38,2026-05-11 10:38,2026-05-11 22:38,2026-05-11 22:38,2026-05-12 09:00,2026-05-12 09:30,2026-05-12 09:30,2026-05-14 09:50,2026-05-15 07:50,2026-05-15 07:50,2026-05-15 09:48,2026-05-15 09:49,2026-05-15 09:49,2026-05-15 11:56,2026-05-15 11:58,2026-05-15 11:58,2026-05-15 14:08,2026-05-15 14:43
NonCerv-000065-S4,NonCerv-000065,NonCerv-000065,NonCerv-000065-S4,0,,2026-05-11 10:38,2026-05-11 10:38,2026-05-11 22:38,2026-05-11 22:38,2026-05-12 09:00,2026-05-12 09:30,2026-05-12 09:30,2026-05-14 09:50,2026-05-15 07:50,2026-05-15 07:50,2026-05-15 09:49,2026-05-15 09:50,2026-05-15 09:50,2026-05-15 11:58,2026-05-15 12:00,2026-05-15 12:00,2026-05-15 14:08,2026-05-15 14:43
NonCerv-000065-S5,NonCerv-000065,NonCerv-000065,NonCerv-000065-S5,0,,2026-05-11 10:38,2026-05-11 10:38,2026-05-11 22:38,2026-05-11 22:38,2026-05-12 09:00,2026-05-12 09:30,2026-05-12 09:30,2026-05-14 09:50,2026-05-15 07:50,2026-05-15 07:50,2026-05-15 09:50,2026-05-15 09:51,2026-05-15 09:51,2026-05-15 12:00,2026-05-15 12:02,2026-05-15 12:02,2026-05-15 14:08,2026-05-15 14:43
NonCerv-000065-S6,NonCerv-000065,NonCerv-000065,NonCerv-000065-S6,0,,2026-05-11 10:38,2026-05-11 10:38,2026-05-11 22:38,2026-05-11 22:38,2026-05-12 09:00,2026-05-12 09:30,2026-05-12 09:30,2026-05-14 09:50,2026-05-15 07:50,2026-05-15 07:50,2026-05-15 09:51,2026-05-15 09:52,2026-05-15 09:52,2026-05-15 12:02,2026-05-15 12:04,2026-05-15 12:04,2026-05-15 14:08,2026-05-15 14:43
NonCerv-000065-S7,NonCerv-000065,NonCerv-000065,NonCerv-000065-S7,0,,2026-05-11 10:38,2026-05-11 10:38,2026-05-11 22:38,2026-05-11 22:38,2026-05-12 09:00,2026-05-12 09:30,2026-05-12 09:30,2026-05-14 09:50,2026-05-15 07:50,2026-05-15 07:50,2026-05-15 09:52,2026-05-15 09:53,2026-05-15 09:53,2026-05-15 12:04,2026-05-15 12:06,2026-05-15 12:06,2026-05-15 14:08,2026-05-15 14:43
NonCerv-000065-S8,NonCerv-000065,NonCerv-000065,NonCerv-000065-S8,0,,2026-05-11 10:38,2026-05-11 10:38,2026-05-11 22:38,2026-05-11 22:38,2026-05-12 09:00,2026-05-12 09:30,2026-05-12 09:30,2026-05-14 09:50,2026-05-15 07:50,2026-05-15 07:50,2026-05-15 09:53,2026-05-15 09:54,2026-05-15 09:54,2026-05-15 12:06,2026-05-15 12:08,2026-05-15 12:08,2026-05-15 14:08,2026-05-15 14:43
NonCerv-000065-S9,NonCerv-000065,NonCerv-000065,NonCerv-000065-S9,0,,2026-05-11 10:38,2026-05-11 10:38,2026-05-11 22:38,2026-05-11 22:38,2026-05-12 09:00,2026-05-12 09:30,2026-05-12 09:30,2026-05-14 09:50,2026-05-15 07:50,2026-05-15 07:50,2026-05-15 09:54,2026-05-15 09:55,2026-05-15 09:55,2026-05-15 12:08,2026-05-15 12:10,2026-05-15 12:10,2026-05-15 14:08,2026-05-15 14:43
NonCerv-000065-S10,NonCerv-000065,NonCerv-000065,NonCerv-000065-S10,0,,2026-05-11 10:38,2026-05-11 10:38,2026-05-11 22:38,2026-05-11 22:38,2026-05-12 09:00,2026-05-12 09:30,2026-05-12 09:30,2026-05-14 09:50,2026-05-15 07:50,2026-05-15 07:50,2026-05-15 09:55,2026-05-15 09:56,2026-05-15 09:56,2026-05-15 12:10,2026-05-15 12:12,2026-05-15 12:12,2026-05-15 14:43,2026-05-15 15:18
NonCerv-000067-S1,NonCerv-000067,NonCerv-000067,NonCerv-000067-S1,0,,2026-05-11 12:00,2026-05-11 12:00,2026-05-11 18:00,2026-05-11 18:00,2026-05-12 09:20,2026-05-12 09:30,2026-05-12 09:30,2026-05-14 09:50,2026-05-15 07:50,2026-05-15 07:50,2026-05-15 09:56,2026-05-15 09:57,2026-05-15 09:57,2026-05-15 12:12,2026-05-15 12:14,2026-05-15 12:14,2026-05-15 14:43,2026-05-15 15:18
NonCerv-000001-R1-S1,NonCerv-000001,NonCerv-000001-R1,,1,senior_pathologist,2026-05-01 09:00,2026-05-01 09:00,2026-05-01 15:00,2026-05-01 15:00,2026-05-01 15:00,2026-05-01 15:10,N/A,N/A,N/A,N/A,N/A,N/A,2026-05-12 10:12,2026-05-12 10:12,2026-05-12 10:14,2026-05-12 10:14,2026-05-12 10:33,2026-05-12 11:08
NonCerv-000001-R1-S2,NonCerv-000001,NonCerv-000001-R1,,1,senior_pathologist,2026-05-01 09:00,2026-05-01 09:00,2026-05-01 15:00,2026-05-01 15:00,2026-05-01 15:00,2026-05-01 15:10,N/A,N/A,N/A,N/A,N/A,N/A,2026-05-12 10:12,2026-05-12 10:14,2026-05-12 10:16,2026-05-12 10:16,2026-05-12 10:33,2026-05-12 11:08
NonCerv-000001-R1-S3,NonCerv-000001,NonCerv-000001-R1,,1,senior_pathologist,2026-05-01 09:00,2026-05-01 09:00,2026-05-01 15:00,2026-05-01 15:00,2026-05-01 15:00,2026-05-01 15:10,N/A,N/A,N/A,N/A,N/A,N/A,2026-05-12 10:12,2026-05-12 10:16,2026-05-12 10:18,2026-05-12 10:18,2026-05-12 10:33,2026-05-12 11:08
NonCerv-000001-R1-S4,NonCerv-000001,NonCerv-000001-R1,,1,senior_pathologist,2026-05-01 09:00,2026-05-01 09:00,2026-05-01 15:00,2026-05-01 15:00,2026-05-01 15:00,2026-05-01 15:10,N/A,N/A,N/A,N/A,N/A,N/A,2026-05-12 10:12,2026-05-12 10:18,2026-05-12 10:20,2026-05-12 10:20,2026-05-12 10:33,2026-05-12 11:08
NonCerv-000001-R1-S5,NonCerv-000001,NonCerv-000001-R1,,1,senior_pathologist,2026-05-01 09:00,2026-05-01 09:00,2026-05-01 15:00,2026-05-01 15:00,2026-05-01 15:00,2026-05-01 15:10,N/A,N/A,N/A,N/A,N/A,N/A,2026-05-12 10:12,2026-05-12 10:20,2026-05-12 10:22,2026-05-12 10:22,2026-05-12 10:33,2026-05-12 11:08
NonCerv-000008-R1-S1,NonCerv-000008,NonCerv-000008-R1,,1,senior_pathologist,2026-05-01 14:07,2026-05-01 14:07,2026-05-01 20:07,2026-05-01 20:07,2026-05-02 09:10,2026-05-02 09:20,N/A,N/A,N/A,N/A,N/A,N/A,2026-05-12 10:23,2026-05-12 10:23,2026-05-12 10:25,2026-05-12 10:25,2026-05-12 10:33,2026-05-12 11:08
NonCerv-000008-R1-S2,NonCerv-000008,NonCerv-000008-R1,,1,senior_pathologist,2026-05-01 14:07,2026-05-01 14:07,2026-05-01 20:07,2026-05-01 20:07,2026-05-02 09:10,2026-05-02 09:20,N/A,N/A,N/A,N/A,N/A,N/A,2026-05-12 10:23,2026-05-12 10:25,2026-05-12 10:27,2026-05-12 10:27,2026-05-12 10:33,2026-05-12 11:08
NonCerv-000008-R1-S3,NonCerv-000008,NonCerv-000008-R1,,1,senior_pathologist,2026-05-01 14:07,2026-05-01 14:07,2026-05-01 20:07,2026-05-01 20:07,2026-05-02 09:10,2026-05-02 09:20,N/A,N/A,N/A,N/A,N/A,N/A,2026-05-12 10:23,2026-05-12 10:27,2026-05-12 10:29,2026-05-12 10:29,2026-05-12 10:33,2026-05-12 11:08
NonCerv-000008-R1-S4,NonCerv-000008,NonCerv-000008-R1,,1,senior_pathologist,2026-05-01 14:07,2026-05-01 14:07,2026-05-01 20:07,2026-05-01 20:07,2026-05-02 09:10,2026-05-02 09:20,N/A,N/A,N/A,N/A,N/A,N/A,2026-05-12 10:23,2026-05-12 10:29,2026-05-12 10:31,2026-05-12 10:31,2026-05-12 10:33,2026-05-12 11:08
NonCerv-000008-R1-S5,NonCerv-000008,NonCerv-000008-R1,,1,senior_pathologist,2026-05-01 14:07,2026-05-01 14:07,2026-05-01 20:07,2026-05-01 20:07,2026-05-02 09:10,2026-05-02 09:20,N/A,N/A,N/A,N/A,N/A,N/A,2026-05-12 10:23,2026-05-12 10:31,2026-05-12 10:33,2026-05-12 10:33,2026-05-12 10:33,2026-05-12 11:08
Cerv-000002-R1-S1,Cerv-000002,Cerv-000002-R1,,1,senior_pathologist,2026-05-01 15:22,2026-05-01 15:22,2026-05-01 21:22,2026-05-01 21:22,2026-05-02 09:30,2026-05-02 09:40,N/A,N/A,N/A,N/A,N/A,N/A,2026-05-12 10:29,2026-05-12 10:33,2026-05-12 10:35,2026-05-12 10:35,2026-05-12 11:26,2026-05-12 12:01
Cerv-000002-R1-S2,Cerv-000002,Cerv-000002-R1,,1,senior_pathologist,2026-05-01 15:22,2026-05-01 15:22,2026-05-01 21:22,2026-05-01 21:22,2026-05-02 09:30,2026-05-02 09:40,N/A,N/A,N/A,N/A,N/A,N/A,2026-05-12 10:29,2026-05-12 10:35,2026-05-12 10:37,2026-05-12 10:37,2026-05-12 11:26,2026-05-12 12:01
Cerv-000002-R1-S3,Cerv-000002,Cerv-000002-R1,,1,senior_pathologist,2026-05-01 15:22,2026-05-01 15:22,2026-05-01 21:22,2026-05-01 21:22,2026-05-02 09:30,2026-05-02 09:40,N/A,N/A,N/A,N/A,N/A,N/A,2026-05-12 10:29,2026-05-12 10:37,2026-05-12 10:39,2026-05-12 10:39,2026-05-12 11:26,2026-05-12 12:01
Cerv-000002-R1-S4,Cerv-000002,Cerv-000002-R1,,1,senior_pathologist,2026-05-01 15:22,2026-05-01 15:22,2026-05-01 21:22,2026-05-01 21:22,2026-05-02 09:30,2026-05-02 09:40,N/A,N/A,N/A,N/A,N/A,N/A,2026-05-12 10:29,2026-05-12 10:39,2026-05-12 10:41,2026-05-12 10:41,2026-05-12 11:26,2026-05-12 12:01
Cerv-000002-R1-S5,Cerv-000002,Cerv-000002-R1,,1,senior_pathologist,2026-05-01 15:22,2026-05-01 15:22,2026-05-01 21:22,2026-05-01 21:22,2026-05-02 09:30,2026-05-02 09:40,N/A,N/A,N/A,N/A,N/A,N/A,2026-05-12 10:29,2026-05-12 10:41,2026-05-12 10:43,2026-05-12 10:43,2026-05-12 11:26,2026-05-12 12:01
Cerv-000005-R1-S1,Cerv-000005,Cerv-000005-R1,,1,senior_pathologist,2026-05-02 16:49,2026-05-02 16:49,2026-05-02 22:49,2026-05-02 22:49,2026-05-04 09:10,2026-05-04 09:20,N/A,N/A,N/A,N/A,N/A,N/A,2026-05-12 10:46,2026-05-12 10:46,2026-05-12 10:48,2026-05-12 10:48,2026-05-12 11:26,2026-05-12 12:01
Cerv-000005-R1-S2,Cerv-000005,Cerv-000005-R1,,1,senior_pathologist,2026-05-02 16:49,2026-05-02 16:49,2026-05-02 22:49,2026-05-02 22:49,2026-05-04 09:10,2026-05-04 09:20,N/A,N/A,N/A,N/A,N/A,N/A,2026-05-12 10:46,2026-05-12 10:48,2026-05-12 10:50,2026-05-12 10:50,2026-05-12 11:26,2026-05-12 12:01
Cerv-000005-R1-S3,Cerv-000005,Cerv-000005-R1,,1,senior_pathologist,2026-05-02 16:49,2026-05-02 16:49,2026-05-02 22:49,2026-05-02 22:49,2026-05-04 09:10,2026-05-04 09:20,N/A,N/A,N/A,N/A,N/A,N/A,2026-05-12 10:46,2026-05-12 10:50,2026-05-12 10:52,2026-05-12 10:52,2026-05-12 11:26,2026-05-12 12:01
Cerv-000005-R1-S4,Cerv-000005,Cerv-000005-R1,,1,senior_pathologist,2026-05-02 16:49,2026-05-02 16:49,2026-05-02 22:49,2026-05-02 22:49,2026-05-04 09:10,2026-05-04 09:20,N/A,N/A,N/A,N/A,N/A,N/A,2026-05-12 10:46,2026-05-12 10:52,2026-05-12 10:54,2026-05-12 10:54,2026-05-12 11:26,2026-05-12 12:01
Cerv-000005-R1-S5,Cerv-000005,Cerv-000005-R1,,1,senior_pathologist,2026-05-02 16:49,2026-05-02 16:49,2026-05-02 22:49,2026-05-02 22:49,2026-05-04 09:10,2026-05-04 09:20,N/A,N/A,N/A,N/A,N/A,N/A,2026-05-12 10:46,2026-05-12 10:54,2026-05-12 10:56,2026-05-12 10:56,2026-05-12 11:26,2026-05-12 12:01
NonCerv-000015-R1-S1,NonCerv-000015,NonCerv-000015-R1,,1,senior_pathologist,2026-05-02 13:59,2026-05-02 13:59,2026-05-02 19:59,2026-05-02 19:59,2026-05-04 09:20,2026-05-04 09:30,N/A,N/A,N/A,N/A,N/A,N/A,2026-05-12 10:56,2026-05-12 10:56,2026-05-12 10:58,2026-05-12 10:58,2026-05-12 11:26,2026-05-12 12:01
NonCerv-000015-R1-S2,NonCerv-000015,NonCerv-000015-R1,,1,senior_pathologist,2026-05-02 13:59,2026-05-02 13:59,2026-05-02 19:59,2026-05-02 19:59,2026-05-04 09:20,2026-05-04 09:30,N/A,N/A,N/A,N/A,N/A,N/A,2026-05-12 10:56,2026-05-12 10:58,2026-05-12 11:00,2026-05-12 11:00,2026-05-12 11:26,2026-05-12 12:01
NonCerv-000015-R1-S3,NonCerv-000015,NonCerv-000015-R1,,1,senior_pathologist,2026-05-02 13:59,2026-05-02 13:59,2026-05-02 19:59,2026-05-02 19:59,2026-05-04 09:20,2026-05-04 09:30,N/A,N/A,N/A,N/A,N/A,N/A,2026-05-12 10:56,2026-05-12 11:00,2026-05-12 11:02,2026-05-12 11:02,2026-05-12 11:26,2026-05-12 12:01
NonCerv-000015-R1-S4,NonCerv-000015,NonCerv-000015-R1,,1,senior_pathologist,2026-05-02 13:59,2026-05-02 13:59,2026-05-02 19:59,2026-05-02 19:59,2026-05-04 09:20,2026-05-04 09:30,N/A,N/A,N/A,N/A,N/A,N/A,2026-05-12 10:56,2026-05-12 11:02,2026-05-12 11:04,2026-05-12 11:04,2026-05-12 11:26,2026-05-12 12:01
NonCerv-000015-R1-S5,NonCerv-000015,NonCerv-000015-R1,,1,senior_pathologist,2026-05-02 13:59,2026-05-02 13:59,2026-05-02 19:59,2026-05-02 19:59,2026-05-04 09:20,2026-05-04 09:30,N/A,N/A,N/A,N/A,N/A,N/A,2026-05-12 10:56,2026-05-12 11:04,2026-05-12 11:06,2026-05-12 11:06,2026-05-12 11:26,2026-05-12 12:01
NonCerv-000017-R1-S1,NonCerv-000017,NonCerv-000017-R1,,1,senior_pathologist,2026-05-03 11:19,2026-05-03 11:19,2026-05-03 17:19,2026-05-03 17:19,2026-05-04 09:00,2026-05-04 09:10,N/A,N/A,N/A,N/A,N/A,N/A,2026-05-12 11:04,2026-05-12 11:06,2026-05-12 11:08,2026-05-12 11:08,2026-05-12 11:26,2026-05-12 12:01
NonCerv-000017-R1-S2,NonCerv-000017,NonCerv-000017-R1,,1,senior_pathologist,2026-05-03 11:19,2026-05-03 11:19,2026-05-03 17:19,2026-05-03 17:19,2026-05-04 09:00,2026-05-04 09:10,N/A,N/A,N/A,N/A,N/A,N/A,2026-05-12 11:04,2026-05-12 11:08,2026-05-12 11:10,2026-05-12 11:10,2026-05-12 11:26,2026-05-12 12:01
NonCerv-000017-R1-S3,NonCerv-000017,NonCerv-000017-R1,,1,senior_pathologist,2026-05-03 11:19,2026-05-03 11:19,2026-05-03 17:19,2026-05-03 17:19,2026-05-04 09:00,2026-05-04 09:10,N/A,N/A,N/A,N/A,N/A,N/A,2026-05-12 11:04,2026-05-12 11:10,2026-05-12 11:12,2026-05-12 11:12,2026-05-12 11:26,2026-05-12 12:01
NonCerv-000017-R1-S4,NonCerv-000017,NonCerv-000017-R1,,1,senior_pathologist,2026-05-03 11:19,2026-05-03 11:19,2026-05-03 17:19,2026-05-03 17:19,2026-05-04 09:00,2026-05-04 09:10,N/A,N/A,N/A,N/A,N/A,N/A,2026-05-12 11:04,2026-05-12 11:12,2026-05-12 11:14,2026-05-12 11:14,2026-05-12 11:26,2026-05-12 12:01
NonCerv-000017-R1-S5,NonCerv-000017,NonCerv-000017-R1,,1,senior_pathologist,2026-05-03 11:19,2026-05-03 11:19,2026-05-03 17:19,2026-05-03 17:19,2026-05-04 09:00,2026-05-04 09:10,N/A,N/A,N/A,N/A,N/A,N/A,2026-05-12 11:04,2026-05-12 11:14,2026-05-12 11:16,2026-05-12 11:16,2026-05-12 11:26,2026-05-12 12:01
Cerv-000006-R1-S1,Cerv-000006,Cerv-000006-R1,,1,senior_pathologist,2026-05-03 09:00,2026-05-03 09:00,2026-05-03 15:00,2026-05-03 15:00,2026-05-04 09:40,2026-05-04 09:50,N/A,N/A,N/A,N/A,N/A,N/A,2026-05-12 11:12,2026-05-12 11:16,2026-05-12 11:18,2026-05-12 11:18,2026-05-12 11:26,2026-05-12 12:01
Cerv-000006-R1-S2,Cerv-000006,Cerv-000006-R1,,1,senior_pathologist,2026-05-03 09:00,2026-05-03 09:00,2026-05-03 15:00,2026-05-03 15:00,2026-05-04 09:40,2026-05-04 09:50,N/A,N/A,N/A,N/A,N/A,N/A,2026-05-12 11:12,2026-05-12 11:18,2026-05-12 11:20,2026-05-12 11:20,2026-05-12 11:26,2026-05-12 12:01
Cerv-000006-R1-S3,Cerv-000006,Cerv-000006-R1,,1,senior_pathologist,2026-05-03 09:00,2026-05-03 09:00,2026-05-03 15:00,2026-05-03 15:00,2026-05-04 09:40,2026-05-04 09:50,N/A,N/A,N/A,N/A,N/A,N/A,2026-05-12 11:12,2026-05-12 11:20,2026-05-12 11:22,2026-05-12 11:22,2026-05-12 11:26,2026-05-12 12:01
Cerv-000006-R1-S4,Cerv-000006,Cerv-000006-R1,,1,senior_pathologist,2026-05-03 09:00,2026-05-03 09:00,2026-05-03 15:00,2026-05-03 15:00,2026-05-04 09:40,2026-05-04 09:50,N/A,N/A,N/A,N/A,N/A,N/A,2026-05-12 11:12,2026-05-12 11:22,2026-05-12 11:24,2026-05-12 11:24,2026-05-12 11:26,2026-05-12 12:01
Cerv-000006-R1-S5,Cerv-000006,Cerv-000006-R1,,1,senior_pathologist,2026-05-03 09:00,2026-05-03 09:00,2026-05-03 15:00,2026-05-03 15:00,2026-05-04 09:40,2026-05-04 09:50,N/A,N/A,N/A,N/A,N/A,N/A,2026-05-12 11:12,2026-05-12 11:24,2026-05-12 11:26,2026-05-12 11:26,2026-05-12 11:26,2026-05-12 12:01
NonCerv-000013-R1-S1,NonCerv-000013,NonCerv-000013-R1,,1,senior_pathologist,2026-05-02 10:20,2026-05-02 10:20,2026-05-02 16:20,2026-05-02 16:20,2026-05-04 09:50,2026-05-04 10:00,N/A,N/A,N/A,N/A,N/A,N/A,2026-05-12 11:12,2026-05-12 11:26,2026-05-12 11:28,2026-05-12 11:28,2026-05-12 12:42,2026-05-12 13:17
NonCerv-000013-R1-S2,NonCerv-000013,NonCerv-000013-R1,,1,senior_pathologist,2026-05-02 10:20,2026-05-02 10:20,2026-05-02 16:20,2026-05-02 16:20,2026-05-04 09:50,2026-05-04 10:00,N/A,N/A,N/A,N/A,N/A,N/A,2026-05-12 11:12,2026-05-12 11:28,2026-05-12 11:30,2026-05-12 11:30,2026-05-12 12:42,2026-05-12 13:17
NonCerv-000013-R1-S3,NonCerv-000013,NonCerv-000013-R1,,1,senior_pathologist,2026-05-02 10:20,2026-05-02 10:20,2026-05-02 16:20,2026-05-02 16:20,2026-05-04 09:50,2026-05-04 10:00,N/A,N/A,N/A,N/A,N/A,N/A,2026-05-12 11:12,2026-05-12 11:30,2026-05-12 11:32,2026-05-12 11:32,2026-05-12 12:42,2026-05-12 13:17
NonCerv-000013-R1-S4,NonCerv-000013,NonCerv-000013-R1,,1,senior_pathologist,2026-05-02 10:20,2026-05-02 10:20,2026-05-02 16:20,2026-05-02 16:20,2026-05-04 09:50,2026-05-04 10:00,N/A,N/A,N/A,N/A,N/A,N/A,2026-05-12 11:12,2026-05-12 11:32,2026-05-12 11:34,2026-05-12 11:34,2026-05-12 12:42,2026-05-12 13:17
NonCerv-000013-R1-S5,NonCerv-000013,NonCerv-000013-R1,,1,senior_pathologist,2026-05-02 10:20,2026-05-02 10:20,2026-05-02 16:20,2026-05-02 16:20,2026-05-04 09:50,2026-05-04 10:00,N/A,N/A,N/A,N/A,N/A,N/A,2026-05-12 11:12,2026-05-12 11:34,2026-05-12 11:36,2026-05-12 11:36,2026-05-12 12:42,2026-05-12 13:17
NonCerv-000019-R1-S1,NonCerv-000019,NonCerv-000019-R1,,1,senior_pathologist,2026-05-04 11:51,2026-05-04 11:51,2026-05-04 17:51,2026-05-04 17:51,2026-05-05 09:10,2026-05-05 09:20,N/A,N/A,N/A,N/A,N/A,N/A,2026-05-12 11:25,2026-05-12 11:36,2026-05-12 11:38,2026-05-12 11:38,2026-05-12 12:42,2026-05-12 13:17
NonCerv-000019-R1-S2,NonCerv-000019,NonCerv-000019-R1,,1,senior_pathologist,2026-05-04 11:51,2026-05-04 11:51,2026-05-04 17:51,2026-05-04 17:51,2026-05-05 09:10,2026-05-05 09:20,N/A,N/A,N/A,N/A,N/A,N/A,2026-05-12 11:25,2026-05-12 11:38,2026-05-12 11:40,2026-05-12 11:40,2026-05-12 12:42,2026-05-12 13:17
NonCerv-000019-R1-S3,NonCerv-000019,NonCerv-000019-R1,,1,senior_pathologist,2026-05-04 11:51,2026-05-04 11:51,2026-05-04 17:51,2026-05-04 17:51,2026-05-05 09:10,2026-05-05 09:20,N/A,N/A,N/A,N/A,N/A,N/A,2026-05-12 11:25,2026-05-12 11:40,2026-05-12 11:42,2026-05-12 11:42,2026-05-12 12:42,2026-05-12 13:17
NonCerv-000019-R1-S4,NonCerv-000019,NonCerv-000019-R1,,1,senior_pathologist,2026-05-04 11:51,2026-05-04 11:51,2026-05-04 17:51,2026-05-04 17:51,2026-05-05 09:10,2026-05-05 09:20,N/A,N/A,N/A,N/A,N/A,N/A,2026-05-12 11:25,2026-05-12 11:42,2026-05-12 11:44,2026-05-12 11:44,2026-05-12 12:42,2026-05-12 13:17
NonCerv-000019-R1-S5,NonCerv-000019,NonCerv-000019-R1,,1,senior_pathologist,2026-05-04 11:51,2026-05-04 11:51,2026-05-04 17:51,2026-05-04 17:51,2026-05-05 09:10,2026-05-05 09:20,N/A,N/A,N/A,N/A,N/A,N/A,2026-05-12 11:25,2026-05-12 11:44,2026-05-12 11:46,2026-05-12 11:46,2026-05-12 12:42,2026-05-12 13:17
NonCerv-000024-R1-S1,NonCerv-000024,NonCerv-000024-R1,,1,senior_pathologist,2026-05-04 16:31,2026-05-04 16:31,2026-05-04 22:31,2026-05-04 22:31,2026-05-05 09:30,2026-05-05 09:40,N/A,N/A,N/A,N/A,N/A,N/A,2026-05-12 11:43,2026-05-12 11:46,2026-05-12 11:48,2026-05-12 11:48,2026-05-12 12:42,2026-05-12 13:17
NonCerv-000024-R1-S2,NonCerv-000024,NonCerv-000024-R1,,1,senior_pathologist,2026-05-04 16:31,2026-05-04 16:31,2026-05-04 22:31,2026-05-04 22:31,2026-05-05 09:30,2026-05-05 09:40,N/A,N/A,N/A,N/A,N/A,N/A,2026-05-12 11:43,2026-05-12 11:48,2026-05-12 11:50,2026-05-12 11:50,2026-05-12 12:42,2026-05-12 13:17
NonCerv-000024-R1-S3,NonCerv-000024,NonCerv-000024-R1,,1,senior_pathologist,2026-05-04 16:31,2026-05-04 16:31,2026-05-04 22:31,2026-05-04 22:31,2026-05-05 09:30,2026-05-05 09:40,N/A,N/A,N/A,N/A,N/A,N/A,2026-05-12 11:43,2026-05-12 11:50,2026-05-12 11:52,2026-05-12 11:52,2026-05-12 12:42,2026-05-12 13:17
NonCerv-000024-R1-S4,NonCerv-000024,NonCerv-000024-R1,,1,senior_pathologist,2026-05-04 16:31,2026-05-04 16:31,2026-05-04 22:31,2026-05-04 22:31,2026-05-05 09:30,2026-05-05 09:40,N/A,N/A,N/A,N/A,N/A,N/A,2026-05-12 11:43,2026-05-12 11:52,2026-05-12 11:54,2026-05-12 11:54,2026-05-12 12:42,2026-05-12 13:17
NonCerv-000024-R1-S5,NonCerv-000024,NonCerv-000024-R1,,1,senior_pathologist,2026-05-04 16:31,2026-05-04 16:31,2026-05-04 22:31,2026-05-04 22:31,2026-05-05 09:30,2026-05-05 09:40,N/A,N/A,N/A,N/A,N/A,N/A,2026-05-12 11:43,2026-05-12 11:54,2026-05-12 11:56,2026-05-12 11:56,2026-05-12 12:42,2026-05-12 13:17
NonCerv-000027-R1-S1,NonCerv-000027,NonCerv-000027-R1,,1,senior_pathologist,2026-05-05 09:29,2026-05-05 09:29,2026-05-05 21:29,2026-05-05 21:29,2026-05-06 09:00,2026-05-06 09:30,N/A,N/A,N/A,N/A,N/A,N/A,2026-05-12 12:01,2026-05-12 12:01,2026-05-12 12:03,2026-05-12 12:03,2026-05-12 12:42,2026-05-12 13:17
NonCerv-000027-R1-S2,NonCerv-000027,NonCerv-000027-R1,,1,senior_pathologist,2026-05-05 09:29,2026-05-05 09:29,2026-05-05 21:29,2026-05-05 21:29,2026-05-06 09:00,2026-05-06 09:30,N/A,N/A,N/A,N/A,N/A,N/A,2026-05-12 12:01,2026-05-12 12:03,2026-05-12 12:05,2026-05-12 12:05,2026-05-12 12:42,2026-05-12 13:17
NonCerv-000027-R1-S3,NonCerv-000027,NonCerv-000027-R1,,1,senior_pathologist,2026-05-05 09:29,2026-05-05 09:29,2026-05-05 21:29,2026-05-05 21:29,2026-05-06 09:00,2026-05-06 09:30,N/A,N/A,N/A,N/A,N/A,N/A,2026-05-12 12:01,2026-05-12 12:05,2026-05-12 12:07,2026-05-12 12:07,2026-05-12 12:42,2026-05-12 13:17
NonCerv-000027-R1-S4,NonCerv-000027,NonCerv-000027-R1,,1,senior_pathologist,2026-05-05 09:29,2026-05-05 09:29,2026-05-05 21:29,2026-05-05 21:29,2026-05-06 09:00,2026-05-06 09:30,N/A,N/A,N/A,N/A,N/A,N/A,2026-05-12 12:01,2026-05-12 12:07,2026-05-12 12:09,2026-05-12 12:09,2026-05-12 12:42,2026-05-12 13:17
NonCerv-000027-R1-S5,NonCerv-000027,NonCerv-000027-R1,,1,senior_pathologist,2026-05-05 09:29,2026-05-05 09:29,2026-05-05 21:29,2026-05-05 21:29,2026-05-06 09:00,2026-05-06 09:30,N/A,N/A,N/A,N/A,N/A,N/A,2026-05-12 12:01,2026-05-12 12:09,2026-05-12 12:11,2026-05-12 12:11,2026-05-12 12:42,2026-05-12 13:17
NonCerv-000040-R1-S1,NonCerv-000040,NonCerv-000040-R1,,1,senior_pathologist,2026-05-06 14:36,2026-05-06 14:36,2026-05-06 20:36,2026-05-06 20:36,2026-05-07 09:20,2026-05-07 09:30,N/A,N/A,N/A,N/A,N/A,N/A,2026-05-12 12:32,2026-05-12 12:32,2026-05-12 12:34,2026-05-12 12:34,2026-05-12 12:42,2026-05-12 13:17
NonCerv-000040-R1-S2,NonCerv-000040,NonCerv-000040-R1,,1,senior_pathologist,2026-05-06 14:36,2026-05-06 14:36,2026-05-06 20:36,2026-05-06 20:36,2026-05-07 09:20,2026-05-07 09:30,N/A,N/A,N/A,N/A,N/A,N/A,2026-05-12 12:32,2026-05-12 12:34,2026-05-12 12:36,2026-05-12 12:36,2026-05-12 12:42,2026-05-12 13:17
NonCerv-000040-R1-S3,NonCerv-000040,NonCerv-000040-R1,,1,senior_pathologist,2026-05-06 14:36,2026-05-06 14:36,2026-05-06 20:36,2026-05-06 20:36,2026-05-07 09:20,2026-05-07 09:30,N/A,N/A,N/A,N/A,N/A,N/A,2026-05-12 12:32,2026-05-12 12:36,2026-05-12 12:38,2026-05-12 12:38,2026-05-12 12:42,2026-05-12 13:17
NonCerv-000040-R1-S4,NonCerv-000040,NonCerv-000040-R1,,1,senior_pathologist,2026-05-06 14:36,2026-05-06 14:36,2026-05-06 20:36,2026-05-06 20:36,2026-05-07 09:20,2026-05-07 09:30,N/A,N/A,N/A,N/A,N/A,N/A,2026-05-12 12:32,2026-05-12 12:38,2026-05-12 12:40,2026-05-12 12:40,2026-05-12 12:42,2026-05-12 13:17
NonCerv-000040-R1-S5,NonCerv-000040,NonCerv-000040-R1,,1,senior_pathologist,2026-05-06 14:36,2026-05-06 14:36,2026-05-06 20:36,2026-05-06 20:36,2026-05-07 09:20,2026-05-07 09:30,N/A,N/A,N/A,N/A,N/A,N/A,2026-05-12 12:32,2026-05-12 12:40,2026-05-12 12:42,2026-05-12 12:42,2026-05-12 12:42,2026-05-12 13:17
NonCerv-000047-R1-S1,NonCerv-000047,NonCerv-000047-R1,,1,senior_pathologist,2026-05-07 13:11,2026-05-07 13:11,2026-05-07 19:11,2026-05-07 19:11,2026-05-08 09:00,2026-05-08 09:10,N/A,N/A,N/A,N/A,N/A,N/A,2026-05-12 12:47,2026-05-12 12:47,2026-05-12 12:49,2026-05-12 12:49,2026-05-13 11:08,2026-05-13 11:43
NonCerv-000047-R1-S2,NonCerv-000047,NonCerv-000047-R1,,1,senior_pathologist,2026-05-07 13:11,2026-05-07 13:11,2026-05-07 19:11,2026-05-07 19:11,2026-05-08 09:00,2026-05-08 09:10,N/A,N/A,N/A,N/A,N/A,N/A,2026-05-12 12:47,2026-05-12 12:49,2026-05-12 12:51,2026-05-12 12:51,2026-05-13 11:08,2026-05-13 11:43
NonCerv-000047-R1-S3,NonCerv-000047,NonCerv-000047-R1,,1,senior_pathologist,2026-05-07 13:11,2026-05-07 13:11,2026-05-07 19:11,2026-05-07 19:11,2026-05-08 09:00,2026-05-08 09:10,N/A,N/A,N/A,N/A,N/A,N/A,2026-05-12 12:47,2026-05-12 12:51,2026-05-12 12:53,2026-05-12 12:53,2026-05-13 11:08,2026-05-13 11:43
NonCerv-000047-R1-S4,NonCerv-000047,NonCerv-000047-R1,,1,senior_pathologist,2026-05-07 13:11,2026-05-07 13:11,2026-05-07 19:11,2026-05-07 19:11,2026-05-08 09:00,2026-05-08 09:10,N/A,N/A,N/A,N/A,N/A,N/A,2026-05-12 12:47,2026-05-12 12:53,2026-05-12 12:55,2026-05-12 12:55,2026-05-13 11:08,2026-05-13 11:43
NonCerv-000047-R1-S5,NonCerv-000047,NonCerv-000047-R1,,1,senior_pathologist,2026-05-07 13:11,2026-05-07 13:11,2026-05-07 19:11,2026-05-07 19:11,2026-05-08 09:00,2026-05-08 09:10,N/A,N/A,N/A,N/A,N/A,N/A,2026-05-12 12:47,2026-05-12 12:55,2026-05-12 12:57,2026-05-12 12:57,2026-05-13 11:08,2026-05-13 11:43
Cerv-000026-S1,Cerv-000026,Cerv-000026,Cerv-000026-S1,0,,2026-05-12 09:00,2026-05-12 09:00,2026-05-12 15:00,2026-05-12 15:00,2026-05-12 15:00,2026-05-12 15:10,2026-05-12 15:10,2026-05-14 09:50,2026-05-15 07:50,2026-05-15 07:50,2026-05-15 09:57,2026-05-15 09:58,2026-05-15 09:58,2026-05-15 12:14,2026-05-15 12:16,2026-05-15 12:16,2026-05-15 14:43,2026-05-15 15:18
NonCerv-000069-S1,NonCerv-000069,NonCerv-000069,NonCerv-000069-S1,0,,2026-05-12 09:00,2026-05-12 09:00,2026-05-12 15:00,2026-05-12 15:00,2026-05-12 15:00,2026-05-12 15:10,2026-05-12 15:10,2026-05-14 09:50,2026-05-15 07:50,2026-05-15 07:50,2026-05-15 09:58,2026-05-15 09:59,2026-05-15 09:59,2026-05-15 12:16,2026-05-15 12:18,2026-05-15 12:18,2026-05-15 14:43,2026-05-15 15:18
NonCerv-000071-S1,NonCerv-000071,NonCerv-000071,NonCerv-000071-S1,0,,2026-05-12 11:30,2026-05-12 11:30,2026-05-12 17:30,2026-05-12 17:30,2026-05-13 09:00,2026-05-13 09:10,2026-05-13 09:10,2026-05-14 09:50,2026-05-15 07:50,2026-05-15 07:50,2026-05-15 09:59,2026-05-15 10:00,2026-05-15 10:00,2026-05-15 12:18,2026-05-15 12:20,2026-05-15 12:20,2026-05-15 14:43,2026-05-15 15:18
NonCerv-000072-S1,NonCerv-000072,NonCerv-000072,NonCerv-000072-S1,0,,2026-05-12 12:15,2026-05-12 12:15,2026-05-12 18:15,2026-05-12 18:15,2026-05-13 09:00,2026-05-13 09:10,2026-05-13 09:10,2026-05-14 09:50,2026-05-15 07:50,2026-05-15 07:50,2026-05-15 10:00,2026-05-15 10:01,2026-05-15 10:01,2026-05-15 12:20,2026-05-15 12:22,2026-05-15 12:22,2026-05-15 14:43,2026-05-15 15:18
Cerv-000027-S1,Cerv-000027,Cerv-000027,Cerv-000027-S1,0,,2026-05-12 10:54,2026-05-12 10:54,2026-05-12 16:54,2026-05-12 16:54,2026-05-13 09:10,2026-05-13 09:20,2026-05-13 09:20,2026-05-14 09:50,2026-05-15 07:50,2026-05-15 07:50,2026-05-15 10:01,2026-05-15 10:02,2026-05-15 10:02,2026-05-15 12:22,2026-05-15 12:24,2026-05-15 12:24,2026-05-15 14:43,2026-05-15 15:18
NonCerv-000075-S1,NonCerv-000075,NonCerv-000075,NonCerv-000075-S1,0,,2026-05-12 15:48,2026-05-12 15:48,2026-05-12 21:48,2026-05-12 21:48,2026-05-13 09:20,2026-05-13 09:30,2026-05-13 09:30,2026-05-14 09:50,2026-05-15 07:50,2026-05-15 07:50,2026-05-15 10:02,2026-05-15 10:03,2026-05-15 10:03,2026-05-15 12:24,2026-05-15 12:26,2026-05-15 12:26,2026-05-15 14:43,2026-05-15 15:18
NonCerv-000073-S1,NonCerv-000073,NonCerv-000073,NonCerv-000073-S1,0,,2026-05-12 13:09,2026-05-12 13:09,2026-05-13 01:09,2026-05-13 01:09,2026-05-13 09:10,2026-05-13 09:40,2026-05-13 09:40,2026-05-14 09:50,2026-05-15 07:50,2026-05-15 07:50,2026-05-15 10:03,2026-05-15 10:04,2026-05-15 10:04,2026-05-15 12:26,2026-05-15 12:28,2026-05-15 12:28,2026-05-15 14:43,2026-05-15 15:18
NonCerv-000073-S2,NonCerv-000073,NonCerv-000073,NonCerv-000073-S2,0,,2026-05-12 13:09,2026-05-12 13:09,2026-05-13 01:09,2026-05-13 01:09,2026-05-13 09:10,2026-05-13 09:40,2026-05-13 09:40,2026-05-14 09:50,2026-05-15 07:50,2026-05-15 07:50,2026-05-15 10:04,2026-05-15 10:05,2026-05-15 10:05,2026-05-15 12:28,2026-05-15 12:30,2026-05-15 12:30,2026-05-15 14:43,2026-05-15 15:18
NonCerv-000073-S3,NonCerv-000073,NonCerv-000073,NonCerv-000073-S3,0,,2026-05-12 13:09,2026-05-12 13:09,2026-05-13 01:09,2026-05-13 01:09,2026-05-13 09:10,2026-05-13 09:40,2026-05-13 09:40,2026-05-14 09:50,2026-05-15 07:50,2026-05-15 07:50,2026-05-15 10:05,2026-05-15 10:06,2026-05-15 10:06,2026-05-15 12:30,2026-05-15 12:32,2026-05-15 12:32,2026-05-15 14:43,2026-05-15 15:18
NonCerv-000073-S4,NonCerv-000073,NonCerv-000073,NonCerv-000073-S4,0,,2026-05-12 13:09,2026-05-12 13:09,2026-05-13 01:09,2026-05-13 01:09,2026-05-13 09:10,2026-05-13 09:40,2026-05-13 09:40,2026-05-14 09:50,2026-05-15 07:50,2026-05-15 07:50,2026-05-15 10:06,2026-05-15 10:07,2026-05-15 10:07,2026-05-15 12:32,2026-05-15 12:34,2026-05-15 12:34,2026-05-15 14:43,2026-05-15 15:18
NonCerv-000073-S5,NonCerv-000073,NonCerv-000073,NonCerv-000073-S5,0,,2026-05-12 13:09,2026-05-12 13:09,2026-05-13 01:09,2026-05-13 01:09,2026-05-13 09:10,2026-05-13 09:40,2026-05-13 09:40,2026-05-14 09:50,2026-05-15 07:50,2026-05-15 07:50,2026-05-15 10:07,2026-05-15 10:08,2026-05-15 10:08,2026-05-15 12:34,2026-05-15 12:36,2026-05-15 12:36,2026-05-15 14:43,2026-05-15 15:18
NonCerv-000073-S6,NonCerv-000073,NonCerv-000073,NonCerv-000073-S6,0,,2026-05-12 13:09,2026-05-12 13:09,2026-05-13 01:09,2026-05-13 01:09,2026-05-13 09:10,2026-05-13 09:40,2026-05-13 09:40,2026-05-14 09:50,2026-05-15 07:50,2026-05-15 07:50,2026-05-15 10:08,2026-05-15 10:09,2026-05-15 10:09,2026-05-15 12:36,2026-05-15 12:38,2026-05-15 12:38,2026-05-15 14:43,2026-05-15 15:18
NonCerv-000073-S7,NonCerv-000073,NonCerv-000073,NonCerv-000073-S7,0,,2026-05-12 13:09,2026-05-12 13:09,2026-05-13 01:09,2026-05-13 01:09,2026-05-13 09:10,2026-05-13 09:40,2026-05-13 09:40,2026-05-14 09:50,2026-05-15 07:50,2026-05-15 07:50,2026-05-15 10:09,2026-05-15 10:10,2026-05-15 10:10,2026-05-15 12:38,2026-05-15 12:40,2026-05-15 12:40,2026-05-15 14:43,2026-05-15 15:18
NonCerv-000073-S8,NonCerv-000073,NonCerv-000073,NonCerv-000073-S8,0,,2026-05-12 13:09,2026-05-12 13:09,2026-05-13 01:09,2026-05-13 01:09,2026-05-13 09:10,2026-05-13 09:40,2026-05-13 09:40,2026-05-14 09:50,2026-05-15 07:50,2026-05-15 07:50,2026-05-15 10:10,2026-05-15 10:11,2026-05-15 10:11,2026-05-15 12:40,2026-05-15 12:42,2026-05-15 12:42,2026-05-15 14:43,2026-05-15 15:18
NonCerv-000073-S9,NonCerv-000073,NonCerv-000073,NonCerv-000073-S9,0,,2026-05-12 13:09,2026-05-12 13:09,2026-05-13 01:09,2026-05-13 01:09,2026-05-13 09:10,2026-05-13 09:40,2026-05-13 09:40,2026-05-14 09:50,2026-05-15 07:50,2026-05-15 07:50,2026-05-15 10:11,2026-05-15 10:12,2026-05-15 10:12,2026-05-15 12:42,2026-05-15 12:44,2026-05-15 12:44,2026-05-15 14:43,2026-05-15 15:18
NonCerv-000073-S10,NonCerv-000073,NonCerv-000073,NonCerv-000073-S10,0,,2026-05-12 13:09,2026-05-12 13:09,2026-05-13 01:09,2026-05-13 01:09,2026-05-13 09:10,2026-05-13 09:40,2026-05-13 09:40,2026-05-14 09:50,2026-05-15 07:50,2026-05-15 07:50,2026-05-15 10:12,2026-05-15 10:13,2026-05-15 10:13,2026-05-15 12:44,2026-05-15 12:46,2026-05-15 12:46,2026-05-15 14:43,2026-05-15 15:18
Cerv-000028-S1,Cerv-000028,Cerv-000028,Cerv-000028-S1,0,,2026-05-12 12:06,2026-05-12 12:06,2026-05-12 18:06,2026-05-12 18:06,2026-05-13 09:30,2026-05-13 09:40,2026-05-13 09:40,2026-05-14 09:50,2026-05-15 07:50,2026-05-15 07:50,2026-05-15 10:13,2026-05-15 10:14,2026-05-15 10:14,2026-05-15 12:46,2026-05-15 12:48,2026-05-15 12:48,2026-05-15 14:43,2026-05-15 15:18
NonCerv-000074-S1,NonCerv-000074,NonCerv-000074,NonCerv-000074-S1,0,,2026-05-12 14:06,2026-05-12 14:06,2026-05-12 20:06,2026-05-12 20:06,2026-05-13 09:40,2026-05-13 09:50,2026-05-13 09:50,2026-05-14 09:50,2026-05-15 07:50,2026-05-15 07:50,2026-05-15 10:14,2026-05-15 10:15,2026-05-15 10:15,2026-05-15 12:48,2026-05-15 12:50,2026-05-15 12:50,2026-05-15 14:43,2026-05-15 15:18
NonCerv-000070-S1,NonCerv-000070,NonCerv-000070,NonCerv-000070-S1,0,,2026-05-12 10:52,2026-05-12 10:52,2026-05-12 16:52,2026-05-12 16:52,2026-05-13 09:40,2026-05-13 09:50,2026-05-13 09:50,2026-05-14 09:50,2026-05-15 07:50,2026-05-15 07:50,2026-05-15 10:15,2026-05-15 10:16,2026-05-15 10:16,2026-05-15 12:50,2026-05-15 12:52,2026-05-15 12:52,2026-05-15 14:43,2026-05-15 15:18
NonCerv-000015-R2-S1,NonCerv-000015,NonCerv-000015-R2,,2,senior_pathologist,2026-05-02 13:59,2026-05-02 13:59,2026-05-02 19:59,2026-05-02 19:59,2026-05-04 09:20,2026-05-04 09:30,N/A,N/A,N/A,N/A,N/A,N/A,2026-05-13 10:08,2026-05-13 10:08,2026-05-13 10:10,2026-05-13 10:10,2026-05-13 11:08,2026-05-13 11:43
NonCerv-000015-R2-S2,NonCerv-000015,NonCerv-000015-R2,,2,senior_pathologist,2026-05-02 13:59,2026-05-02 13:59,2026-05-02 19:59,2026-05-02 19:59,2026-05-04 09:20,2026-05-04 09:30,N/A,N/A,N/A,N/A,N/A,N/A,2026-05-13 10:08,2026-05-13 10:10,2026-05-13 10:12,2026-05-13 10:12,2026-05-13 11:08,2026-05-13 11:43
NonCerv-000015-R2-S3,NonCerv-000015,NonCerv-000015-R2,,2,senior_pathologist,2026-05-02 13:59,2026-05-02 13:59,2026-05-02 19:59,2026-05-02 19:59,2026-05-04 09:20,2026-05-04 09:30,N/A,N/A,N/A,N/A,N/A,N/A,2026-05-13 10:08,2026-05-13 10:12,2026-05-13 10:14,2026-05-13 10:14,2026-05-13 11:08,2026-05-13 11:43
NonCerv-000015-R2-S4,NonCerv-000015,NonCerv-000015-R2,,2,senior_pathologist,2026-05-02 13:59,2026-05-02 13:59,2026-05-02 19:59,2026-05-02 19:59,2026-05-04 09:20,2026-05-04 09:30,N/A,N/A,N/A,N/A,N/A,N/A,2026-05-13 10:08,2026-05-13 10:14,2026-05-13 10:16,2026-05-13 10:16,2026-05-13 11:08,2026-05-13 11:43
NonCerv-000015-R2-S5,NonCerv-000015,NonCerv-000015-R2,,2,senior_pathologist,2026-05-02 13:59,2026-05-02 13:59,2026-05-02 19:59,2026-05-02 19:59,2026-05-04 09:20,2026-05-04 09:30,N/A,N/A,N/A,N/A,N/A,N/A,2026-05-13 10:08,2026-05-13 10:16,2026-05-13 10:18,2026-05-13 10:18,2026-05-13 11:08,2026-05-13 11:43
Cerv-000002-R2-S1,Cerv-000002,Cerv-000002-R2,,2,senior_pathologist,2026-05-01 15:22,2026-05-01 15:22,2026-05-01 21:22,2026-05-01 21:22,2026-05-02 09:30,2026-05-02 09:40,N/A,N/A,N/A,N/A,N/A,N/A,2026-05-13 10:10,2026-05-13 10:18,2026-05-13 10:20,2026-05-13 10:20,2026-05-13 11:08,2026-05-13 11:43
Cerv-000002-R2-S2,Cerv-000002,Cerv-000002-R2,,2,senior_pathologist,2026-05-01 15:22,2026-05-01 15:22,2026-05-01 21:22,2026-05-01 21:22,2026-05-02 09:30,2026-05-02 09:40,N/A,N/A,N/A,N/A,N/A,N/A,2026-05-13 10:10,2026-05-13 10:20,2026-05-13 10:22,2026-05-13 10:22,2026-05-13 11:08,2026-05-13 11:43
Cerv-000002-R2-S3,Cerv-000002,Cerv-000002-R2,,2,senior_pathologist,2026-05-01 15:22,2026-05-01 15:22,2026-05-01 21:22,2026-05-01 21:22,2026-05-02 09:30,2026-05-02 09:40,N/A,N/A,N/A,N/A,N/A,N/A,2026-05-13 10:10,2026-05-13 10:22,2026-05-13 10:24,2026-05-13 10:24,2026-05-13 11:08,2026-05-13 11:43
Cerv-000002-R2-S4,Cerv-000002,Cerv-000002-R2,,2,senior_pathologist,2026-05-01 15:22,2026-05-01 15:22,2026-05-01 21:22,2026-05-01 21:22,2026-05-02 09:30,2026-05-02 09:40,N/A,N/A,N/A,N/A,N/A,N/A,2026-05-13 10:10,2026-05-13 10:24,2026-05-13 10:26,2026-05-13 10:26,2026-05-13 11:08,2026-05-13 11:43
Cerv-000002-R2-S5,Cerv-000002,Cerv-000002-R2,,2,senior_pathologist,2026-05-01 15:22,2026-05-01 15:22,2026-05-01 21:22,2026-05-01 21:22,2026-05-02 09:30,2026-05-02 09:40,N/A,N/A,N/A,N/A,N/A,N/A,2026-05-13 10:10,2026-05-13 10:26,2026-05-13 10:28,2026-05-13 10:28,2026-05-13 11:08,2026-05-13 11:43
NonCerv-000040-R2-S1,NonCerv-000040,NonCerv-000040-R2,,2,senior_pathologist,2026-05-06 14:36,2026-05-06 14:36,2026-05-06 20:36,2026-05-06 20:36,2026-05-07 09:20,2026-05-07 09:30,N/A,N/A,N/A,N/A,N/A,N/A,2026-05-13 10:16,2026-05-13 10:28,2026-05-13 10:30,2026-05-13 10:30,2026-05-13 11:08,2026-05-13 11:43
NonCerv-000040-R2-S2,NonCerv-000040,NonCerv-000040-R2,,2,senior_pathologist,2026-05-06 14:36,2026-05-06 14:36,2026-05-06 20:36,2026-05-06 20:36,2026-05-07 09:20,2026-05-07 09:30,N/A,N/A,N/A,N/A,N/A,N/A,2026-05-13 10:16,2026-05-13 10:30,2026-05-13 10:32,2026-05-13 10:32,2026-05-13 11:08,2026-05-13 11:43
NonCerv-000040-R2-S3,NonCerv-000040,NonCerv-000040-R2,,2,senior_pathologist,2026-05-06 14:36,2026-05-06 14:36,2026-05-06 20:36,2026-05-06 20:36,2026-05-07 09:20,2026-05-07 09:30,N/A,N/A,N/A,N/A,N/A,N/A,2026-05-13 10:16,2026-05-13 10:32,2026-05-13 10:34,2026-05-13 10:34,2026-05-13 11:08,2026-05-13 11:43
NonCerv-000040-R2-S4,NonCerv-000040,NonCerv-000040-R2,,2,senior_pathologist,2026-05-06 14:36,2026-05-06 14:36,2026-05-06 20:36,2026-05-06 20:36,2026-05-07 09:20,2026-05-07 09:30,N/A,N/A,N/A,N/A,N/A,N/A,2026-05-13 10:16,2026-05-13 10:34,2026-05-13 10:36,2026-05-13 10:36,2026-05-13 11:08,2026-05-13 11:43
NonCerv-000040-R2-S5,NonCerv-000040,NonCerv-000040-R2,,2,senior_pathologist,2026-05-06 14:36,2026-05-06 14:36,2026-05-06 20:36,2026-05-06 20:36,2026-05-07 09:20,2026-05-07 09:30,N/A,N/A,N/A,N/A,N/A,N/A,2026-05-13 10:16,2026-05-13 10:36,2026-05-13 10:38,2026-05-13 10:38,2026-05-13 11:08,2026-05-13 11:43
NonCerv-000024-R2-S1,NonCerv-000024,NonCerv-000024-R2,,2,senior_pathologist,2026-05-04 16:31,2026-05-04 16:31,2026-05-04 22:31,2026-05-04 22:31,2026-05-05 09:30,2026-05-05 09:40,N/A,N/A,N/A,N/A,N/A,N/A,2026-05-13 10:21,2026-05-13 10:38,2026-05-13 10:40,2026-05-13 10:40,2026-05-13 11:08,2026-05-13 11:43
NonCerv-000024-R2-S2,NonCerv-000024,NonCerv-000024-R2,,2,senior_pathologist,2026-05-04 16:31,2026-05-04 16:31,2026-05-04 22:31,2026-05-04 22:31,2026-05-05 09:30,2026-05-05 09:40,N/A,N/A,N/A,N/A,N/A,N/A,2026-05-13 10:21,2026-05-13 10:40,2026-05-13 10:42,2026-05-13 10:42,2026-05-13 11:08,2026-05-13 11:43
NonCerv-000024-R2-S3,NonCerv-000024,NonCerv-000024-R2,,2,senior_pathologist,2026-05-04 16:31,2026-05-04 16:31,2026-05-04 22:31,2026-05-04 22:31,2026-05-05 09:30,2026-05-05 09:40,N/A,N/A,N/A,N/A,N/A,N/A,2026-05-13 10:21,2026-05-13 10:42,2026-05-13 10:44,2026-05-13 10:44,2026-05-13 11:08,2026-05-13 11:43
NonCerv-000024-R2-S4,NonCerv-000024,NonCerv-000024-R2,,2,senior_pathologist,2026-05-04 16:31,2026-05-04 16:31,2026-05-04 22:31,2026-05-04 22:31,2026-05-05 09:30,2026-05-05 09:40,N/A,N/A,N/A,N/A,N/A,N/A,2026-05-13 10:21,2026-05-13 10:44,2026-05-13 10:46,2026-05-13 10:46,2026-05-13 11:08,2026-05-13 11:43
NonCerv-000024-R2-S5,NonCerv-000024,NonCerv-000024-R2,,2,senior_pathologist,2026-05-04 16:31,2026-05-04 16:31,2026-05-04 22:31,2026-05-04 22:31,2026-05-05 09:30,2026-05-05 09:40,N/A,N/A,N/A,N/A,N/A,N/A,2026-05-13 10:21,2026-05-13 10:46,2026-05-13 10:48,2026-05-13 10:48,2026-05-13 11:08,2026-05-13 11:43
NonCerv-000027-R2-S1,NonCerv-000027,NonCerv-000027-R2,,2,senior_pathologist,2026-05-05 09:29,2026-05-05 09:29,2026-05-05 21:29,2026-05-05 21:29,2026-05-06 09:00,2026-05-06 09:30,N/A,N/A,N/A,N/A,N/A,N/A,2026-05-13 10:27,2026-05-13 10:48,2026-05-13 10:50,2026-05-13 10:50,2026-05-15 12:58,2026-05-15 13:33
NonCerv-000027-R2-S2,NonCerv-000027,NonCerv-000027-R2,,2,senior_pathologist,2026-05-05 09:29,2026-05-05 09:29,2026-05-05 21:29,2026-05-05 21:29,2026-05-06 09:00,2026-05-06 09:30,N/A,N/A,N/A,N/A,N/A,N/A,2026-05-13 10:27,2026-05-13 10:50,2026-05-13 10:52,2026-05-13 10:52,2026-05-15 12:58,2026-05-15 13:33
NonCerv-000027-R2-S3,NonCerv-000027,NonCerv-000027-R2,,2,senior_pathologist,2026-05-05 09:29,2026-05-05 09:29,2026-05-05 21:29,2026-05-05 21:29,2026-05-06 09:00,2026-05-06 09:30,N/A,N/A,N/A,N/A,N/A,N/A,2026-05-13 10:27,2026-05-13 10:52,2026-05-13 10:54,2026-05-13 10:54,2026-05-15 12:58,2026-05-15 13:33
NonCerv-000027-R2-S4,NonCerv-000027,NonCerv-000027-R2,,2,senior_pathologist,2026-05-05 09:29,2026-05-05 09:29,2026-05-05 21:29,2026-05-05 21:29,2026-05-06 09:00,2026-05-06 09:30,N/A,N/A,N/A,N/A,N/A,N/A,2026-05-13 10:27,2026-05-13 10:54,2026-05-13 10:56,2026-05-13 10:56,2026-05-15 12:58,2026-05-15 13:33
NonCerv-000027-R2-S5,NonCerv-000027,NonCerv-000027-R2,,2,senior_pathologist,2026-05-05 09:29,2026-05-05 09:29,2026-05-05 21:29,2026-05-05 21:29,2026-05-06 09:00,2026-05-06 09:30,N/A,N/A,N/A,N/A,N/A,N/A,2026-05-13 10:27,2026-05-13 10:56,2026-05-13 10:58,2026-05-13 10:58,2026-05-15 12:58,2026-05-15 13:33
NonCerv-000001-R2-S1,NonCerv-000001,NonCerv-000001-R2,,2,senior_pathologist,2026-05-01 09:00,2026-05-01 09:00,2026-05-01 15:00,2026-05-01 15:00,2026-05-01 15:00,2026-05-01 15:10,N/A,N/A,N/A,N/A,N/A,N/A,2026-05-13 10:41,2026-05-13 10:58,2026-05-13 11:00,2026-05-13 11:00,2026-05-15 12:58,2026-05-15 13:33
NonCerv-000001-R2-S2,NonCerv-000001,NonCerv-000001-R2,,2,senior_pathologist,2026-05-01 09:00,2026-05-01 09:00,2026-05-01 15:00,2026-05-01 15:00,2026-05-01 15:00,2026-05-01 15:10,N/A,N/A,N/A,N/A,N/A,N/A,2026-05-13 10:41,2026-05-13 11:00,2026-05-13 11:02,2026-05-13 11:02,2026-05-15 12:58,2026-05-15 13:33
NonCerv-000001-R2-S3,NonCerv-000001,NonCerv-000001-R2,,2,senior_pathologist,2026-05-01 09:00,2026-05-01 09:00,2026-05-01 15:00,2026-05-01 15:00,2026-05-01 15:00,2026-05-01 15:10,N/A,N/A,N/A,N/A,N/A,N/A,2026-05-13 10:41,2026-05-13 11:02,2026-05-13 11:04,2026-05-13 11:04,2026-05-15 12:58,2026-05-15 13:33
NonCerv-000001-R2-S4,NonCerv-000001,NonCerv-000001-R2,,2,senior_pathologist,2026-05-01 09:00,2026-05-01 09:00,2026-05-01 15:00,2026-05-01 15:00,2026-05-01 15:00,2026-05-01 15:10,N/A,N/A,N/A,N/A,N/A,N/A,2026-05-13 10:41,2026-05-13 11:04,2026-05-13 11:06,2026-05-13 11:06,2026-05-15 12:58,2026-05-15 13:33
NonCerv-000001-R2-S5,NonCerv-000001,NonCerv-000001-R2,,2,senior_pathologist,2026-05-01 09:00,2026-05-01 09:00,2026-05-01 15:00,2026-05-01 15:00,2026-05-01 15:00,2026-05-01 15:10,N/A,N/A,N/A,N/A,N/A,N/A,2026-05-13 10:41,2026-05-13 11:06,2026-05-13 11:08,2026-05-13 11:08,2026-05-15 12:58,2026-05-15 13:33
Cerv-000016-R1-S1,Cerv-000016,Cerv-000016-R1,,1,senior_pathologist,2026-05-08 09:04,2026-05-08 09:04,2026-05-08 15:04,2026-05-08 15:04,2026-05-08 15:10,2026-05-08 15:20,N/A,N/A,N/A,N/A,N/A,N/A,2026-05-13 10:44,2026-05-13 11:08,2026-05-13 11:10,2026-05-13 11:10,2026-05-15 12:58,2026-05-15 13:33
Cerv-000016-R1-S2,Cerv-000016,Cerv-000016-R1,,1,senior_pathologist,2026-05-08 09:04,2026-05-08 09:04,2026-05-08 15:04,2026-05-08 15:04,2026-05-08 15:10,2026-05-08 15:20,N/A,N/A,N/A,N/A,N/A,N/A,2026-05-13 10:44,2026-05-13 11:10,2026-05-13 11:12,2026-05-13 11:12,2026-05-15 12:58,2026-05-15 13:33
Cerv-000016-R1-S3,Cerv-000016,Cerv-000016-R1,,1,senior_pathologist,2026-05-08 09:04,2026-05-08 09:04,2026-05-08 15:04,2026-05-08 15:04,2026-05-08 15:10,2026-05-08 15:20,N/A,N/A,N/A,N/A,N/A,N/A,2026-05-13 10:44,2026-05-13 11:12,2026-05-13 11:14,2026-05-13 11:14,2026-05-15 12:58,2026-05-15 13:33
Cerv-000016-R1-S4,Cerv-000016,Cerv-000016-R1,,1,senior_pathologist,2026-05-08 09:04,2026-05-08 09:04,2026-05-08 15:04,2026-05-08 15:04,2026-05-08 15:10,2026-05-08 15:20,N/A,N/A,N/A,N/A,N/A,N/A,2026-05-13 10:44,2026-05-13 11:14,2026-05-13 11:16,2026-05-13 11:16,2026-05-15 12:58,2026-05-15 13:33
Cerv-000016-R1-S5,Cerv-000016,Cerv-000016-R1,,1,senior_pathologist,2026-05-08 09:04,2026-05-08 09:04,2026-05-08 15:04,2026-05-08 15:04,2026-05-08 15:10,2026-05-08 15:20,N/A,N/A,N/A,N/A,N/A,N/A,2026-05-13 10:44,2026-05-13 11:16,2026-05-13 11:18,2026-05-13 11:18,2026-05-15 12:58,2026-05-15 13:33
NonCerv-000052-R1-S1,NonCerv-000052,NonCerv-000052-R1,,1,senior_pathologist,2026-05-08 16:29,2026-05-08 16:29,2026-05-08 22:29,2026-05-08 22:29,2026-05-09 09:00,2026-05-09 09:10,N/A,N/A,N/A,N/A,N/A,N/A,2026-05-13 10:45,2026-05-13 11:18,2026-05-13 11:20,2026-05-13 11:20,2026-05-15 12:58,2026-05-15 13:33
NonCerv-000052-R1-S2,NonCerv-000052,NonCerv-000052-R1,,1,senior_pathologist,2026-05-08 16:29,2026-05-08 16:29,2026-05-08 22:29,2026-05-08 22:29,2026-05-09 09:00,2026-05-09 09:10,N/A,N/A,N/A,N/A,N/A,N/A,2026-05-13 10:45,2026-05-13 11:20,2026-05-13 11:22,2026-05-13 11:22,2026-05-15 12:58,2026-05-15 13:33
NonCerv-000052-R1-S3,NonCerv-000052,NonCerv-000052-R1,,1,senior_pathologist,2026-05-08 16:29,2026-05-08 16:29,2026-05-08 22:29,2026-05-08 22:29,2026-05-09 09:00,2026-05-09 09:10,N/A,N/A,N/A,N/A,N/A,N/A,2026-05-13 10:45,2026-05-13 11:22,2026-05-13 11:24,2026-05-13 11:24,2026-05-15 12:58,2026-05-15 13:33
NonCerv-000052-R1-S4,NonCerv-000052,NonCerv-000052-R1,,1,senior_pathologist,2026-05-08 16:29,2026-05-08 16:29,2026-05-08 22:29,2026-05-08 22:29,2026-05-09 09:00,2026-05-09 09:10,N/A,N/A,N/A,N/A,N/A,N/A,2026-05-13 10:45,2026-05-13 11:24,2026-05-13 11:26,2026-05-13 11:26,2026-05-15 12:58,2026-05-15 13:33
NonCerv-000052-R1-S5,NonCerv-000052,NonCerv-000052-R1,,1,senior_pathologist,2026-05-08 16:29,2026-05-08 16:29,2026-05-08 22:29,2026-05-08 22:29,2026-05-09 09:00,2026-05-09 09:10,N/A,N/A,N/A,N/A,N/A,N/A,2026-05-13 10:45,2026-05-13 11:26,2026-05-13 11:28,2026-05-13 11:28,2026-05-15 12:58,2026-05-15 13:33
NonCerv-000076-S1,NonCerv-000076,NonCerv-000076,NonCerv-000076-S1,0,,2026-05-13 09:00,2026-05-13 09:00,2026-05-13 15:00,2026-05-13 15:00,2026-05-13 15:00,2026-05-13 15:10,2026-05-13 15:10,2026-05-14 09:50,2026-05-15 07:50,2026-05-15 07:50,2026-05-15 10:16,2026-05-15 10:17,2026-05-15 10:17,2026-05-15 12:52,2026-05-15 12:54,2026-05-15 12:54,2026-05-15 14:43,2026-05-15 15:18
Cerv-000029-S1,Cerv-000029,Cerv-000029,Cerv-000029-S1,0,,2026-05-13 09:00,2026-05-13 09:00,2026-05-13 15:00,2026-05-13 15:00,2026-05-13 15:00,2026-05-13 15:10,2026-05-13 15:10,2026-05-14 09:50,2026-05-15 07:50,2026-05-15 07:50,2026-05-15 10:17,2026-05-15 10:18,2026-05-15 10:18,2026-05-15 12:54,2026-05-15 12:56,2026-05-15 12:56,2026-05-15 14:43,2026-05-15 15:18
NonCerv-000077-S1,NonCerv-000077,NonCerv-000077,NonCerv-000077-S1,0,,2026-05-13 09:52,2026-05-13 09:52,2026-05-13 15:52,2026-05-13 15:52,2026-05-13 15:52,2026-05-13 16:02,2026-05-13 16:02,2026-05-14 09:50,2026-05-15 07:50,2026-05-15 07:50,2026-05-15 10:18,2026-05-15 10:19,2026-05-15 10:19,2026-05-15 12:56,2026-05-15 12:58,2026-05-15 12:58,2026-05-15 14:43,2026-05-15 15:18
NonCerv-000078-S1,NonCerv-000078,NonCerv-000078,NonCerv-000078-S1,0,,2026-05-13 10:45,2026-05-13 10:45,2026-05-13 16:45,2026-05-13 16:45,2026-05-13 16:45,2026-05-13 16:55,2026-05-13 16:55,2026-05-14 09:50,2026-05-15 07:50,2026-05-15 07:50,2026-05-15 10:19,2026-05-15 10:20,2026-05-15 10:20,2026-05-15 12:58,2026-05-15 13:00,2026-05-15 13:00,2026-05-15 14:43,2026-05-15 15:18
NonCerv-000084-S1,NonCerv-000084,NonCerv-000084,NonCerv-000084-S1,0,,2026-05-13 15:11,2026-05-13 15:11,2026-05-13 21:11,2026-05-13 21:11,2026-05-14 09:00,2026-05-14 09:10,2026-05-14 09:10,2026-05-14 09:50,2026-05-15 07:50,2026-05-15 07:50,2026-05-15 10:20,2026-05-15 10:21,2026-05-15 10:21,2026-05-15 13:00,2026-05-15 13:02,2026-05-15 13:02,2026-05-16 10:48,2026-05-16 11:23
NonCerv-000082-S1,NonCerv-000082,NonCerv-000082,NonCerv-000082-S1,0,,2026-05-13 13:03,2026-05-13 13:03,2026-05-13 19:03,2026-05-13 19:03,2026-05-14 09:00,2026-05-14 09:10,2026-05-14 09:10,2026-05-14 09:50,2026-05-15 07:50,2026-05-15 07:50,2026-05-15 10:21,2026-05-15 10:22,2026-05-15 10:22,2026-05-15 13:02,2026-05-15 13:04,2026-05-15 13:04,2026-05-16 10:48,2026-05-16 11:23
NonCerv-000083-S1,NonCerv-000083,NonCerv-000083,NonCerv-000083-S1,0,,2026-05-13 14:37,2026-05-13 14:37,2026-05-13 20:37,2026-05-13 20:37,2026-05-14 09:10,2026-05-14 09:20,2026-05-14 09:20,2026-05-14 09:50,2026-05-15 07:50,2026-05-15 07:50,2026-05-15 10:22,2026-05-15 10:23,2026-05-15 10:23,2026-05-15 13:04,2026-05-15 13:06,2026-05-15 13:06,2026-05-16 10:48,2026-05-16 11:23
NonCerv-000081-S1,NonCerv-000081,NonCerv-000081,NonCerv-000081-S1,0,,2026-05-13 12:37,2026-05-13 12:37,2026-05-13 18:37,2026-05-13 18:37,2026-05-14 09:10,2026-05-14 09:20,2026-05-14 09:20,2026-05-14 09:50,2026-05-15 07:50,2026-05-15 07:50,2026-05-15 10:23,2026-05-15 10:24,2026-05-15 10:24,2026-05-15 13:06,2026-05-15 13:08,2026-05-15 13:08,2026-05-16 10:48,2026-05-16 11:23
NonCerv-000080-S1,NonCerv-000080,NonCerv-000080,NonCerv-000080-S1,0,,2026-05-13 12:06,2026-05-13 12:06,2026-05-13 18:06,2026-05-13 18:06,2026-05-14 09:20,2026-05-14 09:30,2026-05-14 09:30,2026-05-14 09:50,2026-05-15 07:50,2026-05-15 07:50,2026-05-15 10:24,2026-05-15 10:25,2026-05-15 10:25,2026-05-15 13:08,2026-05-15 13:10,2026-05-15 13:10,2026-05-16 10:48,2026-05-16 11:23
NonCerv-000085-S1,NonCerv-000085,NonCerv-000085,NonCerv-000085-S1,0,,2026-05-13 15:37,2026-05-13 15:37,2026-05-13 21:37,2026-05-13 21:37,2026-05-14 09:30,2026-05-14 09:40,2026-05-14 09:40,2026-05-14 09:50,2026-05-15 07:50,2026-05-15 07:50,2026-05-15 10:25,2026-05-15 10:26,2026-05-15 10:26,2026-05-15 13:10,2026-05-15 13:12,2026-05-15 13:12,2026-05-16 10:48,2026-05-16 11:23
NonCerv-000079-S1,NonCerv-000079,NonCerv-000079,NonCerv-000079-S1,0,,2026-05-13 11:47,2026-05-13 11:47,2026-05-13 23:47,2026-05-13 23:47,2026-05-14 09:20,2026-05-14 09:50,2026-05-14 09:50,2026-05-14 09:50,2026-05-15 07:50,2026-05-15 07:50,2026-05-15 10:26,2026-05-15 10:27,2026-05-15 10:27,2026-05-15 13:12,2026-05-15 13:14,2026-05-15 13:14,2026-05-16 10:48,2026-05-16 11:23
NonCerv-000079-S2,NonCerv-000079,NonCerv-000079,NonCerv-000079-S2,0,,2026-05-13 11:47,2026-05-13 11:47,2026-05-13 23:47,2026-05-13 23:47,2026-05-14 09:20,2026-05-14 09:50,2026-05-14 09:50,2026-05-14 09:50,2026-05-15 07:50,2026-05-15 07:50,2026-05-15 10:27,2026-05-15 10:28,2026-05-15 10:28,2026-05-15 13:14,2026-05-15 13:16,2026-05-15 13:16,2026-05-16 10:48,2026-05-16 11:23
NonCerv-000079-S3,NonCerv-000079,NonCerv-000079,NonCerv-000079-S3,0,,2026-05-13 11:47,2026-05-13 11:47,2026-05-13 23:47,2026-05-13 23:47,2026-05-14 09:20,2026-05-14 09:50,2026-05-14 09:50,2026-05-14 09:50,2026-05-15 07:50,2026-05-15 07:50,2026-05-15 10:28,2026-05-15 10:29,2026-05-15 10:29,2026-05-15 13:16,2026-05-15 13:18,2026-05-15 13:18,2026-05-16 10:48,2026-05-16 11:23
NonCerv-000079-S4,NonCerv-000079,NonCerv-000079,NonCerv-000079-S4,0,,2026-05-13 11:47,2026-05-13 11:47,2026-05-13 23:47,2026-05-13 23:47,2026-05-14 09:20,2026-05-14 09:50,2026-05-14 09:50,2026-05-14 09:50,2026-05-15 07:50,2026-05-15 07:50,2026-05-15 10:29,2026-05-15 10:30,2026-05-15 10:30,2026-05-15 13:18,2026-05-15 13:20,2026-05-15 13:20,2026-05-16 10:48,2026-05-16 11:23
NonCerv-000079-S5,NonCerv-000079,NonCerv-000079,NonCerv-000079-S5,0,,2026-05-13 11:47,2026-05-13 11:47,2026-05-13 23:47,2026-05-13 23:47,2026-05-14 09:20,2026-05-14 09:50,2026-05-14 09:50,2026-05-19 09:20,2026-05-20 07:20,2026-05-20 07:20,2026-05-20 09:00,2026-05-20 09:01,2026-05-20 09:01,2026-05-20 10:20,2026-05-20 10:22,2026-05-20 10:22,2026-05-20 12:58,2026-05-20 13:33
NonCerv-000079-S6,NonCerv-000079,NonCerv-000079,NonCerv-000079-S6,0,,2026-05-13 11:47,2026-05-13 11:47,2026-05-13 23:47,2026-05-13 23:47,2026-05-14 09:20,2026-05-14 09:50,2026-05-14 09:50,2026-05-19 09:20,2026-05-20 07:20,2026-05-20 07:20,2026-05-20 09:01,2026-05-20 09:02,2026-05-20 09:02,2026-05-20 10:22,2026-05-20 10:24,2026-05-20 10:24,2026-05-20 12:58,2026-05-20 13:33
NonCerv-000079-S7,NonCerv-000079,NonCerv-000079,NonCerv-000079-S7,0,,2026-05-13 11:47,2026-05-13 11:47,2026-05-13 23:47,2026-05-13 23:47,2026-05-14 09:20,2026-05-14 09:50,2026-05-14 09:50,2026-05-19 09:20,2026-05-20 07:20,2026-05-20 07:20,2026-05-20 09:02,2026-05-20 09:03,2026-05-20 09:03,2026-05-20 10:24,2026-05-20 10:26,2026-05-20 10:26,2026-05-20 12:58,2026-05-20 13:33
NonCerv-000079-S8,NonCerv-000079,NonCerv-000079,NonCerv-000079-S8,0,,2026-05-13 11:47,2026-05-13 11:47,2026-05-13 23:47,2026-05-13 23:47,2026-05-14 09:20,2026-05-14 09:50,2026-05-14 09:50,2026-05-19 09:20,2026-05-20 07:20,2026-05-20 07:20,2026-05-20 09:03,2026-05-20 09:04,2026-05-20 09:04,2026-05-20 10:26,2026-05-20 10:28,2026-05-20 10:28,2026-05-20 12:58,2026-05-20 13:33
NonCerv-000079-S9,NonCerv-000079,NonCerv-000079,NonCerv-000079-S9,0,,2026-05-13 11:47,2026-05-13 11:47,2026-05-13 23:47,2026-05-13 23:47,2026-05-14 09:20,2026-05-14 09:50,2026-05-14 09:50,2026-05-19 09:20,2026-05-20 07:20,2026-05-20 07:20,2026-05-20 09:04,2026-05-20 09:05,2026-05-20 09:05,2026-05-20 10:28,2026-05-20 10:30,2026-05-20 10:30,2026-05-20 12:58,2026-05-20 13:33
NonCerv-000079-S10,NonCerv-000079,NonCerv-000079,NonCerv-000079-S10,0,,2026-05-13 11:47,2026-05-13 11:47,2026-05-13 23:47,2026-05-13 23:47,2026-05-14 09:20,2026-05-14 09:50,2026-05-14 09:50,2026-05-19 09:20,2026-05-20 07:20,2026-05-20 07:20,2026-05-20 09:05,2026-05-20 09:06,2026-05-20 09:06,2026-05-20 10:30,2026-05-20 10:32,2026-05-20 10:32,2026-05-20 13:33,2026-05-20 14:08
NonCerv-000086-S1,NonCerv-000086,NonCerv-000086,NonCerv-000086-S1,0,,2026-05-14 09:00,2026-05-14 09:00,2026-05-14 15:00,2026-05-14 15:00,2026-05-14 15:00,2026-05-14 15:10,2026-05-14 15:10,2026-05-19 09:20,2026-05-20 07:20,2026-05-20 07:20,2026-05-20 09:06,2026-05-20 09:07,2026-05-20 09:07,2026-05-20 10:32,2026-05-20 10:34,2026-05-20 10:34,2026-05-20 13:33,2026-05-20 14:08
NonCerv-000087-S1,NonCerv-000087,NonCerv-000087,NonCerv-000087-S1,0,,2026-05-14 09:59,2026-05-14 09:59,2026-05-14 15:59,2026-05-14 15:59,2026-05-14 15:59,2026-05-14 16:09,2026-05-14 16:09,2026-05-19 09:20,2026-05-20 07:20,2026-05-20 07:20,2026-05-20 09:07,2026-05-20 09:08,2026-05-20 09:08,2026-05-20 10:34,2026-05-20 10:36,2026-05-20 10:36,2026-05-20 13:33,2026-05-20 14:08
NonCerv-000089-S1,NonCerv-000089,NonCerv-000089,NonCerv-000089-S1,0,,2026-05-14 12:55,2026-05-14 12:55,2026-05-14 18:55,2026-05-14 18:55,2026-05-15 09:00,2026-05-15 09:10,2026-05-15 09:10,2026-05-19 09:20,2026-05-20 07:20,2026-05-20 07:20,2026-05-20 09:08,2026-05-20 09:09,2026-05-20 09:09,2026-05-20 10:36,2026-05-20 10:38,2026-05-20 10:38,2026-05-20 13:33,2026-05-20 14:08
NonCerv-000088-S1,NonCerv-000088,NonCerv-000088,NonCerv-000088-S1,0,,2026-05-14 12:42,2026-05-14 12:42,2026-05-14 18:42,2026-05-14 18:42,2026-05-15 09:10,2026-05-15 09:20,2026-05-15 09:20,2026-05-19 09:20,2026-05-20 07:20,2026-05-20 07:20,2026-05-20 09:09,2026-05-20 09:10,2026-05-20 09:10,2026-05-20 10:38,2026-05-20 10:40,2026-05-20 10:40,2026-05-20 13:33,2026-05-20 14:08
Cerv-000030-S1,Cerv-000030,Cerv-000030,Cerv-000030-S1,0,,2026-05-14 09:00,2026-05-14 09:00,2026-05-14 21:00,2026-05-14 21:00,2026-05-15 09:00,2026-05-15 09:30,2026-05-15 09:30,2026-05-19 09:20,2026-05-20 07:20,2026-05-20 07:20,2026-05-20 09:10,2026-05-20 09:11,2026-05-20 09:11,2026-05-20 10:40,2026-05-20 10:42,2026-05-20 10:42,2026-05-20 13:33,2026-05-20 14:08
Cerv-000030-S2,Cerv-000030,Cerv-000030,Cerv-000030-S2,0,,2026-05-14 09:00,2026-05-14 09:00,2026-05-14 21:00,2026-05-14 21:00,2026-05-15 09:00,2026-05-15 09:30,2026-05-15 09:30,2026-05-19 09:20,2026-05-20 07:20,2026-05-20 07:20,2026-05-20 09:11,2026-05-20 09:12,2026-05-20 09:12,2026-05-20 10:42,2026-05-20 10:44,2026-05-20 10:44,2026-05-20 13:33,2026-05-20 14:08
Cerv-000030-S3,Cerv-000030,Cerv-000030,Cerv-000030-S3,0,,2026-05-14 09:00,2026-05-14 09:00,2026-05-14 21:00,2026-05-14 21:00,2026-05-15 09:00,2026-05-15 09:30,2026-05-15 09:30,2026-05-19 09:20,2026-05-20 07:20,2026-05-20 07:20,2026-05-20 09:12,2026-05-20 09:13,2026-05-20 09:13,2026-05-20 10:44,2026-05-20 10:46,2026-05-20 10:46,2026-05-20 13:33,2026-05-20 14:08
Cerv-000030-S4,Cerv-000030,Cerv-000030,Cerv-000030-S4,0,,2026-05-14 09:00,2026-05-14 09:00,2026-05-14 21:00,2026-05-14 21:00,2026-05-15 09:00,2026-05-15 09:30,2026-05-15 09:30,2026-05-19 09:20,2026-05-20 07:20,2026-05-20 07:20,2026-05-20 09:13,2026-05-20 09:14,2026-05-20 09:14,2026-05-20 10:46,2026-05-20 10:48,2026-05-20 10:48,2026-05-20 13:33,2026-05-20 14:08
Cerv-000030-S5,Cerv-000030,Cerv-000030,Cerv-000030-S5,0,,2026-05-14 09:00,2026-05-14 09:00,2026-05-14 21:00,2026-05-14 21:00,2026-05-15 09:00,2026-05-15 09:30,2026-05-15 09:30,2026-05-19 09:20,2026-05-20 07:20,2026-05-20 07:20,2026-05-20 09:14,2026-05-20 09:15,2026-05-20 09:15,2026-05-20 10:48,2026-05-20 10:50,2026-05-20 10:50,2026-05-20 13:33,2026-05-20 14:08
Cerv-000030-S6,Cerv-000030,Cerv-000030,Cerv-000030-S6,0,,2026-05-14 09:00,2026-05-14 09:00,2026-05-14 21:00,2026-05-14 21:00,2026-05-15 09:00,2026-05-15 09:30,2026-05-15 09:30,2026-05-19 09:20,2026-05-20 07:20,2026-05-20 07:20,2026-05-20 09:15,2026-05-20 09:16,2026-05-20 09:16,2026-05-20 10:50,2026-05-20 10:52,2026-05-20 10:52,2026-05-20 13:33,2026-05-20 14:08
Cerv-000030-S7,Cerv-000030,Cerv-000030,Cerv-000030-S7,0,,2026-05-14 09:00,2026-05-14 09:00,2026-05-14 21:00,2026-05-14 21:00,2026-05-15 09:00,2026-05-15 09:30,2026-05-15 09:30,2026-05-19 09:20,2026-05-20 07:20,2026-05-20 07:20,2026-05-20 09:16,2026-05-20 09:17,2026-05-20 09:17,2026-05-20 10:52,2026-05-20 10:54,2026-05-20 10:54,2026-05-20 13:33,2026-05-20 14:08
Cerv-000030-S8,Cerv-000030,Cerv-000030,Cerv-000030-S8,0,,2026-05-14 09:00,2026-05-14 09:00,2026-05-14 21:00,2026-05-14 21:00,2026-05-15 09:00,2026-05-15 09:30,2026-05-15 09:30,2026-05-19 09:20,2026-05-20 07:20,2026-05-20 07:20,2026-05-20 09:17,2026-05-20 09:18,2026-05-20 09:18,2026-05-20 10:54,2026-05-20 10:56,2026-05-20 10:56,2026-05-20 13:33,2026-05-20 14:08
Cerv-000030-S9,Cerv-000030,Cerv-000030,Cerv-000030-S9,0,,2026-05-14 09:00,2026-05-14 09:00,2026-05-14 21:00,2026-05-14 21:00,2026-05-15 09:00,2026-05-15 09:30,2026-05-15 09:30,2026-05-19 09:20,2026-05-20 07:20,2026-05-20 07:20,2026-05-20 09:18,2026-05-20 09:19,2026-05-20 09:19,2026-05-20 10:56,2026-05-20 10:58,2026-05-20 10:58,2026-05-20 13:33,2026-05-20 14:08
Cerv-000030-S10,Cerv-000030,Cerv-000030,Cerv-000030-S10,0,,2026-05-14 09:00,2026-05-14 09:00,2026-05-14 21:00,2026-05-14 21:00,2026-05-15 09:00,2026-05-15 09:30,2026-05-15 09:30,2026-05-19 09:20,2026-05-20 07:20,2026-05-20 07:20,2026-05-20 09:19,2026-05-20 09:20,2026-05-20 09:20,2026-05-20 10:58,2026-05-20 11:00,2026-05-20 11:00,2026-05-20 13:33,2026-05-20 14:08
NonCerv-000090-S1,NonCerv-000090,NonCerv-000090,NonCerv-000090-S1,0,,2026-05-14 13:49,2026-05-14 13:49,2026-05-14 19:49,2026-05-14 19:49,2026-05-15 09:20,2026-05-15 09:30,2026-05-15 09:30,2026-05-19 09:20,2026-05-20 07:20,2026-05-20 07:20,2026-05-20 09:20,2026-05-20 09:21,2026-05-20 09:21,2026-05-20 11:00,2026-05-20 11:02,2026-05-20 11:02,2026-05-20 13:33,2026-05-20 14:08
Cerv-000031-S1,Cerv-000031,Cerv-000031,Cerv-000031-S1,0,,2026-05-15 09:00,2026-05-15 09:00,2026-05-15 15:00,2026-05-15 15:00,2026-05-15 15:00,2026-05-15 15:10,2026-05-15 15:10,2026-05-19 09:20,2026-05-20 07:20,2026-05-20 07:20,2026-05-20 09:21,2026-05-20 09:22,2026-05-20 09:22,2026-05-20 11:02,2026-05-20 11:04,2026-05-20 11:04,2026-05-20 13:33,2026-05-20 14:08
NonCerv-000091-S1,NonCerv-000091,NonCerv-000091,NonCerv-000091-S1,0,,2026-05-15 09:00,2026-05-15 09:00,2026-05-15 15:00,2026-05-15 15:00,2026-05-15 15:00,2026-05-15 15:10,2026-05-15 15:10,2026-05-19 09:20,2026-05-20 07:20,2026-05-20 07:20,2026-05-20 09:22,2026-05-20 09:23,2026-05-20 09:23,2026-05-20 11:04,2026-05-20 11:06,2026-05-20 11:06,2026-05-20 13:33,2026-05-20 14:08
NonCerv-000092-S1,NonCerv-000092,NonCerv-000092,NonCerv-000092-S1,0,,2026-05-15 09:59,2026-05-15 09:59,2026-05-15 15:59,2026-05-15 15:59,2026-05-15 15:59,2026-05-15 16:09,2026-05-15 16:09,2026-05-19 09:20,2026-05-20 07:20,2026-05-20 07:20,2026-05-20 09:23,2026-05-20 09:24,2026-05-20 09:24,2026-05-20 11:06,2026-05-20 11:08,2026-05-20 11:08,2026-05-20 13:33,2026-05-20 14:08
NonCerv-000093-S1,NonCerv-000093,NonCerv-000093,NonCerv-000093-S1,0,,2026-05-15 12:11,2026-05-15 12:11,2026-05-15 18:11,2026-05-15 18:11,2026-05-16 09:00,2026-05-16 09:10,2026-05-16 09:10,2026-05-19 09:20,2026-05-20 07:20,2026-05-20 07:20,2026-05-20 09:24,2026-05-20 09:25,2026-05-20 09:25,2026-05-20 11:08,2026-05-20 11:10,2026-05-20 11:10,2026-05-20 13:33,2026-05-20 14:08
NonCerv-000099-S1,NonCerv-000099,NonCerv-000099,NonCerv-000099-S1,0,,2026-05-15 15:36,2026-05-15 15:36,2026-05-15 21:36,2026-05-15 21:36,2026-05-16 09:10,2026-05-16 09:20,2026-05-16 09:20,2026-05-19 09:20,2026-05-20 07:20,2026-05-20 07:20,2026-05-20 09:25,2026-05-20 09:26,2026-05-20 09:26,2026-05-20 11:10,2026-05-20 11:12,2026-05-20 11:12,2026-05-20 13:33,2026-05-20 14:08
NonCerv-000096-S1,NonCerv-000096,NonCerv-000096,NonCerv-000096-S1,0,,2026-05-15 13:47,2026-05-15 13:47,2026-05-16 01:47,2026-05-16 01:47,2026-05-16 09:00,2026-05-16 09:30,2026-05-16 09:30,2026-05-19 09:20,2026-05-20 07:20,2026-05-20 07:20,2026-05-20 09:26,2026-05-20 09:27,2026-05-20 09:27,2026-05-20 11:12,2026-05-20 11:14,2026-05-20 11:14,2026-05-20 13:33,2026-05-20 14:08
NonCerv-000096-S2,NonCerv-000096,NonCerv-000096,NonCerv-000096-S2,0,,2026-05-15 13:47,2026-05-15 13:47,2026-05-16 01:47,2026-05-16 01:47,2026-05-16 09:00,2026-05-16 09:30,2026-05-16 09:30,2026-05-19 09:20,2026-05-20 07:20,2026-05-20 07:20,2026-05-20 09:27,2026-05-20 09:28,2026-05-20 09:28,2026-05-20 11:14,2026-05-20 11:16,2026-05-20 11:16,2026-05-20 13:33,2026-05-20 14:08
NonCerv-000096-S3,NonCerv-000096,NonCerv-000096,NonCerv-000096-S3,0,,2026-05-15 13:47,2026-05-15 13:47,2026-05-16 01:47,2026-05-16 01:47,2026-05-16 09:00,2026-05-16 09:30,2026-05-16 09:30,2026-05-19 09:20,2026-05-20 07:20,2026-05-20 07:20,2026-05-20 09:28,2026-05-20 09:29,2026-05-20 09:29,2026-05-20 11:16,2026-05-20 11:18,2026-05-20 11:18,2026-05-20 13:33,2026-05-20 14:08
NonCerv-000096-S4,NonCerv-000096,NonCerv-000096,NonCerv-000096-S4,0,,2026-05-15 13:47,2026-05-15 13:47,2026-05-16 01:47,2026-05-16 01:47,2026-05-16 09:00,2026-05-16 09:30,2026-05-16 09:30,2026-05-19 09:20,2026-05-20 07:20,2026-05-20 07:20,2026-05-20 09:29,2026-05-20 09:30,2026-05-20 09:30,2026-05-20 11:18,2026-05-20 11:20,2026-05-20 11:20,2026-05-20 13:33,2026-05-20 14:08
NonCerv-000096-S5,NonCerv-000096,NonCerv-000096,NonCerv-000096-S5,0,,2026-05-15 13:47,2026-05-15 13:47,2026-05-16 01:47,2026-05-16 01:47,2026-05-16 09:00,2026-05-16 09:30,2026-05-16 09:30,2026-05-19 09:20,2026-05-20 07:20,2026-05-20 07:20,2026-05-20 09:30,2026-05-20 09:31,2026-05-20 09:31,2026-05-20 11:20,2026-05-20 11:22,2026-05-20 11:22,2026-05-20 14:08,2026-05-20 14:43
NonCerv-000096-S6,NonCerv-000096,NonCerv-000096,NonCerv-000096-S6,0,,2026-05-15 13:47,2026-05-15 13:47,2026-05-16 01:47,2026-05-16 01:47,2026-05-16 09:00,2026-05-16 09:30,2026-05-16 09:30,2026-05-19 09:20,2026-05-20 07:20,2026-05-20 07:20,2026-05-20 09:31,2026-05-20 09:32,2026-05-20 09:32,2026-05-20 11:22,2026-05-20 11:24,2026-05-20 11:24,2026-05-20 14:08,2026-05-20 14:43
NonCerv-000096-S7,NonCerv-000096,NonCerv-000096,NonCerv-000096-S7,0,,2026-05-15 13:47,2026-05-15 13:47,2026-05-16 01:47,2026-05-16 01:47,2026-05-16 09:00,2026-05-16 09:30,2026-05-16 09:30,2026-05-19 09:20,2026-05-20 07:20,2026-05-20 07:20,2026-05-20 09:32,2026-05-20 09:33,2026-05-20 09:33,2026-05-20 11:24,2026-05-20 11:26,2026-05-20 11:26,2026-05-20 14:08,2026-05-20 14:43
NonCerv-000096-S8,NonCerv-000096,NonCerv-000096,NonCerv-000096-S8,0,,2026-05-15 13:47,2026-05-15 13:47,2026-05-16 01:47,2026-05-16 01:47,2026-05-16 09:00,2026-05-16 09:30,2026-05-16 09:30,2026-05-19 09:20,2026-05-20 07:20,2026-05-20 07:20,2026-05-20 09:33,2026-05-20 09:34,2026-05-20 09:34,2026-05-20 11:26,2026-05-20 11:28,2026-05-20 11:28,2026-05-20 14:08,2026-05-20 14:43
NonCerv-000096-S9,NonCerv-000096,NonCerv-000096,NonCerv-000096-S9,0,,2026-05-15 13:47,2026-05-15 13:47,2026-05-16 01:47,2026-05-16 01:47,2026-05-16 09:00,2026-05-16 09:30,2026-05-16 09:30,2026-05-19 09:20,2026-05-20 07:20,2026-05-20 07:20,2026-05-20 09:34,2026-05-20 09:35,2026-05-20 09:35,2026-05-20 11:28,2026-05-20 11:30,2026-05-20 11:30,2026-05-20 14:08,2026-05-20 14:43
NonCerv-000096-S10,NonCerv-000096,NonCerv-000096,NonCerv-000096-S10,0,,2026-05-15 13:47,2026-05-15 13:47,2026-05-16 01:47,2026-05-16 01:47,2026-05-16 09:00,2026-05-16 09:30,2026-05-16 09:30,2026-05-19 09:20,2026-05-20 07:20,2026-05-20 07:20,2026-05-20 09:35,2026-05-20 09:36,2026-05-20 09:36,2026-05-20 11:30,2026-05-20 11:32,2026-05-20 11:32,2026-05-20 14:08,2026-05-20 14:43
NonCerv-000095-S1,NonCerv-000095,NonCerv-000095,NonCerv-000095-S1,0,,2026-05-15 13:32,2026-05-15 13:32,2026-05-15 19:32,2026-05-15 19:32,2026-05-16 09:20,2026-05-16 09:30,2026-05-16 09:30,2026-05-19 09:20,2026-05-20 07:20,2026-05-20 07:20,2026-05-20 09:36,2026-05-20 09:37,2026-05-20 09:37,2026-05-20 11:32,2026-05-20 11:34,2026-05-20 11:34,2026-05-20 14:08,2026-05-20 14:43
NonCerv-000094-S1,NonCerv-000094,NonCerv-000094,NonCerv-000094-S1,0,,2026-05-15 13:27,2026-05-15 13:27,2026-05-15 19:27,2026-05-15 19:27,2026-05-16 09:30,2026-05-16 09:40,2026-05-16 09:40,2026-05-19 09:20,2026-05-20 07:20,2026-05-20 07:20,2026-05-20 09:37,2026-05-20 09:38,2026-05-20 09:38,2026-05-20 11:34,2026-05-20 11:36,2026-05-20 11:36,2026-05-20 14:08,2026-05-20 14:43
NonCerv-000097-S1,NonCerv-000097,NonCerv-000097,NonCerv-000097-S1,0,,2026-05-15 15:20,2026-05-15 15:20,2026-05-15 21:20,2026-05-15 21:20,2026-05-16 09:30,2026-05-16 09:40,2026-05-16 09:40,2026-05-19 09:20,2026-05-20 07:20,2026-05-20 07:20,2026-05-20 09:38,2026-05-20 09:39,2026-05-20 09:39,2026-05-20 11:36,2026-05-20 11:38,2026-05-20 11:38,2026-05-20 14:08,2026-05-20 14:43
NonCerv-000098-S1,NonCerv-000098,NonCerv-000098,NonCerv-000098-S1,0,,2026-05-15 15:25,2026-05-15 15:25,2026-05-15 21:25,2026-05-15 21:25,2026-05-16 09:40,2026-05-16 09:50,2026-05-16 09:50,2026-05-19 09:20,2026-05-20 07:20,2026-05-20 07:20,2026-05-20 09:39,2026-05-20 09:40,2026-05-20 09:40,2026-05-20 11:38,2026-05-20 11:40,2026-05-20 11:40,2026-05-20 14:08,2026-05-20 14:43
Cerv-000016-R2-S1,Cerv-000016,Cerv-000016-R2,,2,senior_pathologist,2026-05-08 09:04,2026-05-08 09:04,2026-05-08 15:04,2026-05-08 15:04,2026-05-08 15:10,2026-05-08 15:20,N/A,N/A,N/A,N/A,N/A,N/A,2026-05-16 10:08,2026-05-16 10:08,2026-05-16 10:10,2026-05-16 10:10,2026-05-16 10:48,2026-05-16 11:23
Cerv-000016-R2-S2,Cerv-000016,Cerv-000016-R2,,2,senior_pathologist,2026-05-08 09:04,2026-05-08 09:04,2026-05-08 15:04,2026-05-08 15:04,2026-05-08 15:10,2026-05-08 15:20,N/A,N/A,N/A,N/A,N/A,N/A,2026-05-16 10:08,2026-05-16 10:10,2026-05-16 10:12,2026-05-16 10:12,2026-05-16 10:48,2026-05-16 11:23
Cerv-000016-R2-S3,Cerv-000016,Cerv-000016-R2,,2,senior_pathologist,2026-05-08 09:04,2026-05-08 09:04,2026-05-08 15:04,2026-05-08 15:04,2026-05-08 15:10,2026-05-08 15:20,N/A,N/A,N/A,N/A,N/A,N/A,2026-05-16 10:08,2026-05-16 10:12,2026-05-16 10:14,2026-05-16 10:14,2026-05-16 10:48,2026-05-16 11:23
Cerv-000016-R2-S4,Cerv-000016,Cerv-000016-R2,,2,senior_pathologist,2026-05-08 09:04,2026-05-08 09:04,2026-05-08 15:04,2026-05-08 15:04,2026-05-08 15:10,2026-05-08 15:20,N/A,N/A,N/A,N/A,N/A,N/A,2026-05-16 10:08,2026-05-16 10:14,2026-05-16 10:16,2026-05-16 10:16,2026-05-16 10:48,2026-05-16 11:23
Cerv-000016-R2-S5,Cerv-000016,Cerv-000016-R2,,2,senior_pathologist,2026-05-08 09:04,2026-05-08 09:04,2026-05-08 15:04,2026-05-08 15:04,2026-05-08 15:10,2026-05-08 15:20,N/A,N/A,N/A,N/A,N/A,N/A,2026-05-16 10:08,2026-05-16 10:16,2026-05-16 10:18,2026-05-16 10:18,2026-05-16 10:48,2026-05-16 11:23
NonCerv-000051-R1-S1,NonCerv-000051,NonCerv-000051-R1,,1,senior_pathologist,2026-05-08 13:08,2026-05-08 13:08,2026-05-08 19:08,2026-05-08 19:08,2026-05-09 09:20,2026-05-09 09:30,N/A,N/A,N/A,N/A,N/A,N/A,2026-05-16 10:10,2026-05-16 10:18,2026-05-16 10:20,2026-05-16 10:20,2026-05-16 10:48,2026-05-16 11:23
NonCerv-000051-R1-S2,NonCerv-000051,NonCerv-000051-R1,,1,senior_pathologist,2026-05-08 13:08,2026-05-08 13:08,2026-05-08 19:08,2026-05-08 19:08,2026-05-09 09:20,2026-05-09 09:30,N/A,N/A,N/A,N/A,N/A,N/A,2026-05-16 10:10,2026-05-16 10:20,2026-05-16 10:22,2026-05-16 10:22,2026-05-16 10:48,2026-05-16 11:23
NonCerv-000051-R1-S3,NonCerv-000051,NonCerv-000051-R1,,1,senior_pathologist,2026-05-08 13:08,2026-05-08 13:08,2026-05-08 19:08,2026-05-08 19:08,2026-05-09 09:20,2026-05-09 09:30,N/A,N/A,N/A,N/A,N/A,N/A,2026-05-16 10:10,2026-05-16 10:22,2026-05-16 10:24,2026-05-16 10:24,2026-05-16 10:48,2026-05-16 11:23
NonCerv-000051-R1-S4,NonCerv-000051,NonCerv-000051-R1,,1,senior_pathologist,2026-05-08 13:08,2026-05-08 13:08,2026-05-08 19:08,2026-05-08 19:08,2026-05-09 09:20,2026-05-09 09:30,N/A,N/A,N/A,N/A,N/A,N/A,2026-05-16 10:10,2026-05-16 10:24,2026-05-16 10:26,2026-05-16 10:26,2026-05-16 10:48,2026-05-16 11:23
NonCerv-000051-R1-S5,NonCerv-000051,NonCerv-000051-R1,,1,senior_pathologist,2026-05-08 13:08,2026-05-08 13:08,2026-05-08 19:08,2026-05-08 19:08,2026-05-09 09:20,2026-05-09 09:30,N/A,N/A,N/A,N/A,N/A,N/A,2026-05-16 10:10,2026-05-16 10:26,2026-05-16 10:28,2026-05-16 10:28,2026-05-16 10:48,2026-05-16 11:23
NonCerv-000050-R1-S1,NonCerv-000050,NonCerv-000050-R1,,1,senior_pathologist,2026-05-08 13:08,2026-05-08 13:08,2026-05-08 19:08,2026-05-08 19:08,2026-05-09 09:30,2026-05-09 09:40,N/A,N/A,N/A,N/A,N/A,N/A,2026-05-16 10:16,2026-05-16 10:28,2026-05-16 10:30,2026-05-16 10:30,2026-05-16 10:48,2026-05-16 11:23
NonCerv-000050-R1-S2,NonCerv-000050,NonCerv-000050-R1,,1,senior_pathologist,2026-05-08 13:08,2026-05-08 13:08,2026-05-08 19:08,2026-05-08 19:08,2026-05-09 09:30,2026-05-09 09:40,N/A,N/A,N/A,N/A,N/A,N/A,2026-05-16 10:16,2026-05-16 10:30,2026-05-16 10:32,2026-05-16 10:32,2026-05-16 10:48,2026-05-16 11:23
NonCerv-000050-R1-S3,NonCerv-000050,NonCerv-000050-R1,,1,senior_pathologist,2026-05-08 13:08,2026-05-08 13:08,2026-05-08 19:08,2026-05-08 19:08,2026-05-09 09:30,2026-05-09 09:40,N/A,N/A,N/A,N/A,N/A,N/A,2026-05-16 10:16,2026-05-16 10:32,2026-05-16 10:34,2026-05-16 10:34,2026-05-16 10:48,2026-05-16 11:23
NonCerv-000050-R1-S4,NonCerv-000050,NonCerv-000050-R1,,1,senior_pathologist,2026-05-08 13:08,2026-05-08 13:08,2026-05-08 19:08,2026-05-08 19:08,2026-05-09 09:30,2026-05-09 09:40,N/A,N/A,N/A,N/A,N/A,N/A,2026-05-16 10:16,2026-05-16 10:34,2026-05-16 10:36,2026-05-16 10:36,2026-05-16 10:48,2026-05-16 11:23
NonCerv-000050-R1-S5,NonCerv-000050,NonCerv-000050-R1,,1,senior_pathologist,2026-05-08 13:08,2026-05-08 13:08,2026-05-08 19:08,2026-05-08 19:08,2026-05-09 09:30,2026-05-09 09:40,N/A,N/A,N/A,N/A,N/A,N/A,2026-05-16 10:16,2026-05-16 10:36,2026-05-16 10:38,2026-05-16 10:38,2026-05-16 10:48,2026-05-16 11:23
NonCerv-000049-R1-S1,NonCerv-000049,NonCerv-000049-R1,,1,senior_pathologist,2026-05-08 12:01,2026-05-08 12:01,2026-05-09 00:01,2026-05-09 00:01,2026-05-09 09:00,2026-05-09 09:30,N/A,N/A,N/A,N/A,N/A,N/A,2026-05-16 10:20,2026-05-16 10:38,2026-05-16 10:40,2026-05-16 10:40,2026-05-16 11:38,2026-05-16 12:13
NonCerv-000049-R1-S2,NonCerv-000049,NonCerv-000049-R1,,1,senior_pathologist,2026-05-08 12:01,2026-05-08 12:01,2026-05-09 00:01,2026-05-09 00:01,2026-05-09 09:00,2026-05-09 09:30,N/A,N/A,N/A,N/A,N/A,N/A,2026-05-16 10:20,2026-05-16 10:40,2026-05-16 10:42,2026-05-16 10:42,2026-05-16 11:38,2026-05-16 12:13
NonCerv-000049-R1-S3,NonCerv-000049,NonCerv-000049-R1,,1,senior_pathologist,2026-05-08 12:01,2026-05-08 12:01,2026-05-09 00:01,2026-05-09 00:01,2026-05-09 09:00,2026-05-09 09:30,N/A,N/A,N/A,N/A,N/A,N/A,2026-05-16 10:20,2026-05-16 10:42,2026-05-16 10:44,2026-05-16 10:44,2026-05-16 11:38,2026-05-16 12:13
NonCerv-000049-R1-S4,NonCerv-000049,NonCerv-000049-R1,,1,senior_pathologist,2026-05-08 12:01,2026-05-08 12:01,2026-05-09 00:01,2026-05-09 00:01,2026-05-09 09:00,2026-05-09 09:30,N/A,N/A,N/A,N/A,N/A,N/A,2026-05-16 10:20,2026-05-16 10:44,2026-05-16 10:46,2026-05-16 10:46,2026-05-16 11:38,2026-05-16 12:13
NonCerv-000049-R1-S5,NonCerv-000049,NonCerv-000049-R1,,1,senior_pathologist,2026-05-08 12:01,2026-05-08 12:01,2026-05-09 00:01,2026-05-09 00:01,2026-05-09 09:00,2026-05-09 09:30,N/A,N/A,N/A,N/A,N/A,N/A,2026-05-16 10:20,2026-05-16 10:46,2026-05-16 10:48,2026-05-16 10:48,2026-05-16 11:38,2026-05-16 12:13
Cerv-000019-R1-S1,Cerv-000019,Cerv-000019-R1,,1,senior_pathologist,2026-05-09 09:00,2026-05-09 09:00,2026-05-09 21:00,2026-05-09 21:00,2026-05-11 09:30,2026-05-11 10:00,N/A,N/A,N/A,N/A,N/A,N/A,2026-05-16 10:32,2026-05-16 10:48,2026-05-16 10:50,2026-05-16 10:50,2026-05-16 11:38,2026-05-16 12:13
Cerv-000019-R1-S2,Cerv-000019,Cerv-000019-R1,,1,senior_pathologist,2026-05-09 09:00,2026-05-09 09:00,2026-05-09 21:00,2026-05-09 21:00,2026-05-11 09:30,2026-05-11 10:00,N/A,N/A,N/A,N/A,N/A,N/A,2026-05-16 10:32,2026-05-16 10:50,2026-05-16 10:52,2026-05-16 10:52,2026-05-16 11:38,2026-05-16 12:13
Cerv-000019-R1-S3,Cerv-000019,Cerv-000019-R1,,1,senior_pathologist,2026-05-09 09:00,2026-05-09 09:00,2026-05-09 21:00,2026-05-09 21:00,2026-05-11 09:30,2026-05-11 10:00,N/A,N/A,N/A,N/A,N/A,N/A,2026-05-16 10:32,2026-05-16 10:52,2026-05-16 10:54,2026-05-16 10:54,2026-05-16 11:38,2026-05-16 12:13
Cerv-000019-R1-S4,Cerv-000019,Cerv-000019-R1,,1,senior_pathologist,2026-05-09 09:00,2026-05-09 09:00,2026-05-09 21:00,2026-05-09 21:00,2026-05-11 09:30,2026-05-11 10:00,N/A,N/A,N/A,N/A,N/A,N/A,2026-05-16 10:32,2026-05-16 10:54,2026-05-16 10:56,2026-05-16 10:56,2026-05-16 11:38,2026-05-16 12:13
Cerv-000019-R1-S5,Cerv-000019,Cerv-000019-R1,,1,senior_pathologist,2026-05-09 09:00,2026-05-09 09:00,2026-05-09 21:00,2026-05-09 21:00,2026-05-11 09:30,2026-05-11 10:00,N/A,N/A,N/A,N/A,N/A,N/A,2026-05-16 10:32,2026-05-16 10:56,2026-05-16 10:58,2026-05-16 10:58,2026-05-16 11:38,2026-05-16 12:13
NonCerv-000054-R1-S1,NonCerv-000054,NonCerv-000054-R1,,1,senior_pathologist,2026-05-09 12:13,2026-05-09 12:13,2026-05-09 18:13,2026-05-09 18:13,2026-05-11 10:00,2026-05-11 10:10,N/A,N/A,N/A,N/A,N/A,N/A,2026-05-16 10:32,2026-05-16 10:58,2026-05-16 11:00,2026-05-16 11:00,2026-05-16 11:38,2026-05-16 12:13
NonCerv-000054-R1-S2,NonCerv-000054,NonCerv-000054-R1,,1,senior_pathologist,2026-05-09 12:13,2026-05-09 12:13,2026-05-09 18:13,2026-05-09 18:13,2026-05-11 10:00,2026-05-11 10:10,N/A,N/A,N/A,N/A,N/A,N/A,2026-05-16 10:32,2026-05-16 11:00,2026-05-16 11:02,2026-05-16 11:02,2026-05-16 11:38,2026-05-16 12:13
NonCerv-000054-R1-S3,NonCerv-000054,NonCerv-000054-R1,,1,senior_pathologist,2026-05-09 12:13,2026-05-09 12:13,2026-05-09 18:13,2026-05-09 18:13,2026-05-11 10:00,2026-05-11 10:10,N/A,N/A,N/A,N/A,N/A,N/A,2026-05-16 10:32,2026-05-16 11:02,2026-05-16 11:04,2026-05-16 11:04,2026-05-16 11:38,2026-05-16 12:13
NonCerv-000054-R1-S4,NonCerv-000054,NonCerv-000054-R1,,1,senior_pathologist,2026-05-09 12:13,2026-05-09 12:13,2026-05-09 18:13,2026-05-09 18:13,2026-05-11 10:00,2026-05-11 10:10,N/A,N/A,N/A,N/A,N/A,N/A,2026-05-16 10:32,2026-05-16 11:04,2026-05-16 11:06,2026-05-16 11:06,2026-05-16 11:38,2026-05-16 12:13
NonCerv-000054-R1-S5,NonCerv-000054,NonCerv-000054-R1,,1,senior_pathologist,2026-05-09 12:13,2026-05-09 12:13,2026-05-09 18:13,2026-05-09 18:13,2026-05-11 10:00,2026-05-11 10:10,N/A,N/A,N/A,N/A,N/A,N/A,2026-05-16 10:32,2026-05-16 11:06,2026-05-16 11:08,2026-05-16 11:08,2026-05-16 11:38,2026-05-16 12:13
Cerv-000021-R1-S1,Cerv-000021,Cerv-000021-R1,,1,senior_pathologist,2026-05-09 16:51,2026-05-09 16:51,2026-05-09 22:51,2026-05-09 22:51,2026-05-11 10:20,2026-05-11 10:30,N/A,N/A,N/A,N/A,N/A,N/A,2026-05-16 10:52,2026-05-16 11:08,2026-05-16 11:10,2026-05-16 11:10,2026-05-16 11:38,2026-05-16 12:13
Cerv-000021-R1-S2,Cerv-000021,Cerv-000021-R1,,1,senior_pathologist,2026-05-09 16:51,2026-05-09 16:51,2026-05-09 22:51,2026-05-09 22:51,2026-05-11 10:20,2026-05-11 10:30,N/A,N/A,N/A,N/A,N/A,N/A,2026-05-16 10:52,2026-05-16 11:10,2026-05-16 11:12,2026-05-16 11:12,2026-05-16 11:38,2026-05-16 12:13
Cerv-000021-R1-S3,Cerv-000021,Cerv-000021-R1,,1,senior_pathologist,2026-05-09 16:51,2026-05-09 16:51,2026-05-09 22:51,2026-05-09 22:51,2026-05-11 10:20,2026-05-11 10:30,N/A,N/A,N/A,N/A,N/A,N/A,2026-05-16 10:52,2026-05-16 11:12,2026-05-16 11:14,2026-05-16 11:14,2026-05-16 11:38,2026-05-16 12:13
Cerv-000021-R1-S4,Cerv-000021,Cerv-000021-R1,,1,senior_pathologist,2026-05-09 16:51,2026-05-09 16:51,2026-05-09 22:51,2026-05-09 22:51,2026-05-11 10:20,2026-05-11 10:30,N/A,N/A,N/A,N/A,N/A,N/A,2026-05-16 10:52,2026-05-16 11:14,2026-05-16 11:16,2026-05-16 11:16,2026-05-16 11:38,2026-05-16 12:13
Cerv-000021-R1-S5,Cerv-000021,Cerv-000021-R1,,1,senior_pathologist,2026-05-09 16:51,2026-05-09 16:51,2026-05-09 22:51,2026-05-09 22:51,2026-05-11 10:20,2026-05-11 10:30,N/A,N/A,N/A,N/A,N/A,N/A,2026-05-16 10:52,2026-05-16 11:16,2026-05-16 11:18,2026-05-16 11:18,2026-05-16 11:38,2026-05-16 12:13
Cerv-000023-R1-S1,Cerv-000023,Cerv-000023-R1,,1,senior_pathologist,2026-05-11 09:00,2026-05-11 09:00,2026-05-11 15:00,2026-05-11 15:00,2026-05-11 15:00,2026-05-11 15:10,N/A,N/A,N/A,N/A,N/A,N/A,2026-05-16 10:55,2026-05-16 11:18,2026-05-16 11:20,2026-05-16 11:20,2026-05-16 11:38,2026-05-16 12:13
Cerv-000023-R1-S2,Cerv-000023,Cerv-000023-R1,,1,senior_pathologist,2026-05-11 09:00,2026-05-11 09:00,2026-05-11 15:00,2026-05-11 15:00,2026-05-11 15:00,2026-05-11 15:10,N/A,N/A,N/A,N/A,N/A,N/A,2026-05-16 10:55,2026-05-16 11:20,2026-05-16 11:22,2026-05-16 11:22,2026-05-16 11:38,2026-05-16 12:13
Cerv-000023-R1-S3,Cerv-000023,Cerv-000023-R1,,1,senior_pathologist,2026-05-11 09:00,2026-05-11 09:00,2026-05-11 15:00,2026-05-11 15:00,2026-05-11 15:00,2026-05-11 15:10,N/A,N/A,N/A,N/A,N/A,N/A,2026-05-16 10:55,2026-05-16 11:22,2026-05-16 11:24,2026-05-16 11:24,2026-05-16 11:38,2026-05-16 12:13
Cerv-000023-R1-S4,Cerv-000023,Cerv-000023-R1,,1,senior_pathologist,2026-05-11 09:00,2026-05-11 09:00,2026-05-11 15:00,2026-05-11 15:00,2026-05-11 15:00,2026-05-11 15:10,N/A,N/A,N/A,N/A,N/A,N/A,2026-05-16 10:55,2026-05-16 11:24,2026-05-16 11:26,2026-05-16 11:26,2026-05-16 11:38,2026-05-16 12:13
Cerv-000023-R1-S5,Cerv-000023,Cerv-000023-R1,,1,senior_pathologist,2026-05-11 09:00,2026-05-11 09:00,2026-05-11 15:00,2026-05-11 15:00,2026-05-11 15:00,2026-05-11 15:10,N/A,N/A,N/A,N/A,N/A,N/A,2026-05-16 10:55,2026-05-16 11:26,2026-05-16 11:28,2026-05-16 11:28,2026-05-16 11:38,2026-05-16 12:13
Cerv-000024-R1-S1,Cerv-000024,Cerv-000024-R1,,1,senior_pathologist,2026-05-11 09:39,2026-05-11 09:39,2026-05-11 15:39,2026-05-11 15:39,2026-05-11 15:39,2026-05-11 15:49,N/A,N/A,N/A,N/A,N/A,N/A,2026-05-16 11:01,2026-05-16 11:28,2026-05-16 11:30,2026-05-16 11:30,2026-05-20 12:58,2026-05-20 13:33
Cerv-000024-R1-S2,Cerv-000024,Cerv-000024-R1,,1,senior_pathologist,2026-05-11 09:39,2026-05-11 09:39,2026-05-11 15:39,2026-05-11 15:39,2026-05-11 15:39,2026-05-11 15:49,N/A,N/A,N/A,N/A,N/A,N/A,2026-05-16 11:01,2026-05-16 11:30,2026-05-16 11:32,2026-05-16 11:32,2026-05-20 12:58,2026-05-20 13:33
Cerv-000024-R1-S3,Cerv-000024,Cerv-000024-R1,,1,senior_pathologist,2026-05-11 09:39,2026-05-11 09:39,2026-05-11 15:39,2026-05-11 15:39,2026-05-11 15:39,2026-05-11 15:49,N/A,N/A,N/A,N/A,N/A,N/A,2026-05-16 11:01,2026-05-16 11:32,2026-05-16 11:34,2026-05-16 11:34,2026-05-20 12:58,2026-05-20 13:33
Cerv-000024-R1-S4,Cerv-000024,Cerv-000024-R1,,1,senior_pathologist,2026-05-11 09:39,2026-05-11 09:39,2026-05-11 15:39,2026-05-11 15:39,2026-05-11 15:39,2026-05-11 15:49,N/A,N/A,N/A,N/A,N/A,N/A,2026-05-16 11:01,2026-05-16 11:34,2026-05-16 11:36,2026-05-16 11:36,2026-05-20 12:58,2026-05-20 13:33
Cerv-000024-R1-S5,Cerv-000024,Cerv-000024-R1,,1,senior_pathologist,2026-05-11 09:39,2026-05-11 09:39,2026-05-11 15:39,2026-05-11 15:39,2026-05-11 15:39,2026-05-11 15:49,N/A,N/A,N/A,N/A,N/A,N/A,2026-05-16 11:01,2026-05-16 11:36,2026-05-16 11:38,2026-05-16 11:38,2026-05-20 12:58,2026-05-20 13:33
NonCerv-000071-R1-S1,NonCerv-000071,NonCerv-000071-R1,,1,senior_pathologist,2026-05-12 11:30,2026-05-12 11:30,2026-05-12 17:30,2026-05-12 17:30,2026-05-13 09:00,2026-05-13 09:10,N/A,N/A,N/A,N/A,N/A,N/A,2026-05-16 11:22,2026-05-16 11:38,2026-05-16 11:40,2026-05-16 11:40,2026-05-20 12:58,2026-05-20 13:33
NonCerv-000071-R1-S2,NonCerv-000071,NonCerv-000071-R1,,1,senior_pathologist,2026-05-12 11:30,2026-05-12 11:30,2026-05-12 17:30,2026-05-12 17:30,2026-05-13 09:00,2026-05-13 09:10,N/A,N/A,N/A,N/A,N/A,N/A,2026-05-16 11:22,2026-05-16 11:40,2026-05-16 11:42,2026-05-16 11:42,2026-05-20 12:58,2026-05-20 13:33
NonCerv-000071-R1-S3,NonCerv-000071,NonCerv-000071-R1,,1,senior_pathologist,2026-05-12 11:30,2026-05-12 11:30,2026-05-12 17:30,2026-05-12 17:30,2026-05-13 09:00,2026-05-13 09:10,N/A,N/A,N/A,N/A,N/A,N/A,2026-05-16 11:22,2026-05-16 11:42,2026-05-16 11:44,2026-05-16 11:44,2026-05-20 12:58,2026-05-20 13:33
NonCerv-000071-R1-S4,NonCerv-000071,NonCerv-000071-R1,,1,senior_pathologist,2026-05-12 11:30,2026-05-12 11:30,2026-05-12 17:30,2026-05-12 17:30,2026-05-13 09:00,2026-05-13 09:10,N/A,N/A,N/A,N/A,N/A,N/A,2026-05-16 11:22,2026-05-16 11:44,2026-05-16 11:46,2026-05-16 11:46,2026-05-20 12:58,2026-05-20 13:33
NonCerv-000071-R1-S5,NonCerv-000071,NonCerv-000071-R1,,1,senior_pathologist,2026-05-12 11:30,2026-05-12 11:30,2026-05-12 17:30,2026-05-12 17:30,2026-05-13 09:00,2026-05-13 09:10,N/A,N/A,N/A,N/A,N/A,N/A,2026-05-16 11:22,2026-05-16 11:46,2026-05-16 11:48,2026-05-16 11:48,2026-05-20 12:58,2026-05-20 13:33
Cerv-000027-R1-S1,Cerv-000027,Cerv-000027-R1,,1,senior_pathologist,2026-05-12 10:54,2026-05-12 10:54,2026-05-12 16:54,2026-05-12 16:54,2026-05-13 09:10,2026-05-13 09:20,N/A,N/A,N/A,N/A,N/A,N/A,2026-05-16 11:26,2026-05-16 11:48,2026-05-16 11:50,2026-05-16 11:50,2026-05-20 12:58,2026-05-20 13:33
Cerv-000027-R1-S2,Cerv-000027,Cerv-000027-R1,,1,senior_pathologist,2026-05-12 10:54,2026-05-12 10:54,2026-05-12 16:54,2026-05-12 16:54,2026-05-13 09:10,2026-05-13 09:20,N/A,N/A,N/A,N/A,N/A,N/A,2026-05-16 11:26,2026-05-16 11:50,2026-05-16 11:52,2026-05-16 11:52,2026-05-20 12:58,2026-05-20 13:33
Cerv-000027-R1-S3,Cerv-000027,Cerv-000027-R1,,1,senior_pathologist,2026-05-12 10:54,2026-05-12 10:54,2026-05-12 16:54,2026-05-12 16:54,2026-05-13 09:10,2026-05-13 09:20,N/A,N/A,N/A,N/A,N/A,N/A,2026-05-16 11:26,2026-05-16 11:52,2026-05-16 11:54,2026-05-16 11:54,2026-05-20 12:58,2026-05-20 13:33
Cerv-000027-R1-S4,Cerv-000027,Cerv-000027-R1,,1,senior_pathologist,2026-05-12 10:54,2026-05-12 10:54,2026-05-12 16:54,2026-05-12 16:54,2026-05-13 09:10,2026-05-13 09:20,N/A,N/A,N/A,N/A,N/A,N/A,2026-05-16 11:26,2026-05-16 11:54,2026-05-16 11:56,2026-05-16 11:56,2026-05-20 12:58,2026-05-20 13:33
Cerv-000027-R1-S5,Cerv-000027,Cerv-000027-R1,,1,senior_pathologist,2026-05-12 10:54,2026-05-12 10:54,2026-05-12 16:54,2026-05-12 16:54,2026-05-13 09:10,2026-05-13 09:20,N/A,N/A,N/A,N/A,N/A,N/A,2026-05-16 11:26,2026-05-16 11:56,2026-05-16 11:58,2026-05-16 11:58,2026-05-20 12:58,2026-05-20 13:33
NonCerv-000073-R1-S1,NonCerv-000073,NonCerv-000073-R1,,1,senior_pathologist,2026-05-12 13:09,2026-05-12 13:09,2026-05-13 01:09,2026-05-13 01:09,2026-05-13 09:10,2026-05-13 09:40,N/A,N/A,N/A,N/A,N/A,N/A,2026-05-16 11:30,2026-05-16 11:58,2026-05-16 12:00,2026-05-16 12:00,2026-05-20 12:58,2026-05-20 13:33
NonCerv-000073-R1-S2,NonCerv-000073,NonCerv-000073-R1,,1,senior_pathologist,2026-05-12 13:09,2026-05-12 13:09,2026-05-13 01:09,2026-05-13 01:09,2026-05-13 09:10,2026-05-13 09:40,N/A,N/A,N/A,N/A,N/A,N/A,2026-05-16 11:30,2026-05-16 12:00,2026-05-16 12:02,2026-05-16 12:02,2026-05-20 12:58,2026-05-20 13:33
NonCerv-000073-R1-S3,NonCerv-000073,NonCerv-000073-R1,,1,senior_pathologist,2026-05-12 13:09,2026-05-12 13:09,2026-05-13 01:09,2026-05-13 01:09,2026-05-13 09:10,2026-05-13 09:40,N/A,N/A,N/A,N/A,N/A,N/A,2026-05-16 11:30,2026-05-16 12:02,2026-05-16 12:04,2026-05-16 12:04,2026-05-20 12:58,2026-05-20 13:33
NonCerv-000073-R1-S4,NonCerv-000073,NonCerv-000073-R1,,1,senior_pathologist,2026-05-12 13:09,2026-05-12 13:09,2026-05-13 01:09,2026-05-13 01:09,2026-05-13 09:10,2026-05-13 09:40,N/A,N/A,N/A,N/A,N/A,N/A,2026-05-16 11:30,2026-05-16 12:04,2026-05-16 12:06,2026-05-16 12:06,2026-05-20 12:58,2026-05-20 13:33
NonCerv-000073-R1-S5,NonCerv-000073,NonCerv-000073-R1,,1,senior_pathologist,2026-05-12 13:09,2026-05-12 13:09,2026-05-13 01:09,2026-05-13 01:09,2026-05-13 09:10,2026-05-13 09:40,N/A,N/A,N/A,N/A,N/A,N/A,2026-05-16 11:30,2026-05-16 12:06,2026-05-16 12:08,2026-05-16 12:08,2026-05-20 12:58,2026-05-20 13:33
NonCerv-000104-S1,NonCerv-000104,NonCerv-000104,NonCerv-000104-S1,0,,2026-05-16 15:45,2026-05-16 15:45,2026-05-16 21:45,2026-05-16 21:45,2026-05-18 09:00,2026-05-18 09:10,2026-05-18 09:10,2026-05-19 09:20,2026-05-20 07:20,2026-05-20 07:20,2026-05-20 09:40,2026-05-20 09:41,2026-05-20 09:41,2026-05-20 11:40,2026-05-20 11:42,2026-05-20 11:42,2026-05-20 14:08,2026-05-20 14:43
NonCerv-000110-S1,NonCerv-000110,NonCerv-000110,NonCerv-000110-S1,0,,2026-05-17 16:03,2026-05-17 16:03,2026-05-17 22:03,2026-05-17 22:03,2026-05-18 09:00,2026-05-18 09:10,2026-05-18 09:10,2026-05-19 09:20,2026-05-20 07:20,2026-05-20 07:20,2026-05-20 09:41,2026-05-20 09:42,2026-05-20 09:42,2026-05-20 11:42,2026-05-20 11:44,2026-05-20 11:44,2026-05-20 14:08,2026-05-20 14:43
NonCerv-000102-S1,NonCerv-000102,NonCerv-000102,NonCerv-000102-S1,0,,2026-05-16 12:29,2026-05-16 12:29,2026-05-16 18:29,2026-05-16 18:29,2026-05-18 09:10,2026-05-18 09:20,2026-05-18 09:20,2026-05-19 09:20,2026-05-20 07:20,2026-05-20 07:20,2026-05-20 09:42,2026-05-20 09:43,2026-05-20 09:43,2026-05-20 11:44,2026-05-20 11:46,2026-05-20 11:46,2026-05-20 14:08,2026-05-20 14:43
NonCerv-000109-S1,NonCerv-000109,NonCerv-000109,NonCerv-000109-S1,0,,2026-05-17 11:25,2026-05-17 11:25,2026-05-17 17:25,2026-05-17 17:25,2026-05-18 09:10,2026-05-18 09:20,2026-05-18 09:20,2026-05-19 09:20,2026-05-20 07:20,2026-05-20 07:20,2026-05-20 09:43,2026-05-20 09:44,2026-05-20 09:44,2026-05-20 11:46,2026-05-20 11:48,2026-05-20 11:48,2026-05-20 14:08,2026-05-20 14:43
NonCerv-000108-S1,NonCerv-000108,NonCerv-000108,NonCerv-000108-S1,0,,2026-05-17 10:30,2026-05-17 10:30,2026-05-17 16:30,2026-05-17 16:30,2026-05-18 09:20,2026-05-18 09:30,2026-05-18 09:30,2026-05-19 09:20,2026-05-20 07:20,2026-05-20 07:20,2026-05-20 09:44,2026-05-20 09:45,2026-05-20 09:45,2026-05-20 11:48,2026-05-20 11:50,2026-05-20 11:50,2026-05-20 14:08,2026-05-20 14:43
NonCerv-000111-S1,NonCerv-000111,NonCerv-000111,NonCerv-000111-S1,0,,2026-05-17 16:26,2026-05-17 16:26,2026-05-17 22:26,2026-05-17 22:26,2026-05-18 09:20,2026-05-18 09:30,2026-05-18 09:30,2026-05-19 09:20,2026-05-20 07:20,2026-05-20 07:20,2026-05-20 09:45,2026-05-20 09:46,2026-05-20 09:46,2026-05-20 11:50,2026-05-20 11:52,2026-05-20 11:52,2026-05-20 14:08,2026-05-20 14:43
Cerv-000035-S1,Cerv-000035,Cerv-000035,Cerv-000035-S1,0,,2026-05-17 12:50,2026-05-17 12:50,2026-05-17 18:50,2026-05-17 18:50,2026-05-18 09:30,2026-05-18 09:40,2026-05-18 09:40,2026-05-19 09:20,2026-05-20 07:20,2026-05-20 07:20,2026-05-20 09:46,2026-05-20 09:47,2026-05-20 09:47,2026-05-20 11:52,2026-05-20 11:54,2026-05-20 11:54,2026-05-20 14:08,2026-05-20 14:43
Cerv-000036-S1,Cerv-000036,Cerv-000036,Cerv-000036-S1,0,,2026-05-17 12:59,2026-05-17 12:59,2026-05-17 18:59,2026-05-17 18:59,2026-05-18 09:40,2026-05-18 09:50,2026-05-18 09:50,2026-05-19 09:20,2026-05-20 07:20,2026-05-20 07:20,2026-05-20 09:47,2026-05-20 09:48,2026-05-20 09:48,2026-05-20 11:54,2026-05-20 11:56,2026-05-20 11:56,2026-05-20 14:08,2026-05-20 14:43
Cerv-000034-S1,Cerv-000034,Cerv-000034,Cerv-000034-S1,0,,2026-05-17 11:37,2026-05-17 11:37,2026-05-17 23:37,2026-05-17 23:37,2026-05-18 09:30,2026-05-18 10:00,2026-05-18 10:00,2026-05-19 09:20,2026-05-20 07:20,2026-05-20 07:20,2026-05-20 09:48,2026-05-20 09:49,2026-05-20 09:49,2026-05-20 11:56,2026-05-20 11:58,2026-05-20 11:58,2026-05-20 14:08,2026-05-20 14:43
Cerv-000034-S2,Cerv-000034,Cerv-000034,Cerv-000034-S2,0,,2026-05-17 11:37,2026-05-17 11:37,2026-05-17 23:37,2026-05-17 23:37,2026-05-18 09:30,2026-05-18 10:00,2026-05-18 10:00,2026-05-19 09:20,2026-05-20 07:20,2026-05-20 07:20,2026-05-20 09:49,2026-05-20 09:50,2026-05-20 09:50,2026-05-20 11:58,2026-05-20 12:00,2026-05-20 12:00,2026-05-20 14:08,2026-05-20 14:43
Cerv-000034-S3,Cerv-000034,Cerv-000034,Cerv-000034-S3,0,,2026-05-17 11:37,2026-05-17 11:37,2026-05-17 23:37,2026-05-17 23:37,2026-05-18 09:30,2026-05-18 10:00,2026-05-18 10:00,2026-05-19 09:20,2026-05-20 07:20,2026-05-20 07:20,2026-05-20 09:50,2026-05-20 09:51,2026-05-20 09:51,2026-05-20 12:00,2026-05-20 12:02,2026-05-20 12:02,2026-05-20 14:08,2026-05-20 14:43
Cerv-000034-S4,Cerv-000034,Cerv-000034,Cerv-000034-S4,0,,2026-05-17 11:37,2026-05-17 11:37,2026-05-17 23:37,2026-05-17 23:37,2026-05-18 09:30,2026-05-18 10:00,2026-05-18 10:00,2026-05-19 09:20,2026-05-20 07:20,2026-05-20 07:20,2026-05-20 09:51,2026-05-20 09:52,2026-05-20 09:52,2026-05-20 12:02,2026-05-20 12:04,2026-05-20 12:04,2026-05-20 14:08,2026-05-20 14:43
Cerv-000034-S5,Cerv-000034,Cerv-000034,Cerv-000034-S5,0,,2026-05-17 11:37,2026-05-17 11:37,2026-05-17 23:37,2026-05-17 23:37,2026-05-18 09:30,2026-05-18 10:00,2026-05-18 10:00,2026-05-19 09:20,2026-05-20 07:20,2026-05-20 07:20,2026-05-20 09:52,2026-05-20 09:53,2026-05-20 09:53,2026-05-20 12:04,2026-05-20 12:06,2026-05-20 12:06,2026-05-20 14:08,2026-05-20 14:43
Cerv-000034-S6,Cerv-000034,Cerv-000034,Cerv-000034-S6,0,,2026-05-17 11:37,2026-05-17 11:37,2026-05-17 23:37,2026-05-17 23:37,2026-05-18 09:30,2026-05-18 10:00,2026-05-18 10:00,2026-05-19 09:20,2026-05-20 07:20,2026-05-20 07:20,2026-05-20 09:53,2026-05-20 09:54,2026-05-20 09:54,2026-05-20 12:06,2026-05-20 12:08,2026-05-20 12:08,2026-05-20 14:08,2026-05-20 14:43
Cerv-000034-S7,Cerv-000034,Cerv-000034,Cerv-000034-S7,0,,2026-05-17 11:37,2026-05-17 11:37,2026-05-17 23:37,2026-05-17 23:37,2026-05-18 09:30,2026-05-18 10:00,2026-05-18 10:00,2026-05-19 09:20,2026-05-20 07:20,2026-05-20 07:20,2026-05-20 09:54,2026-05-20 09:55,2026-05-20 09:55,2026-05-20 12:08,2026-05-20 12:10,2026-05-20 12:10,2026-05-20 14:08,2026-05-20 14:43
Cerv-000034-S8,Cerv-000034,Cerv-000034,Cerv-000034-S8,0,,2026-05-17 11:37,2026-05-17 11:37,2026-05-17 23:37,2026-05-17 23:37,2026-05-18 09:30,2026-05-18 10:00,2026-05-18 10:00,2026-05-19 09:20,2026-05-20 07:20,2026-05-20 07:20,2026-05-20 09:55,2026-05-20 09:56,2026-05-20 09:56,2026-05-20 12:10,2026-05-20 12:12,2026-05-20 12:12,2026-05-20 14:43,2026-05-20 15:18
Cerv-000034-S9,Cerv-000034,Cerv-000034,Cerv-000034-S9,0,,2026-05-17 11:37,2026-05-17 11:37,2026-05-17 23:37,2026-05-17 23:37,2026-05-18 09:30,2026-05-18 10:00,2026-05-18 10:00,2026-05-19 09:20,2026-05-20 07:20,2026-05-20 07:20,2026-05-20 09:56,2026-05-20 09:57,2026-05-20 09:57,2026-05-20 12:12,2026-05-20 12:14,2026-05-20 12:14,2026-05-20 14:43,2026-05-20 15:18
Cerv-000034-S10,Cerv-000034,Cerv-000034,Cerv-000034-S10,0,,2026-05-17 11:37,2026-05-17 11:37,2026-05-17 23:37,2026-05-17 23:37,2026-05-18 09:30,2026-05-18 10:00,2026-05-18 10:00,2026-05-19 09:20,2026-05-20 07:20,2026-05-20 07:20,2026-05-20 09:57,2026-05-20 09:58,2026-05-20 09:58,2026-05-20 12:14,2026-05-20 12:16,2026-05-20 12:16,2026-05-20 14:43,2026-05-20 15:18
NonCerv-000100-S1,NonCerv-000100,NonCerv-000100,NonCerv-000100-S1,0,,2026-05-16 09:00,2026-05-16 09:00,2026-05-16 15:00,2026-05-16 15:00,2026-05-18 09:50,2026-05-18 10:00,2026-05-18 10:00,2026-05-19 09:20,2026-05-20 07:20,2026-05-20 07:20,2026-05-20 09:58,2026-05-20 09:59,2026-05-20 09:59,2026-05-20 12:16,2026-05-20 12:18,2026-05-20 12:18,2026-05-20 14:43,2026-05-20 15:18
Cerv-000033-S1,Cerv-000033,Cerv-000033,Cerv-000033-S1,0,,2026-05-17 09:00,2026-05-17 09:00,2026-05-17 15:00,2026-05-17 15:00,2026-05-18 10:00,2026-05-18 10:10,2026-05-18 10:10,2026-05-19 09:20,2026-05-20 07:20,2026-05-20 07:20,2026-05-20 09:59,2026-05-20 10:00,2026-05-20 10:00,2026-05-20 12:18,2026-05-20 12:20,2026-05-20 12:20,2026-05-20 14:43,2026-05-20 15:18
Cerv-000032-S1,Cerv-000032,Cerv-000032,Cerv-000032-S1,0,,2026-05-16 09:00,2026-05-16 09:00,2026-05-16 21:00,2026-05-16 21:00,2026-05-18 10:00,2026-05-18 10:30,2026-05-18 10:30,2026-05-19 09:20,2026-05-20 07:20,2026-05-20 07:20,2026-05-20 10:00,2026-05-20 10:01,2026-05-20 10:01,2026-05-20 12:20,2026-05-20 12:22,2026-05-20 12:22,2026-05-20 14:43,2026-05-20 15:18
Cerv-000032-S2,Cerv-000032,Cerv-000032,Cerv-000032-S2,0,,2026-05-16 09:00,2026-05-16 09:00,2026-05-16 21:00,2026-05-16 21:00,2026-05-18 10:00,2026-05-18 10:30,2026-05-18 10:30,2026-05-19 09:20,2026-05-20 07:20,2026-05-20 07:20,2026-05-20 10:01,2026-05-20 10:02,2026-05-20 10:02,2026-05-20 12:22,2026-05-20 12:24,2026-05-20 12:24,2026-05-20 14:43,2026-05-20 15:18
Cerv-000032-S3,Cerv-000032,Cerv-000032,Cerv-000032-S3,0,,2026-05-16 09:00,2026-05-16 09:00,2026-05-16 21:00,2026-05-16 21:00,2026-05-18 10:00,2026-05-18 10:30,2026-05-18 10:30,2026-05-19 09:20,2026-05-20 07:20,2026-05-20 07:20,2026-05-20 10:02,2026-05-20 10:03,2026-05-20 10:03,2026-05-20 12:24,2026-05-20 12:26,2026-05-20 12:26,2026-05-20 14:43,2026-05-20 15:18
Cerv-000032-S4,Cerv-000032,Cerv-000032,Cerv-000032-S4,0,,2026-05-16 09:00,2026-05-16 09:00,2026-05-16 21:00,2026-05-16 21:00,2026-05-18 10:00,2026-05-18 10:30,2026-05-18 10:30,2026-05-19 09:20,2026-05-20 07:20,2026-05-20 07:20,2026-05-20 10:03,2026-05-20 10:04,2026-05-20 10:04,2026-05-20 12:26,2026-05-20 12:28,2026-05-20 12:28,2026-05-20 14:43,2026-05-20 15:18
Cerv-000032-S5,Cerv-000032,Cerv-000032,Cerv-000032-S5,0,,2026-05-16 09:00,2026-05-16 09:00,2026-05-16 21:00,2026-05-16 21:00,2026-05-18 10:00,2026-05-18 10:30,2026-05-18 10:30,2026-05-19 09:20,2026-05-20 07:20,2026-05-20 07:20,2026-05-20 10:04,2026-05-20 10:05,2026-05-20 10:05,2026-05-20 12:28,2026-05-20 12:30,2026-05-20 12:30,2026-05-20 14:43,2026-05-20 15:18
Cerv-000032-S6,Cerv-000032,Cerv-000032,Cerv-000032-S6,0,,2026-05-16 09:00,2026-05-16 09:00,2026-05-16 21:00,2026-05-16 21:00,2026-05-18 10:00,2026-05-18 10:30,2026-05-18 10:30,2026-05-19 09:20,2026-05-20 07:20,2026-05-20 07:20,2026-05-20 10:05,2026-05-20 10:06,2026-05-20 10:06,2026-05-20 12:30,2026-05-20 12:32,2026-05-20 12:32,2026-05-20 14:43,2026-05-20 15:18
Cerv-000032-S7,Cerv-000032,Cerv-000032,Cerv-000032-S7,0,,2026-05-16 09:00,2026-05-16 09:00,2026-05-16 21:00,2026-05-16 21:00,2026-05-18 10:00,2026-05-18 10:30,2026-05-18 10:30,2026-05-19 09:20,2026-05-20 07:20,2026-05-20 07:20,2026-05-20 10:06,2026-05-20 10:07,2026-05-20 10:07,2026-05-20 12:32,2026-05-20 12:34,2026-05-20 12:34,2026-05-20 14:43,2026-05-20 15:18
Cerv-000032-S8,Cerv-000032,Cerv-000032,Cerv-000032-S8,0,,2026-05-16 09:00,2026-05-16 09:00,2026-05-16 21:00,2026-05-16 21:00,2026-05-18 10:00,2026-05-18 10:30,2026-05-18 10:30,2026-05-19 09:20,2026-05-20 07:20,2026-05-20 07:20,2026-05-20 10:07,2026-05-20 10:08,2026-05-20 10:08,2026-05-20 12:34,2026-05-20 12:36,2026-05-20 12:36,2026-05-20 14:43,2026-05-20 15:18
Cerv-000032-S9,Cerv-000032,Cerv-000032,Cerv-000032-S9,0,,2026-05-16 09:00,2026-05-16 09:00,2026-05-16 21:00,2026-05-16 21:00,2026-05-18 10:00,2026-05-18 10:30,2026-05-18 10:30,2026-05-19 09:20,2026-05-20 07:20,2026-05-20 07:20,2026-05-20 10:08,2026-05-20 10:09,2026-05-20 10:09,2026-05-20 12:36,2026-05-20 12:38,2026-05-20 12:38,2026-05-20 14:43,2026-05-20 15:18
Cerv-000032-S10,Cerv-000032,Cerv-000032,Cerv-000032-S10,0,,2026-05-16 09:00,2026-05-16 09:00,2026-05-16 21:00,2026-05-16 21:00,2026-05-18 10:00,2026-05-18 10:30,2026-05-18 10:30,2026-05-19 09:20,2026-05-20 07:20,2026-05-20 07:20,2026-05-20 10:09,2026-05-20 10:10,2026-05-20 10:10,2026-05-20 12:38,2026-05-20 12:40,2026-05-20 12:40,2026-05-20 14:43,2026-05-20 15:18
NonCerv-000105-S1,NonCerv-000105,NonCerv-000105,NonCerv-000105-S1,0,,2026-05-17 09:00,2026-05-17 09:00,2026-05-17 21:00,2026-05-17 21:00,2026-05-18 10:10,2026-05-18 10:40,2026-05-18 10:40,2026-05-19 09:20,2026-05-20 07:20,2026-05-20 07:20,2026-05-20 10:10,2026-05-20 10:11,2026-05-20 10:11,2026-05-20 12:40,2026-05-20 12:42,2026-05-20 12:42,2026-05-20 14:43,2026-05-20 15:18
NonCerv-000105-S2,NonCerv-000105,NonCerv-000105,NonCerv-000105-S2,0,,2026-05-17 09:00,2026-05-17 09:00,2026-05-17 21:00,2026-05-17 21:00,2026-05-18 10:10,2026-05-18 10:40,2026-05-18 10:40,2026-05-19 09:20,2026-05-20 07:20,2026-05-20 07:20,2026-05-20 10:11,2026-05-20 10:12,2026-05-20 10:12,2026-05-20 12:42,2026-05-20 12:44,2026-05-20 12:44,2026-05-20 14:43,2026-05-20 15:18
NonCerv-000105-S3,NonCerv-000105,NonCerv-000105,NonCerv-000105-S3,0,,2026-05-17 09:00,2026-05-17 09:00,2026-05-17 21:00,2026-05-17 21:00,2026-05-18 10:10,2026-05-18 10:40,2026-05-18 10:40,2026-05-19 09:20,2026-05-20 07:20,2026-05-20 07:20,2026-05-20 10:12,2026-05-20 10:13,2026-05-20 10:13,2026-05-20 12:44,2026-05-20 12:46,2026-05-20 12:46,2026-05-20 14:43,2026-05-20 15:18
NonCerv-000105-S4,NonCerv-000105,NonCerv-000105,NonCerv-000105-S4,0,,2026-05-17 09:00,2026-05-17 09:00,2026-05-17 21:00,2026-05-17 21:00,2026-05-18 10:10,2026-05-18 10:40,2026-05-18 10:40,2026-05-19 09:20,2026-05-20 07:20,2026-05-20 07:20,2026-05-20 10:13,2026-05-20 10:14,2026-05-20 10:14,2026-05-20 12:46,2026-05-20 12:48,2026-05-20 12:48,2026-05-20 14:43,2026-05-20 15:18
NonCerv-000105-S5,NonCerv-000105,NonCerv-000105,NonCerv-000105-S5,0,,2026-05-17 09:00,2026-05-17 09:00,2026-05-17 21:00,2026-05-17 21:00,2026-05-18 10:10,2026-05-18 10:40,2026-05-18 10:40,2026-05-19 09:20,2026-05-20 07:20,2026-05-20 07:20,2026-05-20 10:14,2026-05-20 10:15,2026-05-20 10:15,2026-05-20 12:48,2026-05-20 12:50,2026-05-20 12:50,2026-05-20 14:43,2026-05-20 15:18
NonCerv-000105-S6,NonCerv-000105,NonCerv-000105,NonCerv-000105-S6,0,,2026-05-17 09:00,2026-05-17 09:00,2026-05-17 21:00,2026-05-17 21:00,2026-05-18 10:10,2026-05-18 10:40,2026-05-18 10:40,2026-05-19 09:20,2026-05-20 07:20,2026-05-20 07:20,2026-05-20 10:15,2026-05-20 10:16,2026-05-20 10:16,2026-05-20 12:50,2026-05-20 12:52,2026-05-20 12:52,2026-05-20 14:43,2026-05-20 15:18
NonCerv-000105-S7,NonCerv-000105,NonCerv-000105,NonCerv-000105-S7,0,,2026-05-17 09:00,2026-05-17 09:00,2026-05-17 21:00,2026-05-17 21:00,2026-05-18 10:10,2026-05-18 10:40,2026-05-18 10:40,2026-05-19 09:20,2026-05-20 07:20,2026-05-20 07:20,2026-05-20 10:16,2026-05-20 10:17,2026-05-20 10:17,2026-05-20 12:52,2026-05-20 12:54,2026-05-20 12:54,2026-05-20 14:43,2026-05-20 15:18
NonCerv-000105-S8,NonCerv-000105,NonCerv-000105,NonCerv-000105-S8,0,,2026-05-17 09:00,2026-05-17 09:00,2026-05-17 21:00,2026-05-17 21:00,2026-05-18 10:10,2026-05-18 10:40,2026-05-18 10:40,2026-05-19 09:20,2026-05-20 07:20,2026-05-20 07:20,2026-05-20 10:17,2026-05-20 10:18,2026-05-20 10:18,2026-05-20 12:54,2026-05-20 12:56,2026-05-20 12:56,2026-05-20 14:43,2026-05-20 15:18
NonCerv-000105-S9,NonCerv-000105,NonCerv-000105,NonCerv-000105-S9,0,,2026-05-17 09:00,2026-05-17 09:00,2026-05-17 21:00,2026-05-17 21:00,2026-05-18 10:10,2026-05-18 10:40,2026-05-18 10:40,2026-05-19 09:20,2026-05-20 07:20,2026-05-20 07:20,2026-05-20 10:18,2026-05-20 10:19,2026-05-20 10:19,2026-05-20 12:56,2026-05-20 12:58,2026-05-20 12:58,2026-05-20 14:43,2026-05-20 15:18
NonCerv-000105-S10,NonCerv-000105,NonCerv-000105,NonCerv-000105-S10,0,,2026-05-17 09:00,2026-05-17 09:00,2026-05-17 21:00,2026-05-17 21:00,2026-05-18 10:10,2026-05-18 10:40,2026-05-18 10:40,2026-05-19 09:20,2026-05-20 07:20,2026-05-20 07:20,2026-05-20 10:19,2026-05-20 10:20,2026-05-20 10:20,2026-05-20 12:58,2026-05-20 13:00,2026-05-20 13:00,2026-05-20 14:43,2026-05-20 15:18
NonCerv-000107-S1,NonCerv-000107,NonCerv-000107,NonCerv-000107-S1,0,,2026-05-17 10:19,2026-05-17 10:19,2026-05-17 16:19,2026-05-17 16:19,2026-05-18 10:30,2026-05-18 10:40,2026-05-18 10:40,2026-05-19 09:20,2026-05-20 07:20,2026-05-20 07:20,2026-05-20 10:20,2026-05-20 10:21,2026-05-20 10:21,2026-05-20 13:00,2026-05-20 13:02,2026-05-20 13:02,2026-05-21 10:38,2026-05-21 11:13
NonCerv-000101-S1,NonCerv-000101,NonCerv-000101,NonCerv-000101-S1,0,,2026-05-16 09:47,2026-05-16 09:47,2026-05-16 15:47,2026-05-16 15:47,2026-05-18 10:40,2026-05-18 10:50,2026-05-18 10:50,2026-05-19 09:20,2026-05-20 07:20,2026-05-20 07:20,2026-05-20 10:21,2026-05-20 10:22,2026-05-20 10:22,2026-05-20 13:02,2026-05-20 13:04,2026-05-20 13:04,2026-05-21 10:38,2026-05-21 11:13
NonCerv-000106-S1,NonCerv-000106,NonCerv-000106,NonCerv-000106-S1,0,,2026-05-17 09:27,2026-05-17 09:27,2026-05-17 15:27,2026-05-17 15:27,2026-05-18 10:40,2026-05-18 10:50,2026-05-18 10:50,2026-05-19 09:20,2026-05-20 07:20,2026-05-20 07:20,2026-05-20 10:22,2026-05-20 10:23,2026-05-20 10:23,2026-05-20 13:04,2026-05-20 13:06,2026-05-20 13:06,2026-05-21 10:38,2026-05-21 11:13
NonCerv-000103-S1,NonCerv-000103,NonCerv-000103,NonCerv-000103-S1,0,,2026-05-16 13:44,2026-05-16 13:44,2026-05-16 19:44,2026-05-16 19:44,2026-05-18 10:50,2026-05-18 11:00,2026-05-18 11:00,2026-05-19 09:20,2026-05-20 07:20,2026-05-20 07:20,2026-05-20 10:23,2026-05-20 10:24,2026-05-20 10:24,2026-05-20 13:06,2026-05-20 13:08,2026-05-20 13:08,2026-05-21 10:38,2026-05-21 11:13
Cerv-000037-S1,Cerv-000037,Cerv-000037,Cerv-000037-S1,0,,2026-05-18 09:00,2026-05-18 09:00,2026-05-18 15:00,2026-05-18 15:00,2026-05-18 15:00,2026-05-18 15:10,2026-05-18 15:10,2026-05-19 09:20,2026-05-20 07:20,2026-05-20 07:20,2026-05-20 10:24,2026-05-20 10:25,2026-05-20 10:25,2026-05-20 13:08,2026-05-20 13:10,2026-05-20 13:10,2026-05-21 10:38,2026-05-21 11:13
NonCerv-000112-S1,NonCerv-000112,NonCerv-000112,NonCerv-000112-S1,0,,2026-05-18 09:00,2026-05-18 09:00,2026-05-18 15:00,2026-05-18 15:00,2026-05-18 15:00,2026-05-18 15:10,2026-05-18 15:10,2026-05-19 09:20,2026-05-20 07:20,2026-05-20 07:20,2026-05-20 10:25,2026-05-20 10:26,2026-05-20 10:26,2026-05-20 13:10,2026-05-20 13:12,2026-05-20 13:12,2026-05-21 10:38,2026-05-21 11:13
NonCerv-000119-S1,NonCerv-000119,NonCerv-000119,NonCerv-000119-S1,0,,2026-05-18 16:06,2026-05-18 16:06,2026-05-18 22:06,2026-05-18 22:06,2026-05-19 09:00,2026-05-19 09:10,2026-05-19 09:10,2026-05-19 09:20,2026-05-20 07:20,2026-05-20 07:20,2026-05-20 10:26,2026-05-20 10:27,2026-05-20 10:27,2026-05-20 13:12,2026-05-20 13:14,2026-05-20 13:14,2026-05-21 10:38,2026-05-21 11:13
NonCerv-000117-S1,NonCerv-000117,NonCerv-000117,NonCerv-000117-S1,0,,2026-05-18 12:38,2026-05-18 12:38,2026-05-18 18:38,2026-05-18 18:38,2026-05-19 09:00,2026-05-19 09:10,2026-05-19 09:10,2026-05-19 09:20,2026-05-20 07:20,2026-05-20 07:20,2026-05-20 10:27,2026-05-20 10:28,2026-05-20 10:28,2026-05-20 13:14,2026-05-20 13:16,2026-05-20 13:16,2026-05-21 10:38,2026-05-21 11:13
NonCerv-000115-S1,NonCerv-000115,NonCerv-000115,NonCerv-000115-S1,0,,2026-05-18 11:42,2026-05-18 11:42,2026-05-18 17:42,2026-05-18 17:42,2026-05-19 09:10,2026-05-19 09:20,2026-05-19 09:20,2026-05-19 09:20,2026-05-20 07:20,2026-05-20 07:20,2026-05-20 10:28,2026-05-20 10:29,2026-05-20 10:29,2026-05-20 13:16,2026-05-20 13:18,2026-05-20 13:18,2026-05-21 10:38,2026-05-21 11:13
NonCerv-000114-S1,NonCerv-000114,NonCerv-000114,NonCerv-000114-S1,0,,2026-05-18 11:02,2026-05-18 11:02,2026-05-18 17:02,2026-05-18 17:02,2026-05-19 09:10,2026-05-19 09:20,2026-05-19 09:20,2026-05-19 09:20,2026-05-20 07:20,2026-05-20 07:20,2026-05-20 10:29,2026-05-20 10:30,2026-05-20 10:30,2026-05-20 13:18,2026-05-20 13:20,2026-05-20 13:20,2026-05-21 10:38,2026-05-21 11:13
NonCerv-000116-S1,NonCerv-000116,NonCerv-000116,NonCerv-000116-S1,0,,2026-05-18 12:31,2026-05-18 12:31,2026-05-18 18:31,2026-05-18 18:31,2026-05-19 09:20,2026-05-19 09:30,2026-05-19 09:30,2026-05-26 09:30,2026-05-27 07:30,2026-05-27 07:30,2026-05-27 09:00,2026-05-27 09:01,2026-05-27 09:01,2026-05-27 10:20,2026-05-27 10:22,2026-05-27 10:22,2026-05-27 13:00,2026-05-27 13:35
NonCerv-000118-S1,NonCerv-000118,NonCerv-000118,NonCerv-000118-S1,0,,2026-05-18 14:20,2026-05-18 14:20,2026-05-18 20:20,2026-05-18 20:20,2026-05-19 09:20,2026-05-19 09:30,2026-05-19 09:30,2026-05-26 09:30,2026-05-27 07:30,2026-05-27 07:30,2026-05-27 09:01,2026-05-27 09:02,2026-05-27 09:02,2026-05-27 10:22,2026-05-27 10:24,2026-05-27 10:24,2026-05-27 13:00,2026-05-27 13:35
NonCerv-000113-S1,NonCerv-000113,NonCerv-000113,NonCerv-000113-S1,0,,2026-05-18 11:02,2026-05-18 11:02,2026-05-18 17:02,2026-05-18 17:02,2026-05-19 09:30,2026-05-19 09:40,2026-05-19 09:40,2026-05-26 09:30,2026-05-27 07:30,2026-05-27 07:30,2026-05-27 09:02,2026-05-27 09:03,2026-05-27 09:03,2026-05-27 10:24,2026-05-27 10:26,2026-05-27 10:26,2026-05-27 13:00,2026-05-27 13:35
Cerv-000038-S1,Cerv-000038,Cerv-000038,Cerv-000038-S1,0,,2026-05-19 09:00,2026-05-19 09:00,2026-05-19 15:00,2026-05-19 15:00,2026-05-19 15:00,2026-05-19 15:10,2026-05-19 15:10,2026-05-26 09:30,2026-05-27 07:30,2026-05-27 07:30,2026-05-27 09:03,2026-05-27 09:04,2026-05-27 09:04,2026-05-27 10:26,2026-05-27 10:28,2026-05-27 10:28,2026-05-27 13:00,2026-05-27 13:35
NonCerv-000120-S1,NonCerv-000120,NonCerv-000120,NonCerv-000120-S1,0,,2026-05-19 09:00,2026-05-19 09:00,2026-05-19 15:00,2026-05-19 15:00,2026-05-19 15:00,2026-05-19 15:10,2026-05-19 15:10,2026-05-26 09:30,2026-05-27 07:30,2026-05-27 07:30,2026-05-27 09:04,2026-05-27 09:05,2026-05-27 09:05,2026-05-27 10:28,2026-05-27 10:30,2026-05-27 10:30,2026-05-27 13:00,2026-05-27 13:35
Cerv-000039-S1,Cerv-000039,Cerv-000039,Cerv-000039-S1,0,,2026-05-19 09:19,2026-05-19 09:19,2026-05-19 15:19,2026-05-19 15:19,2026-05-19 15:19,2026-05-19 15:29,2026-05-19 15:29,2026-05-26 09:30,2026-05-27 07:30,2026-05-27 07:30,2026-05-27 09:05,2026-05-27 09:06,2026-05-27 09:06,2026-05-27 10:30,2026-05-27 10:32,2026-05-27 10:32,2026-05-27 13:00,2026-05-27 13:35
Cerv-000040-S1,Cerv-000040,Cerv-000040,Cerv-000040-S1,0,,2026-05-19 09:26,2026-05-19 09:26,2026-05-19 15:26,2026-05-19 15:26,2026-05-19 15:26,2026-05-19 15:36,2026-05-19 15:36,2026-05-26 09:30,2026-05-27 07:30,2026-05-27 07:30,2026-05-27 09:06,2026-05-27 09:07,2026-05-27 09:07,2026-05-27 10:32,2026-05-27 10:34,2026-05-27 10:34,2026-05-27 13:00,2026-05-27 13:35
NonCerv-000121-S1,NonCerv-000121,NonCerv-000121,NonCerv-000121-S1,0,,2026-05-19 09:37,2026-05-19 09:37,2026-05-19 15:37,2026-05-19 15:37,2026-05-19 15:37,2026-05-19 15:47,2026-05-19 15:47,2026-05-26 09:30,2026-05-27 07:30,2026-05-27 07:30,2026-05-27 09:07,2026-05-27 09:08,2026-05-27 09:08,2026-05-27 10:34,2026-05-27 10:36,2026-05-27 10:36,2026-05-27 13:00,2026-05-27 13:35
Cerv-000041-S1,Cerv-000041,Cerv-000041,Cerv-000041-S1,0,,2026-05-19 10:48,2026-05-19 10:48,2026-05-19 16:48,2026-05-19 16:48,2026-05-19 16:48,2026-05-19 16:58,2026-05-19 16:58,2026-05-26 09:30,2026-05-27 07:30,2026-05-27 07:30,2026-05-27 09:08,2026-05-27 09:09,2026-05-27 09:09,2026-05-27 10:36,2026-05-27 10:38,2026-05-27 10:38,2026-05-27 13:00,2026-05-27 13:35
NonCerv-000122-S1,NonCerv-000122,NonCerv-000122,NonCerv-000122-S1,0,,2026-05-19 13:46,2026-05-19 13:46,2026-05-19 19:46,2026-05-19 19:46,2026-05-20 09:00,2026-05-20 09:10,2026-05-20 09:10,2026-05-26 09:30,2026-05-27 07:30,2026-05-27 07:30,2026-05-27 09:09,2026-05-27 09:10,2026-05-27 09:10,2026-05-27 10:38,2026-05-27 10:40,2026-05-27 10:40,2026-05-27 13:00,2026-05-27 13:35
NonCerv-000124-S1,NonCerv-000124,NonCerv-000124,NonCerv-000124-S1,0,,2026-05-19 15:15,2026-05-19 15:15,2026-05-19 21:15,2026-05-19 21:15,2026-05-20 09:00,2026-05-20 09:10,2026-05-20 09:10,2026-05-26 09:30,2026-05-27 07:30,2026-05-27 07:30,2026-05-27 09:10,2026-05-27 09:11,2026-05-27 09:11,2026-05-27 10:40,2026-05-27 10:42,2026-05-27 10:42,2026-05-27 13:00,2026-05-27 13:35
NonCerv-000123-S1,NonCerv-000123,NonCerv-000123,NonCerv-000123-S1,0,,2026-05-19 14:58,2026-05-19 14:58,2026-05-19 20:58,2026-05-19 20:58,2026-05-20 09:10,2026-05-20 09:20,2026-05-20 09:20,2026-05-26 09:30,2026-05-27 07:30,2026-05-27 07:30,2026-05-27 09:11,2026-05-27 09:12,2026-05-27 09:12,2026-05-27 10:42,2026-05-27 10:44,2026-05-27 10:44,2026-05-27 13:00,2026-05-27 13:35
NonCerv-000125-S1,NonCerv-000125,NonCerv-000125,NonCerv-000125-S1,0,,2026-05-20 09:00,2026-05-20 09:00,2026-05-20 15:00,2026-05-20 15:00,2026-05-20 15:00,2026-05-20 15:10,2026-05-20 15:10,2026-05-26 09:30,2026-05-27 07:30,2026-05-27 07:30,2026-05-27 09:12,2026-05-27 09:13,2026-05-27 09:13,2026-05-27 10:44,2026-05-27 10:46,2026-05-27 10:46,2026-05-27 13:00,2026-05-27 13:35
NonCerv-000128-S1,NonCerv-000128,NonCerv-000128,NonCerv-000128-S1,0,,2026-05-20 15:14,2026-05-20 15:14,2026-05-20 21:14,2026-05-20 21:14,2026-05-21 09:00,2026-05-21 09:10,2026-05-21 09:10,2026-05-26 09:30,2026-05-27 07:30,2026-05-27 07:30,2026-05-27 09:13,2026-05-27 09:14,2026-05-27 09:14,2026-05-27 10:46,2026-05-27 10:48,2026-05-27 10:48,2026-05-27 13:00,2026-05-27 13:35
NonCerv-000127-S1,NonCerv-000127,NonCerv-000127,NonCerv-000127-S1,0,,2026-05-20 13:37,2026-05-20 13:37,2026-05-20 19:37,2026-05-20 19:37,2026-05-21 09:00,2026-05-21 09:10,2026-05-21 09:10,2026-05-26 09:30,2026-05-27 07:30,2026-05-27 07:30,2026-05-27 09:14,2026-05-27 09:15,2026-05-27 09:15,2026-05-27 10:48,2026-05-27 10:50,2026-05-27 10:50,2026-05-27 13:00,2026-05-27 13:35
NonCerv-000126-S1,NonCerv-000126,NonCerv-000126,NonCerv-000126-S1,0,,2026-05-20 12:35,2026-05-20 12:35,2026-05-20 18:35,2026-05-20 18:35,2026-05-21 09:10,2026-05-21 09:20,2026-05-21 09:20,2026-05-26 09:30,2026-05-27 07:30,2026-05-27 07:30,2026-05-27 09:15,2026-05-27 09:16,2026-05-27 09:16,2026-05-27 10:50,2026-05-27 10:52,2026-05-27 10:52,2026-05-27 13:00,2026-05-27 13:35
Cerv-000043-S1,Cerv-000043,Cerv-000043,Cerv-000043-S1,0,,2026-05-20 11:53,2026-05-20 11:53,2026-05-20 17:53,2026-05-20 17:53,2026-05-21 09:20,2026-05-21 09:30,2026-05-21 09:30,2026-05-26 09:30,2026-05-27 07:30,2026-05-27 07:30,2026-05-27 09:16,2026-05-27 09:17,2026-05-27 09:17,2026-05-27 10:52,2026-05-27 10:54,2026-05-27 10:54,2026-05-27 13:00,2026-05-27 13:35
Cerv-000042-S1,Cerv-000042,Cerv-000042,Cerv-000042-S1,0,,2026-05-20 09:00,2026-05-20 09:00,2026-05-20 21:00,2026-05-20 21:00,2026-05-21 09:10,2026-05-21 09:40,2026-05-21 09:40,2026-05-26 09:30,2026-05-27 07:30,2026-05-27 07:30,2026-05-27 09:17,2026-05-27 09:18,2026-05-27 09:18,2026-05-27 10:54,2026-05-27 10:56,2026-05-27 10:56,2026-05-27 13:00,2026-05-27 13:35
Cerv-000042-S2,Cerv-000042,Cerv-000042,Cerv-000042-S2,0,,2026-05-20 09:00,2026-05-20 09:00,2026-05-20 21:00,2026-05-20 21:00,2026-05-21 09:10,2026-05-21 09:40,2026-05-21 09:40,2026-05-26 09:30,2026-05-27 07:30,2026-05-27 07:30,2026-05-27 09:18,2026-05-27 09:19,2026-05-27 09:19,2026-05-27 10:56,2026-05-27 10:58,2026-05-27 10:58,2026-05-27 13:00,2026-05-27 13:35
Cerv-000042-S3,Cerv-000042,Cerv-000042,Cerv-000042-S3,0,,2026-05-20 09:00,2026-05-20 09:00,2026-05-20 21:00,2026-05-20 21:00,2026-05-21 09:10,2026-05-21 09:40,2026-05-21 09:40,2026-05-26 09:30,2026-05-27 07:30,2026-05-27 07:30,2026-05-27 09:19,2026-05-27 09:20,2026-05-27 09:20,2026-05-27 10:58,2026-05-27 11:00,2026-05-27 11:00,2026-05-27 13:00,2026-05-27 13:35
Cerv-000042-S4,Cerv-000042,Cerv-000042,Cerv-000042-S4,0,,2026-05-20 09:00,2026-05-20 09:00,2026-05-20 21:00,2026-05-20 21:00,2026-05-21 09:10,2026-05-21 09:40,2026-05-21 09:40,2026-05-26 09:30,2026-05-27 07:30,2026-05-27 07:30,2026-05-27 09:20,2026-05-27 09:21,2026-05-27 09:21,2026-05-27 11:00,2026-05-27 11:02,2026-05-27 11:02,2026-05-27 13:35,2026-05-27 14:10
Cerv-000042-S5,Cerv-000042,Cerv-000042,Cerv-000042-S5,0,,2026-05-20 09:00,2026-05-20 09:00,2026-05-20 21:00,2026-05-20 21:00,2026-05-21 09:10,2026-05-21 09:40,2026-05-21 09:40,2026-05-26 09:30,2026-05-27 07:30,2026-05-27 07:30,2026-05-27 09:21,2026-05-27 09:22,2026-05-27 09:22,2026-05-27 11:02,2026-05-27 11:04,2026-05-27 11:04,2026-05-27 13:35,2026-05-27 14:10
Cerv-000042-S6,Cerv-000042,Cerv-000042,Cerv-000042-S6,0,,2026-05-20 09:00,2026-05-20 09:00,2026-05-20 21:00,2026-05-20 21:00,2026-05-21 09:10,2026-05-21 09:40,2026-05-21 09:40,2026-05-26 09:30,2026-05-27 07:30,2026-05-27 07:30,2026-05-27 09:22,2026-05-27 09:23,2026-05-27 09:23,2026-05-27 11:04,2026-05-27 11:06,2026-05-27 11:06,2026-05-27 13:35,2026-05-27 14:10
Cerv-000042-S7,Cerv-000042,Cerv-000042,Cerv-000042-S7,0,,2026-05-20 09:00,2026-05-20 09:00,2026-05-20 21:00,2026-05-20 21:00,2026-05-21 09:10,2026-05-21 09:40,2026-05-21 09:40,2026-05-26 09:30,2026-05-27 07:30,2026-05-27 07:30,2026-05-27 09:23,2026-05-27 09:24,2026-05-27 09:24,2026-05-27 11:06,2026-05-27 11:08,2026-05-27 11:08,2026-05-27 13:35,2026-05-27 14:10
Cerv-000042-S8,Cerv-000042,Cerv-000042,Cerv-000042-S8,0,,2026-05-20 09:00,2026-05-20 09:00,2026-05-20 21:00,2026-05-20 21:00,2026-05-21 09:10,2026-05-21 09:40,2026-05-21 09:40,2026-05-26 09:30,2026-05-27 07:30,2026-05-27 07:30,2026-05-27 09:24,2026-05-27 09:25,2026-05-27 09:25,2026-05-27 11:08,2026-05-27 11:10,2026-05-27 11:10,2026-05-27 13:35,2026-05-27 14:10
Cerv-000042-S9,Cerv-000042,Cerv-000042,Cerv-000042-S9,0,,2026-05-20 09:00,2026-05-20 09:00,2026-05-20 21:00,2026-05-20 21:00,2026-05-21 09:10,2026-05-21 09:40,2026-05-21 09:40,2026-05-26 09:30,2026-05-27 07:30,2026-05-27 07:30,2026-05-27 09:25,2026-05-27 09:26,2026-05-27 09:26,2026-05-27 11:10,2026-05-27 11:12,2026-05-27 11:12,2026-05-27 13:35,2026-05-27 14:10
Cerv-000042-S10,Cerv-000042,Cerv-000042,Cerv-000042-S10,0,,2026-05-20 09:00,2026-05-20 09:00,2026-05-20 21:00,2026-05-20 21:00,2026-05-21 09:10,2026-05-21 09:40,2026-05-21 09:40,2026-05-26 09:30,2026-05-27 07:30,2026-05-27 07:30,2026-05-27 09:26,2026-05-27 09:27,2026-05-27 09:27,2026-05-27 11:12,2026-05-27 11:14,2026-05-27 11:14,2026-05-27 13:35,2026-05-27 14:10
NonCerv-000073-R2-S1,NonCerv-000073,NonCerv-000073-R2,,2,senior_pathologist,2026-05-12 13:09,2026-05-12 13:09,2026-05-13 01:09,2026-05-13 01:09,2026-05-13 09:10,2026-05-13 09:40,N/A,N/A,N/A,N/A,N/A,N/A,2026-05-21 10:08,2026-05-21 10:08,2026-05-21 10:10,2026-05-21 10:10,2026-05-21 10:38,2026-05-21 11:13
NonCerv-000073-R2-S2,NonCerv-000073,NonCerv-000073-R2,,2,senior_pathologist,2026-05-12 13:09,2026-05-12 13:09,2026-05-13 01:09,2026-05-13 01:09,2026-05-13 09:10,2026-05-13 09:40,N/A,N/A,N/A,N/A,N/A,N/A,2026-05-21 10:08,2026-05-21 10:10,2026-05-21 10:12,2026-05-21 10:12,2026-05-21 10:38,2026-05-21 11:13
NonCerv-000073-R2-S3,NonCerv-000073,NonCerv-000073-R2,,2,senior_pathologist,2026-05-12 13:09,2026-05-12 13:09,2026-05-13 01:09,2026-05-13 01:09,2026-05-13 09:10,2026-05-13 09:40,N/A,N/A,N/A,N/A,N/A,N/A,2026-05-21 10:08,2026-05-21 10:12,2026-05-21 10:14,2026-05-21 10:14,2026-05-21 10:38,2026-05-21 11:13
NonCerv-000073-R2-S4,NonCerv-000073,NonCerv-000073-R2,,2,senior_pathologist,2026-05-12 13:09,2026-05-12 13:09,2026-05-13 01:09,2026-05-13 01:09,2026-05-13 09:10,2026-05-13 09:40,N/A,N/A,N/A,N/A,N/A,N/A,2026-05-21 10:08,2026-05-21 10:14,2026-05-21 10:16,2026-05-21 10:16,2026-05-21 10:38,2026-05-21 11:13
NonCerv-000073-R2-S5,NonCerv-000073,NonCerv-000073-R2,,2,senior_pathologist,2026-05-12 13:09,2026-05-12 13:09,2026-05-13 01:09,2026-05-13 01:09,2026-05-13 09:10,2026-05-13 09:40,N/A,N/A,N/A,N/A,N/A,N/A,2026-05-21 10:08,2026-05-21 10:16,2026-05-21 10:18,2026-05-21 10:18,2026-05-21 10:38,2026-05-21 11:13
Cerv-000024-R2-S1,Cerv-000024,Cerv-000024-R2,,2,senior_pathologist,2026-05-11 09:39,2026-05-11 09:39,2026-05-11 15:39,2026-05-11 15:39,2026-05-11 15:39,2026-05-11 15:49,N/A,N/A,N/A,N/A,N/A,N/A,2026-05-21 10:11,2026-05-21 10:18,2026-05-21 10:20,2026-05-21 10:20,2026-05-21 10:38,2026-05-21 11:13
Cerv-000024-R2-S2,Cerv-000024,Cerv-000024-R2,,2,senior_pathologist,2026-05-11 09:39,2026-05-11 09:39,2026-05-11 15:39,2026-05-11 15:39,2026-05-11 15:39,2026-05-11 15:49,N/A,N/A,N/A,N/A,N/A,N/A,2026-05-21 10:11,2026-05-21 10:20,2026-05-21 10:22,2026-05-21 10:22,2026-05-21 10:38,2026-05-21 11:13
Cerv-000024-R2-S3,Cerv-000024,Cerv-000024-R2,,2,senior_pathologist,2026-05-11 09:39,2026-05-11 09:39,2026-05-11 15:39,2026-05-11 15:39,2026-05-11 15:39,2026-05-11 15:49,N/A,N/A,N/A,N/A,N/A,N/A,2026-05-21 10:11,2026-05-21 10:22,2026-05-21 10:24,2026-05-21 10:24,2026-05-21 10:38,2026-05-21 11:13
Cerv-000024-R2-S4,Cerv-000024,Cerv-000024-R2,,2,senior_pathologist,2026-05-11 09:39,2026-05-11 09:39,2026-05-11 15:39,2026-05-11 15:39,2026-05-11 15:39,2026-05-11 15:49,N/A,N/A,N/A,N/A,N/A,N/A,2026-05-21 10:11,2026-05-21 10:24,2026-05-21 10:26,2026-05-21 10:26,2026-05-21 10:38,2026-05-21 11:13
Cerv-000024-R2-S5,Cerv-000024,Cerv-000024-R2,,2,senior_pathologist,2026-05-11 09:39,2026-05-11 09:39,2026-05-11 15:39,2026-05-11 15:39,2026-05-11 15:39,2026-05-11 15:49,N/A,N/A,N/A,N/A,N/A,N/A,2026-05-21 10:11,2026-05-21 10:26,2026-05-21 10:28,2026-05-21 10:28,2026-05-21 10:38,2026-05-21 11:13
Cerv-000027-R2-S1,Cerv-000027,Cerv-000027-R2,,2,senior_pathologist,2026-05-12 10:54,2026-05-12 10:54,2026-05-12 16:54,2026-05-12 16:54,2026-05-13 09:10,2026-05-13 09:20,N/A,N/A,N/A,N/A,N/A,N/A,2026-05-21 10:17,2026-05-21 10:28,2026-05-21 10:30,2026-05-21 10:30,2026-05-21 10:38,2026-05-21 11:13
Cerv-000027-R2-S2,Cerv-000027,Cerv-000027-R2,,2,senior_pathologist,2026-05-12 10:54,2026-05-12 10:54,2026-05-12 16:54,2026-05-12 16:54,2026-05-13 09:10,2026-05-13 09:20,N/A,N/A,N/A,N/A,N/A,N/A,2026-05-21 10:17,2026-05-21 10:30,2026-05-21 10:32,2026-05-21 10:32,2026-05-21 10:38,2026-05-21 11:13
Cerv-000027-R2-S3,Cerv-000027,Cerv-000027-R2,,2,senior_pathologist,2026-05-12 10:54,2026-05-12 10:54,2026-05-12 16:54,2026-05-12 16:54,2026-05-13 09:10,2026-05-13 09:20,N/A,N/A,N/A,N/A,N/A,N/A,2026-05-21 10:17,2026-05-21 10:32,2026-05-21 10:34,2026-05-21 10:34,2026-05-21 10:38,2026-05-21 11:13
Cerv-000027-R2-S4,Cerv-000027,Cerv-000027-R2,,2,senior_pathologist,2026-05-12 10:54,2026-05-12 10:54,2026-05-12 16:54,2026-05-12 16:54,2026-05-13 09:10,2026-05-13 09:20,N/A,N/A,N/A,N/A,N/A,N/A,2026-05-21 10:17,2026-05-21 10:34,2026-05-21 10:36,2026-05-21 10:36,2026-05-21 10:38,2026-05-21 11:13
Cerv-000027-R2-S5,Cerv-000027,Cerv-000027-R2,,2,senior_pathologist,2026-05-12 10:54,2026-05-12 10:54,2026-05-12 16:54,2026-05-12 16:54,2026-05-13 09:10,2026-05-13 09:20,N/A,N/A,N/A,N/A,N/A,N/A,2026-05-21 10:17,2026-05-21 10:36,2026-05-21 10:38,2026-05-21 10:38,2026-05-21 10:38,2026-05-21 11:13
NonCerv-000095-R1-S1,NonCerv-000095,NonCerv-000095-R1,,1,senior_pathologist,2026-05-15 13:32,2026-05-15 13:32,2026-05-15 19:32,2026-05-15 19:32,2026-05-16 09:20,2026-05-16 09:30,N/A,N/A,N/A,N/A,N/A,N/A,2026-05-21 10:39,2026-05-21 10:39,2026-05-21 10:41,2026-05-21 10:41,2026-05-21 11:33,2026-05-21 12:08
NonCerv-000095-R1-S2,NonCerv-000095,NonCerv-000095-R1,,1,senior_pathologist,2026-05-15 13:32,2026-05-15 13:32,2026-05-15 19:32,2026-05-15 19:32,2026-05-16 09:20,2026-05-16 09:30,N/A,N/A,N/A,N/A,N/A,N/A,2026-05-21 10:39,2026-05-21 10:41,2026-05-21 10:43,2026-05-21 10:43,2026-05-21 11:33,2026-05-21 12:08
NonCerv-000095-R1-S3,NonCerv-000095,NonCerv-000095-R1,,1,senior_pathologist,2026-05-15 13:32,2026-05-15 13:32,2026-05-15 19:32,2026-05-15 19:32,2026-05-16 09:20,2026-05-16 09:30,N/A,N/A,N/A,N/A,N/A,N/A,2026-05-21 10:39,2026-05-21 10:43,2026-05-21 10:45,2026-05-21 10:45,2026-05-21 11:33,2026-05-21 12:08
NonCerv-000095-R1-S4,NonCerv-000095,NonCerv-000095-R1,,1,senior_pathologist,2026-05-15 13:32,2026-05-15 13:32,2026-05-15 19:32,2026-05-15 19:32,2026-05-16 09:20,2026-05-16 09:30,N/A,N/A,N/A,N/A,N/A,N/A,2026-05-21 10:39,2026-05-21 10:45,2026-05-21 10:47,2026-05-21 10:47,2026-05-21 11:33,2026-05-21 12:08
NonCerv-000095-R1-S5,NonCerv-000095,NonCerv-000095-R1,,1,senior_pathologist,2026-05-15 13:32,2026-05-15 13:32,2026-05-15 19:32,2026-05-15 19:32,2026-05-16 09:20,2026-05-16 09:30,N/A,N/A,N/A,N/A,N/A,N/A,2026-05-21 10:39,2026-05-21 10:47,2026-05-21 10:49,2026-05-21 10:49,2026-05-21 11:33,2026-05-21 12:08
NonCerv-000102-R1-S1,NonCerv-000102,NonCerv-000102-R1,,1,senior_pathologist,2026-05-16 12:29,2026-05-16 12:29,2026-05-16 18:29,2026-05-16 18:29,2026-05-18 09:10,2026-05-18 09:20,N/A,N/A,N/A,N/A,N/A,N/A,2026-05-21 10:51,2026-05-21 10:51,2026-05-21 10:53,2026-05-21 10:53,2026-05-21 11:33,2026-05-21 12:08
NonCerv-000102-R1-S2,NonCerv-000102,NonCerv-000102-R1,,1,senior_pathologist,2026-05-16 12:29,2026-05-16 12:29,2026-05-16 18:29,2026-05-16 18:29,2026-05-18 09:10,2026-05-18 09:20,N/A,N/A,N/A,N/A,N/A,N/A,2026-05-21 10:51,2026-05-21 10:53,2026-05-21 10:55,2026-05-21 10:55,2026-05-21 11:33,2026-05-21 12:08
NonCerv-000102-R1-S3,NonCerv-000102,NonCerv-000102-R1,,1,senior_pathologist,2026-05-16 12:29,2026-05-16 12:29,2026-05-16 18:29,2026-05-16 18:29,2026-05-18 09:10,2026-05-18 09:20,N/A,N/A,N/A,N/A,N/A,N/A,2026-05-21 10:51,2026-05-21 10:55,2026-05-21 10:57,2026-05-21 10:57,2026-05-21 11:33,2026-05-21 12:08
NonCerv-000102-R1-S4,NonCerv-000102,NonCerv-000102-R1,,1,senior_pathologist,2026-05-16 12:29,2026-05-16 12:29,2026-05-16 18:29,2026-05-16 18:29,2026-05-18 09:10,2026-05-18 09:20,N/A,N/A,N/A,N/A,N/A,N/A,2026-05-21 10:51,2026-05-21 10:57,2026-05-21 10:59,2026-05-21 10:59,2026-05-21 11:33,2026-05-21 12:08
NonCerv-000102-R1-S5,NonCerv-000102,NonCerv-000102-R1,,1,senior_pathologist,2026-05-16 12:29,2026-05-16 12:29,2026-05-16 18:29,2026-05-16 18:29,2026-05-18 09:10,2026-05-18 09:20,N/A,N/A,N/A,N/A,N/A,N/A,2026-05-21 10:51,2026-05-21 10:59,2026-05-21 11:01,2026-05-21 11:01,2026-05-21 11:33,2026-05-21 12:08
NonCerv-000108-R1-S1,NonCerv-000108,NonCerv-000108-R1,,1,senior_pathologist,2026-05-17 10:30,2026-05-17 10:30,2026-05-17 16:30,2026-05-17 16:30,2026-05-18 09:20,2026-05-18 09:30,N/A,N/A,N/A,N/A,N/A,N/A,2026-05-21 11:03,2026-05-21 11:03,2026-05-21 11:05,2026-05-21 11:05,2026-05-21 11:33,2026-05-21 12:08
NonCerv-000108-R1-S2,NonCerv-000108,NonCerv-000108-R1,,1,senior_pathologist,2026-05-17 10:30,2026-05-17 10:30,2026-05-17 16:30,2026-05-17 16:30,2026-05-18 09:20,2026-05-18 09:30,N/A,N/A,N/A,N/A,N/A,N/A,2026-05-21 11:03,2026-05-21 11:05,2026-05-21 11:07,2026-05-21 11:07,2026-05-21 11:33,2026-05-21 12:08
NonCerv-000108-R1-S3,NonCerv-000108,NonCerv-000108-R1,,1,senior_pathologist,2026-05-17 10:30,2026-05-17 10:30,2026-05-17 16:30,2026-05-17 16:30,2026-05-18 09:20,2026-05-18 09:30,N/A,N/A,N/A,N/A,N/A,N/A,2026-05-21 11:03,2026-05-21 11:07,2026-05-21 11:09,2026-05-21 11:09,2026-05-21 11:33,2026-05-21 12:08
NonCerv-000108-R1-S4,NonCerv-000108,NonCerv-000108-R1,,1,senior_pathologist,2026-05-17 10:30,2026-05-17 10:30,2026-05-17 16:30,2026-05-17 16:30,2026-05-18 09:20,2026-05-18 09:30,N/A,N/A,N/A,N/A,N/A,N/A,2026-05-21 11:03,2026-05-21 11:09,2026-05-21 11:11,2026-05-21 11:11,2026-05-21 11:33,2026-05-21 12:08
NonCerv-000108-R1-S5,NonCerv-000108,NonCerv-000108-R1,,1,senior_pathologist,2026-05-17 10:30,2026-05-17 10:30,2026-05-17 16:30,2026-05-17 16:30,2026-05-18 09:20,2026-05-18 09:30,N/A,N/A,N/A,N/A,N/A,N/A,2026-05-21 11:03,2026-05-21 11:11,2026-05-21 11:13,2026-05-21 11:13,2026-05-21 11:33,2026-05-21 12:08
Cerv-000033-R1-S1,Cerv-000033,Cerv-000033-R1,,1,senior_pathologist,2026-05-17 09:00,2026-05-17 09:00,2026-05-17 15:00,2026-05-17 15:00,2026-05-18 10:00,2026-05-18 10:10,N/A,N/A,N/A,N/A,N/A,N/A,2026-05-21 11:10,2026-05-21 11:13,2026-05-21 11:15,2026-05-21 11:15,2026-05-21 11:33,2026-05-21 12:08
Cerv-000033-R1-S2,Cerv-000033,Cerv-000033-R1,,1,senior_pathologist,2026-05-17 09:00,2026-05-17 09:00,2026-05-17 15:00,2026-05-17 15:00,2026-05-18 10:00,2026-05-18 10:10,N/A,N/A,N/A,N/A,N/A,N/A,2026-05-21 11:10,2026-05-21 11:15,2026-05-21 11:17,2026-05-21 11:17,2026-05-21 11:33,2026-05-21 12:08
Cerv-000033-R1-S3,Cerv-000033,Cerv-000033-R1,,1,senior_pathologist,2026-05-17 09:00,2026-05-17 09:00,2026-05-17 15:00,2026-05-17 15:00,2026-05-18 10:00,2026-05-18 10:10,N/A,N/A,N/A,N/A,N/A,N/A,2026-05-21 11:10,2026-05-21 11:17,2026-05-21 11:19,2026-05-21 11:19,2026-05-21 11:33,2026-05-21 12:08
Cerv-000033-R1-S4,Cerv-000033,Cerv-000033-R1,,1,senior_pathologist,2026-05-17 09:00,2026-05-17 09:00,2026-05-17 15:00,2026-05-17 15:00,2026-05-18 10:00,2026-05-18 10:10,N/A,N/A,N/A,N/A,N/A,N/A,2026-05-21 11:10,2026-05-21 11:19,2026-05-21 11:21,2026-05-21 11:21,2026-05-21 11:33,2026-05-21 12:08
Cerv-000033-R1-S5,Cerv-000033,Cerv-000033-R1,,1,senior_pathologist,2026-05-17 09:00,2026-05-17 09:00,2026-05-17 15:00,2026-05-17 15:00,2026-05-18 10:00,2026-05-18 10:10,N/A,N/A,N/A,N/A,N/A,N/A,2026-05-21 11:10,2026-05-21 11:21,2026-05-21 11:23,2026-05-21 11:23,2026-05-21 11:33,2026-05-21 12:08
Cerv-000034-R1-S1,Cerv-000034,Cerv-000034-R1,,1,senior_pathologist,2026-05-17 11:37,2026-05-17 11:37,2026-05-17 23:37,2026-05-17 23:37,2026-05-18 09:30,2026-05-18 10:00,N/A,N/A,N/A,N/A,N/A,N/A,2026-05-21 11:13,2026-05-21 11:23,2026-05-21 11:25,2026-05-21 11:25,2026-05-21 11:33,2026-05-21 12:08
Cerv-000034-R1-S2,Cerv-000034,Cerv-000034-R1,,1,senior_pathologist,2026-05-17 11:37,2026-05-17 11:37,2026-05-17 23:37,2026-05-17 23:37,2026-05-18 09:30,2026-05-18 10:00,N/A,N/A,N/A,N/A,N/A,N/A,2026-05-21 11:13,2026-05-21 11:25,2026-05-21 11:27,2026-05-21 11:27,2026-05-21 11:33,2026-05-21 12:08
Cerv-000034-R1-S3,Cerv-000034,Cerv-000034-R1,,1,senior_pathologist,2026-05-17 11:37,2026-05-17 11:37,2026-05-17 23:37,2026-05-17 23:37,2026-05-18 09:30,2026-05-18 10:00,N/A,N/A,N/A,N/A,N/A,N/A,2026-05-21 11:13,2026-05-21 11:27,2026-05-21 11:29,2026-05-21 11:29,2026-05-21 11:33,2026-05-21 12:08
Cerv-000034-R1-S4,Cerv-000034,Cerv-000034-R1,,1,senior_pathologist,2026-05-17 11:37,2026-05-17 11:37,2026-05-17 23:37,2026-05-17 23:37,2026-05-18 09:30,2026-05-18 10:00,N/A,N/A,N/A,N/A,N/A,N/A,2026-05-21 11:13,2026-05-21 11:29,2026-05-21 11:31,2026-05-21 11:31,2026-05-21 11:33,2026-05-21 12:08
Cerv-000034-R1-S5,Cerv-000034,Cerv-000034-R1,,1,senior_pathologist,2026-05-17 11:37,2026-05-17 11:37,2026-05-17 23:37,2026-05-17 23:37,2026-05-18 09:30,2026-05-18 10:00,N/A,N/A,N/A,N/A,N/A,N/A,2026-05-21 11:13,2026-05-21 11:31,2026-05-21 11:33,2026-05-21 11:33,2026-05-21 11:33,2026-05-21 12:08
NonCerv-000105-R1-S1,NonCerv-000105,NonCerv-000105-R1,,1,senior_pathologist,2026-05-17 09:00,2026-05-17 09:00,2026-05-17 21:00,2026-05-17 21:00,2026-05-18 10:10,2026-05-18 10:40,N/A,N/A,N/A,N/A,N/A,N/A,2026-05-21 11:16,2026-05-21 11:33,2026-05-21 11:35,2026-05-21 11:35,2026-05-22 10:54,2026-05-22 11:29
NonCerv-000105-R1-S2,NonCerv-000105,NonCerv-000105-R1,,1,senior_pathologist,2026-05-17 09:00,2026-05-17 09:00,2026-05-17 21:00,2026-05-17 21:00,2026-05-18 10:10,2026-05-18 10:40,N/A,N/A,N/A,N/A,N/A,N/A,2026-05-21 11:16,2026-05-21 11:35,2026-05-21 11:37,2026-05-21 11:37,2026-05-22 10:54,2026-05-22 11:29
NonCerv-000105-R1-S3,NonCerv-000105,NonCerv-000105-R1,,1,senior_pathologist,2026-05-17 09:00,2026-05-17 09:00,2026-05-17 21:00,2026-05-17 21:00,2026-05-18 10:10,2026-05-18 10:40,N/A,N/A,N/A,N/A,N/A,N/A,2026-05-21 11:16,2026-05-21 11:37,2026-05-21 11:39,2026-05-21 11:39,2026-05-22 10:54,2026-05-22 11:29
NonCerv-000105-R1-S4,NonCerv-000105,NonCerv-000105-R1,,1,senior_pathologist,2026-05-17 09:00,2026-05-17 09:00,2026-05-17 21:00,2026-05-17 21:00,2026-05-18 10:10,2026-05-18 10:40,N/A,N/A,N/A,N/A,N/A,N/A,2026-05-21 11:16,2026-05-21 11:39,2026-05-21 11:41,2026-05-21 11:41,2026-05-22 10:54,2026-05-22 11:29
NonCerv-000105-R1-S5,NonCerv-000105,NonCerv-000105-R1,,1,senior_pathologist,2026-05-17 09:00,2026-05-17 09:00,2026-05-17 21:00,2026-05-17 21:00,2026-05-18 10:10,2026-05-18 10:40,N/A,N/A,N/A,N/A,N/A,N/A,2026-05-21 11:16,2026-05-21 11:41,2026-05-21 11:43,2026-05-21 11:43,2026-05-22 10:54,2026-05-22 11:29
NonCerv-000129-S1,NonCerv-000129,NonCerv-000129,NonCerv-000129-S1,0,,2026-05-21 09:00,2026-05-21 09:00,2026-05-21 15:00,2026-05-21 15:00,2026-05-21 15:00,2026-05-21 15:10,2026-05-21 15:10,2026-05-26 09:30,2026-05-27 07:30,2026-05-27 07:30,2026-05-27 09:27,2026-05-27 09:28,2026-05-27 09:28,2026-05-27 11:14,2026-05-27 11:16,2026-05-27 11:16,2026-05-27 13:35,2026-05-27 14:10
NonCerv-000132-S1,NonCerv-000132,NonCerv-000132,NonCerv-000132-S1,0,,2026-05-21 13:49,2026-05-21 13:49,2026-05-21 19:49,2026-05-21 19:49,2026-05-22 09:00,2026-05-22 09:10,2026-05-22 09:10,2026-05-26 09:30,2026-05-27 07:30,2026-05-27 07:30,2026-05-27 09:28,2026-05-27 09:29,2026-05-27 09:29,2026-05-27 11:16,2026-05-27 11:18,2026-05-27 11:18,2026-05-27 13:35,2026-05-27 14:10
NonCerv-000131-S1,NonCerv-000131,NonCerv-000131,NonCerv-000131-S1,0,,2026-05-21 12:03,2026-05-21 12:03,2026-05-21 18:03,2026-05-21 18:03,2026-05-22 09:00,2026-05-22 09:10,2026-05-22 09:10,2026-05-26 09:30,2026-05-27 07:30,2026-05-27 07:30,2026-05-27 09:29,2026-05-27 09:30,2026-05-27 09:30,2026-05-27 11:18,2026-05-27 11:20,2026-05-27 11:20,2026-05-27 13:35,2026-05-27 14:10
NonCerv-000130-S1,NonCerv-000130,NonCerv-000130,NonCerv-000130-S1,0,,2026-05-21 10:52,2026-05-21 10:52,2026-05-21 16:52,2026-05-21 16:52,2026-05-22 09:10,2026-05-22 09:20,2026-05-22 09:20,2026-05-26 09:30,2026-05-27 07:30,2026-05-27 07:30,2026-05-27 09:30,2026-05-27 09:31,2026-05-27 09:31,2026-05-27 11:20,2026-05-27 11:22,2026-05-27 11:22,2026-05-27 13:35,2026-05-27 14:10
Cerv-000045-S1,Cerv-000045,Cerv-000045,Cerv-000045-S1,0,,2026-05-21 11:50,2026-05-21 11:50,2026-05-21 17:50,2026-05-21 17:50,2026-05-22 09:10,2026-05-22 09:20,2026-05-22 09:20,2026-05-26 09:30,2026-05-27 07:30,2026-05-27 07:30,2026-05-27 09:31,2026-05-27 09:32,2026-05-27 09:32,2026-05-27 11:22,2026-05-27 11:24,2026-05-27 11:24,2026-05-27 13:35,2026-05-27 14:10
NonCerv-000133-S1,NonCerv-000133,NonCerv-000133,NonCerv-000133-S1,0,,2026-05-21 14:59,2026-05-21 14:59,2026-05-21 20:59,2026-05-21 20:59,2026-05-22 09:20,2026-05-22 09:30,2026-05-22 09:30,2026-05-26 09:30,2026-05-27 07:30,2026-05-27 07:30,2026-05-27 09:32,2026-05-27 09:33,2026-05-27 09:33,2026-05-27 11:24,2026-05-27 11:26,2026-05-27 11:26,2026-05-27 13:35,2026-05-27 14:10
NonCerv-000134-S1,NonCerv-000134,NonCerv-000134,NonCerv-000134-S1,0,,2026-05-21 16:18,2026-05-21 16:18,2026-05-21 22:18,2026-05-21 22:18,2026-05-22 09:30,2026-05-22 09:40,2026-05-22 09:40,2026-05-26 09:30,2026-05-27 07:30,2026-05-27 07:30,2026-05-27 09:33,2026-05-27 09:34,2026-05-27 09:34,2026-05-27 11:26,2026-05-27 11:28,2026-05-27 11:28,2026-05-27 13:35,2026-05-27 14:10
Cerv-000044-S1,Cerv-000044,Cerv-000044,Cerv-000044-S1,0,,2026-05-21 09:00,2026-05-21 09:00,2026-05-21 21:00,2026-05-21 21:00,2026-05-22 09:20,2026-05-22 09:50,2026-05-22 09:50,2026-05-26 09:30,2026-05-27 07:30,2026-05-27 07:30,2026-05-27 09:34,2026-05-27 09:35,2026-05-27 09:35,2026-05-27 11:28,2026-05-27 11:30,2026-05-27 11:30,2026-05-27 13:35,2026-05-27 14:10
Cerv-000044-S2,Cerv-000044,Cerv-000044,Cerv-000044-S2,0,,2026-05-21 09:00,2026-05-21 09:00,2026-05-21 21:00,2026-05-21 21:00,2026-05-22 09:20,2026-05-22 09:50,2026-05-22 09:50,2026-05-26 09:30,2026-05-27 07:30,2026-05-27 07:30,2026-05-27 09:35,2026-05-27 09:36,2026-05-27 09:36,2026-05-27 11:30,2026-05-27 11:32,2026-05-27 11:32,2026-05-27 13:35,2026-05-27 14:10
Cerv-000044-S3,Cerv-000044,Cerv-000044,Cerv-000044-S3,0,,2026-05-21 09:00,2026-05-21 09:00,2026-05-21 21:00,2026-05-21 21:00,2026-05-22 09:20,2026-05-22 09:50,2026-05-22 09:50,2026-05-26 09:30,2026-05-27 07:30,2026-05-27 07:30,2026-05-27 09:36,2026-05-27 09:37,2026-05-27 09:37,2026-05-27 11:32,2026-05-27 11:34,2026-05-27 11:34,2026-05-27 13:35,2026-05-27 14:10
Cerv-000044-S4,Cerv-000044,Cerv-000044,Cerv-000044-S4,0,,2026-05-21 09:00,2026-05-21 09:00,2026-05-21 21:00,2026-05-21 21:00,2026-05-22 09:20,2026-05-22 09:50,2026-05-22 09:50,2026-05-26 09:30,2026-05-27 07:30,2026-05-27 07:30,2026-05-27 09:37,2026-05-27 09:38,2026-05-27 09:38,2026-05-27 11:34,2026-05-27 11:36,2026-05-27 11:36,2026-05-27 13:35,2026-05-27 14:10
Cerv-000044-S5,Cerv-000044,Cerv-000044,Cerv-000044-S5,0,,2026-05-21 09:00,2026-05-21 09:00,2026-05-21 21:00,2026-05-21 21:00,2026-05-22 09:20,2026-05-22 09:50,2026-05-22 09:50,2026-05-26 09:30,2026-05-27 07:30,2026-05-27 07:30,2026-05-27 09:38,2026-05-27 09:39,2026-05-27 09:39,2026-05-27 11:36,2026-05-27 11:38,2026-05-27 11:38,2026-05-27 13:35,2026-05-27 14:10
Cerv-000044-S6,Cerv-000044,Cerv-000044,Cerv-000044-S6,0,,2026-05-21 09:00,2026-05-21 09:00,2026-05-21 21:00,2026-05-21 21:00,2026-05-22 09:20,2026-05-22 09:50,2026-05-22 09:50,2026-05-26 09:30,2026-05-27 07:30,2026-05-27 07:30,2026-05-27 09:39,2026-05-27 09:40,2026-05-27 09:40,2026-05-27 11:38,2026-05-27 11:40,2026-05-27 11:40,2026-05-27 13:35,2026-05-27 14:10
Cerv-000044-S7,Cerv-000044,Cerv-000044,Cerv-000044-S7,0,,2026-05-21 09:00,2026-05-21 09:00,2026-05-21 21:00,2026-05-21 21:00,2026-05-22 09:20,2026-05-22 09:50,2026-05-22 09:50,2026-05-26 09:30,2026-05-27 07:30,2026-05-27 07:30,2026-05-27 09:40,2026-05-27 09:41,2026-05-27 09:41,2026-05-27 11:40,2026-05-27 11:42,2026-05-27 11:42,2026-05-27 13:35,2026-05-27 14:10
Cerv-000044-S8,Cerv-000044,Cerv-000044,Cerv-000044-S8,0,,2026-05-21 09:00,2026-05-21 09:00,2026-05-21 21:00,2026-05-21 21:00,2026-05-22 09:20,2026-05-22 09:50,2026-05-22 09:50,2026-05-26 09:30,2026-05-27 07:30,2026-05-27 07:30,2026-05-27 09:41,2026-05-27 09:42,2026-05-27 09:42,2026-05-27 11:42,2026-05-27 11:44,2026-05-27 11:44,2026-05-27 13:35,2026-05-27 14:10
Cerv-000044-S9,Cerv-000044,Cerv-000044,Cerv-000044-S9,0,,2026-05-21 09:00,2026-05-21 09:00,2026-05-21 21:00,2026-05-21 21:00,2026-05-22 09:20,2026-05-22 09:50,2026-05-22 09:50,2026-05-26 09:30,2026-05-27 07:30,2026-05-27 07:30,2026-05-27 09:42,2026-05-27 09:43,2026-05-27 09:43,2026-05-27 11:44,2026-05-27 11:46,2026-05-27 11:46,2026-05-27 13:35,2026-05-27 14:10
Cerv-000044-S10,Cerv-000044,Cerv-000044,Cerv-000044-S10,0,,2026-05-21 09:00,2026-05-21 09:00,2026-05-21 21:00,2026-05-21 21:00,2026-05-22 09:20,2026-05-22 09:50,2026-05-22 09:50,2026-05-26 09:30,2026-05-27 07:30,2026-05-27 07:30,2026-05-27 09:43,2026-05-27 09:44,2026-05-27 09:44,2026-05-27 11:46,2026-05-27 11:48,2026-05-27 11:48,2026-05-27 13:35,2026-05-27 14:10
NonCerv-000107-R1-S1,NonCerv-000107,NonCerv-000107-R1,,1,senior_pathologist,2026-05-17 10:19,2026-05-17 10:19,2026-05-17 16:19,2026-05-17 16:19,2026-05-18 10:30,2026-05-18 10:40,N/A,N/A,N/A,N/A,N/A,N/A,2026-05-22 10:14,2026-05-22 10:14,2026-05-22 10:16,2026-05-22 10:16,2026-05-22 10:54,2026-05-22 11:29
NonCerv-000107-R1-S2,NonCerv-000107,NonCerv-000107-R1,,1,senior_pathologist,2026-05-17 10:19,2026-05-17 10:19,2026-05-17 16:19,2026-05-17 16:19,2026-05-18 10:30,2026-05-18 10:40,N/A,N/A,N/A,N/A,N/A,N/A,2026-05-22 10:14,2026-05-22 10:16,2026-05-22 10:18,2026-05-22 10:18,2026-05-22 10:54,2026-05-22 11:29
NonCerv-000107-R1-S3,NonCerv-000107,NonCerv-000107-R1,,1,senior_pathologist,2026-05-17 10:19,2026-05-17 10:19,2026-05-17 16:19,2026-05-17 16:19,2026-05-18 10:30,2026-05-18 10:40,N/A,N/A,N/A,N/A,N/A,N/A,2026-05-22 10:14,2026-05-22 10:18,2026-05-22 10:20,2026-05-22 10:20,2026-05-22 10:54,2026-05-22 11:29
NonCerv-000107-R1-S4,NonCerv-000107,NonCerv-000107-R1,,1,senior_pathologist,2026-05-17 10:19,2026-05-17 10:19,2026-05-17 16:19,2026-05-17 16:19,2026-05-18 10:30,2026-05-18 10:40,N/A,N/A,N/A,N/A,N/A,N/A,2026-05-22 10:14,2026-05-22 10:20,2026-05-22 10:22,2026-05-22 10:22,2026-05-22 10:54,2026-05-22 11:29
NonCerv-000107-R1-S5,NonCerv-000107,NonCerv-000107-R1,,1,senior_pathologist,2026-05-17 10:19,2026-05-17 10:19,2026-05-17 16:19,2026-05-17 16:19,2026-05-18 10:30,2026-05-18 10:40,N/A,N/A,N/A,N/A,N/A,N/A,2026-05-22 10:14,2026-05-22 10:22,2026-05-22 10:24,2026-05-22 10:24,2026-05-22 10:54,2026-05-22 11:29
NonCerv-000115-R1-S1,NonCerv-000115,NonCerv-000115-R1,,1,senior_pathologist,2026-05-18 11:42,2026-05-18 11:42,2026-05-18 17:42,2026-05-18 17:42,2026-05-19 09:10,2026-05-19 09:20,N/A,N/A,N/A,N/A,N/A,N/A,2026-05-22 10:24,2026-05-22 10:24,2026-05-22 10:26,2026-05-22 10:26,2026-05-22 10:54,2026-05-22 11:29
NonCerv-000115-R1-S2,NonCerv-000115,NonCerv-000115-R1,,1,senior_pathologist,2026-05-18 11:42,2026-05-18 11:42,2026-05-18 17:42,2026-05-18 17:42,2026-05-19 09:10,2026-05-19 09:20,N/A,N/A,N/A,N/A,N/A,N/A,2026-05-22 10:24,2026-05-22 10:26,2026-05-22 10:28,2026-05-22 10:28,2026-05-22 10:54,2026-05-22 11:29
NonCerv-000115-R1-S3,NonCerv-000115,NonCerv-000115-R1,,1,senior_pathologist,2026-05-18 11:42,2026-05-18 11:42,2026-05-18 17:42,2026-05-18 17:42,2026-05-19 09:10,2026-05-19 09:20,N/A,N/A,N/A,N/A,N/A,N/A,2026-05-22 10:24,2026-05-22 10:28,2026-05-22 10:30,2026-05-22 10:30,2026-05-22 10:54,2026-05-22 11:29
NonCerv-000115-R1-S4,NonCerv-000115,NonCerv-000115-R1,,1,senior_pathologist,2026-05-18 11:42,2026-05-18 11:42,2026-05-18 17:42,2026-05-18 17:42,2026-05-19 09:10,2026-05-19 09:20,N/A,N/A,N/A,N/A,N/A,N/A,2026-05-22 10:24,2026-05-22 10:30,2026-05-22 10:32,2026-05-22 10:32,2026-05-22 10:54,2026-05-22 11:29
NonCerv-000115-R1-S5,NonCerv-000115,NonCerv-000115-R1,,1,senior_pathologist,2026-05-18 11:42,2026-05-18 11:42,2026-05-18 17:42,2026-05-18 17:42,2026-05-19 09:10,2026-05-19 09:20,N/A,N/A,N/A,N/A,N/A,N/A,2026-05-22 10:24,2026-05-22 10:32,2026-05-22 10:34,2026-05-22 10:34,2026-05-22 10:54,2026-05-22 11:29
NonCerv-000102-R2-S1,NonCerv-000102,NonCerv-000102-R2,,2,senior_pathologist,2026-05-16 12:29,2026-05-16 12:29,2026-05-16 18:29,2026-05-16 18:29,2026-05-18 09:10,2026-05-18 09:20,N/A,N/A,N/A,N/A,N/A,N/A,2026-05-22 10:33,2026-05-22 10:34,2026-05-22 10:36,2026-05-22 10:36,2026-05-22 10:54,2026-05-22 11:29
NonCerv-000102-R2-S2,NonCerv-000102,NonCerv-000102-R2,,2,senior_pathologist,2026-05-16 12:29,2026-05-16 12:29,2026-05-16 18:29,2026-05-16 18:29,2026-05-18 09:10,2026-05-18 09:20,N/A,N/A,N/A,N/A,N/A,N/A,2026-05-22 10:33,2026-05-22 10:36,2026-05-22 10:38,2026-05-22 10:38,2026-05-22 10:54,2026-05-22 11:29
NonCerv-000102-R2-S3,NonCerv-000102,NonCerv-000102-R2,,2,senior_pathologist,2026-05-16 12:29,2026-05-16 12:29,2026-05-16 18:29,2026-05-16 18:29,2026-05-18 09:10,2026-05-18 09:20,N/A,N/A,N/A,N/A,N/A,N/A,2026-05-22 10:33,2026-05-22 10:38,2026-05-22 10:40,2026-05-22 10:40,2026-05-22 10:54,2026-05-22 11:29
NonCerv-000102-R2-S4,NonCerv-000102,NonCerv-000102-R2,,2,senior_pathologist,2026-05-16 12:29,2026-05-16 12:29,2026-05-16 18:29,2026-05-16 18:29,2026-05-18 09:10,2026-05-18 09:20,N/A,N/A,N/A,N/A,N/A,N/A,2026-05-22 10:33,2026-05-22 10:40,2026-05-22 10:42,2026-05-22 10:42,2026-05-22 10:54,2026-05-22 11:29
NonCerv-000102-R2-S5,NonCerv-000102,NonCerv-000102-R2,,2,senior_pathologist,2026-05-16 12:29,2026-05-16 12:29,2026-05-16 18:29,2026-05-16 18:29,2026-05-18 09:10,2026-05-18 09:20,N/A,N/A,N/A,N/A,N/A,N/A,2026-05-22 10:33,2026-05-22 10:42,2026-05-22 10:44,2026-05-22 10:44,2026-05-22 10:54,2026-05-22 11:29
Cerv-000033-R2-S1,Cerv-000033,Cerv-000033-R2,,2,senior_pathologist,2026-05-17 09:00,2026-05-17 09:00,2026-05-17 15:00,2026-05-17 15:00,2026-05-18 10:00,2026-05-18 10:10,N/A,N/A,N/A,N/A,N/A,N/A,2026-05-22 10:42,2026-05-22 10:44,2026-05-22 10:46,2026-05-22 10:46,2026-05-22 10:54,2026-05-22 11:29
Cerv-000033-R2-S2,Cerv-000033,Cerv-000033-R2,,2,senior_pathologist,2026-05-17 09:00,2026-05-17 09:00,2026-05-17 15:00,2026-05-17 15:00,2026-05-18 10:00,2026-05-18 10:10,N/A,N/A,N/A,N/A,N/A,N/A,2026-05-22 10:42,2026-05-22 10:46,2026-05-22 10:48,2026-05-22 10:48,2026-05-22 10:54,2026-05-22 11:29
Cerv-000033-R2-S3,Cerv-000033,Cerv-000033-R2,,2,senior_pathologist,2026-05-17 09:00,2026-05-17 09:00,2026-05-17 15:00,2026-05-17 15:00,2026-05-18 10:00,2026-05-18 10:10,N/A,N/A,N/A,N/A,N/A,N/A,2026-05-22 10:42,2026-05-22 10:48,2026-05-22 10:50,2026-05-22 10:50,2026-05-22 10:54,2026-05-22 11:29
Cerv-000033-R2-S4,Cerv-000033,Cerv-000033-R2,,2,senior_pathologist,2026-05-17 09:00,2026-05-17 09:00,2026-05-17 15:00,2026-05-17 15:00,2026-05-18 10:00,2026-05-18 10:10,N/A,N/A,N/A,N/A,N/A,N/A,2026-05-22 10:42,2026-05-22 10:50,2026-05-22 10:52,2026-05-22 10:52,2026-05-22 10:54,2026-05-22 11:29
Cerv-000033-R2-S5,Cerv-000033,Cerv-000033-R2,,2,senior_pathologist,2026-05-17 09:00,2026-05-17 09:00,2026-05-17 15:00,2026-05-17 15:00,2026-05-18 10:00,2026-05-18 10:10,N/A,N/A,N/A,N/A,N/A,N/A,2026-05-22 10:42,2026-05-22 10:52,2026-05-22 10:54,2026-05-22 10:54,2026-05-22 10:54,2026-05-22 11:29
Cerv-000046-S1,Cerv-000046,Cerv-000046,Cerv-000046-S1,0,,2026-05-22 09:00,2026-05-22 09:00,2026-05-22 15:00,2026-05-22 15:00,2026-05-22 15:00,2026-05-22 15:10,2026-05-22 15:10,2026-05-26 09:30,2026-05-27 07:30,2026-05-27 07:30,2026-05-27 09:44,2026-05-27 09:45,2026-05-27 09:45,2026-05-27 11:48,2026-05-27 11:50,2026-05-27 11:50,2026-05-27 13:35,2026-05-27 14:10
NonCerv-000135-S1,NonCerv-000135,NonCerv-000135,NonCerv-000135-S1,0,,2026-05-22 09:00,2026-05-22 09:00,2026-05-22 15:00,2026-05-22 15:00,2026-05-22 15:00,2026-05-22 15:10,2026-05-22 15:10,2026-05-26 09:30,2026-05-27 07:30,2026-05-27 07:30,2026-05-27 09:45,2026-05-27 09:46,2026-05-27 09:46,2026-05-27 11:50,2026-05-27 11:52,2026-05-27 11:52,2026-05-27 14:10,2026-05-27 14:45
NonCerv-000136-S1,NonCerv-000136,NonCerv-000136,NonCerv-000136-S1,0,,2026-05-22 10:26,2026-05-22 10:26,2026-05-22 16:26,2026-05-22 16:26,2026-05-22 16:26,2026-05-22 16:36,2026-05-22 16:36,2026-05-26 09:30,2026-05-27 07:30,2026-05-27 07:30,2026-05-27 09:46,2026-05-27 09:47,2026-05-27 09:47,2026-05-27 11:52,2026-05-27 11:54,2026-05-27 11:54,2026-05-27 14:10,2026-05-27 14:45
NonCerv-000105-R2-S1,NonCerv-000105,NonCerv-000105-R2,,2,senior_pathologist,2026-05-17 09:00,2026-05-17 09:00,2026-05-17 21:00,2026-05-17 21:00,2026-05-18 10:10,2026-05-18 10:40,N/A,N/A,N/A,N/A,N/A,N/A,2026-05-23 10:10,2026-05-23 10:10,2026-05-23 10:12,2026-05-23 10:12,2026-05-27 13:00,2026-05-27 13:35
NonCerv-000105-R2-S2,NonCerv-000105,NonCerv-000105-R2,,2,senior_pathologist,2026-05-17 09:00,2026-05-17 09:00,2026-05-17 21:00,2026-05-17 21:00,2026-05-18 10:10,2026-05-18 10:40,N/A,N/A,N/A,N/A,N/A,N/A,2026-05-23 10:10,2026-05-23 10:12,2026-05-23 10:14,2026-05-23 10:14,2026-05-27 13:00,2026-05-27 13:35
NonCerv-000105-R2-S3,NonCerv-000105,NonCerv-000105-R2,,2,senior_pathologist,2026-05-17 09:00,2026-05-17 09:00,2026-05-17 21:00,2026-05-17 21:00,2026-05-18 10:10,2026-05-18 10:40,N/A,N/A,N/A,N/A,N/A,N/A,2026-05-23 10:10,2026-05-23 10:14,2026-05-23 10:16,2026-05-23 10:16,2026-05-27 13:00,2026-05-27 13:35
NonCerv-000105-R2-S4,NonCerv-000105,NonCerv-000105-R2,,2,senior_pathologist,2026-05-17 09:00,2026-05-17 09:00,2026-05-17 21:00,2026-05-17 21:00,2026-05-18 10:10,2026-05-18 10:40,N/A,N/A,N/A,N/A,N/A,N/A,2026-05-23 10:10,2026-05-23 10:16,2026-05-23 10:18,2026-05-23 10:18,2026-05-27 13:00,2026-05-27 13:35
NonCerv-000105-R2-S5,NonCerv-000105,NonCerv-000105-R2,,2,senior_pathologist,2026-05-17 09:00,2026-05-17 09:00,2026-05-17 21:00,2026-05-17 21:00,2026-05-18 10:10,2026-05-18 10:40,N/A,N/A,N/A,N/A,N/A,N/A,2026-05-23 10:10,2026-05-23 10:18,2026-05-23 10:20,2026-05-23 10:20,2026-05-27 13:00,2026-05-27 13:35
Cerv-000050-S1,Cerv-000050,Cerv-000050,Cerv-000050-S1,0,,2026-05-24 10:31,2026-05-24 10:31,2026-05-24 16:31,2026-05-24 16:31,2026-05-25 09:00,2026-05-25 09:10,2026-05-25 09:10,2026-05-26 09:30,2026-05-27 07:30,2026-05-27 07:30,2026-05-27 09:47,2026-05-27 09:48,2026-05-27 09:48,2026-05-27 11:54,2026-05-27 11:56,2026-05-27 11:56,2026-05-27 14:10,2026-05-27 14:45
NonCerv-000146-S1,NonCerv-000146,NonCerv-000146,NonCerv-000146-S1,0,,2026-05-24 13:02,2026-05-24 13:02,2026-05-24 19:02,2026-05-24 19:02,2026-05-25 09:00,2026-05-25 09:10,2026-05-25 09:10,2026-05-26 09:30,2026-05-27 07:30,2026-05-27 07:30,2026-05-27 09:48,2026-05-27 09:49,2026-05-27 09:49,2026-05-27 11:56,2026-05-27 11:58,2026-05-27 11:58,2026-05-27 14:10,2026-05-27 14:45
NonCerv-000138-S1,NonCerv-000138,NonCerv-000138,NonCerv-000138-S1,0,,2026-05-23 09:05,2026-05-23 09:05,2026-05-23 15:05,2026-05-23 15:05,2026-05-25 09:10,2026-05-25 09:20,2026-05-25 09:20,2026-05-26 09:30,2026-05-27 07:30,2026-05-27 07:30,2026-05-27 09:49,2026-05-27 09:50,2026-05-27 09:50,2026-05-27 11:58,2026-05-27 12:00,2026-05-27 12:00,2026-05-27 14:10,2026-05-27 14:45
Cerv-000048-S1,Cerv-000048,Cerv-000048,Cerv-000048-S1,0,,2026-05-23 11:49,2026-05-23 11:49,2026-05-23 17:49,2026-05-23 17:49,2026-05-25 09:10,2026-05-25 09:20,2026-05-25 09:20,2026-05-26 09:30,2026-05-27 07:30,2026-05-27 07:30,2026-05-27 09:50,2026-05-27 09:51,2026-05-27 09:51,2026-05-27 12:00,2026-05-27 12:02,2026-05-27 12:02,2026-05-27 14:10,2026-05-27 14:45
NonCerv-000143-S1,NonCerv-000143,NonCerv-000143,NonCerv-000143-S1,0,,2026-05-24 09:55,2026-05-24 09:55,2026-05-24 15:55,2026-05-24 15:55,2026-05-25 09:20,2026-05-25 09:30,2026-05-25 09:30,2026-05-26 09:30,2026-05-27 07:30,2026-05-27 07:30,2026-05-27 09:51,2026-05-27 09:52,2026-05-27 09:52,2026-05-27 12:02,2026-05-27 12:04,2026-05-27 12:04,2026-05-27 14:10,2026-05-27 14:45
NonCerv-000140-S1,NonCerv-000140,NonCerv-000140,NonCerv-000140-S1,0,,2026-05-23 12:55,2026-05-23 12:55,2026-05-23 18:55,2026-05-23 18:55,2026-05-25 09:20,2026-05-25 09:30,2026-05-25 09:30,2026-05-26 09:30,2026-05-27 07:30,2026-05-27 07:30,2026-05-27 09:52,2026-05-27 09:53,2026-05-27 09:53,2026-05-27 12:04,2026-05-27 12:06,2026-05-27 12:06,2026-05-27 14:10,2026-05-27 14:45
NonCerv-000139-S1,NonCerv-000139,NonCerv-000139,NonCerv-000139-S1,0,,2026-05-23 10:01,2026-05-23 10:01,2026-05-23 16:01,2026-05-23 16:01,2026-05-25 09:30,2026-05-25 09:40,2026-05-25 09:40,2026-05-26 09:30,2026-05-27 07:30,2026-05-27 07:30,2026-05-27 09:53,2026-05-27 09:54,2026-05-27 09:54,2026-05-27 12:06,2026-05-27 12:08,2026-05-27 12:08,2026-05-27 14:10,2026-05-27 14:45
Cerv-000047-S1,Cerv-000047,Cerv-000047,Cerv-000047-S1,0,,2026-05-23 09:00,2026-05-23 09:00,2026-05-23 15:00,2026-05-23 15:00,2026-05-25 09:30,2026-05-25 09:40,2026-05-25 09:40,2026-05-26 09:30,2026-05-27 07:30,2026-05-27 07:30,2026-05-27 09:54,2026-05-27 09:55,2026-05-27 09:55,2026-05-27 12:08,2026-05-27 12:10,2026-05-27 12:10,2026-05-27 14:10,2026-05-27 14:45
NonCerv-000137-S1,NonCerv-000137,NonCerv-000137,NonCerv-000137-S1,0,,2026-05-23 09:00,2026-05-23 09:00,2026-05-23 15:00,2026-05-23 15:00,2026-05-25 09:40,2026-05-25 09:50,2026-05-25 09:50,2026-05-26 09:30,2026-05-27 07:30,2026-05-27 07:30,2026-05-27 09:55,2026-05-27 09:56,2026-05-27 09:56,2026-05-27 12:10,2026-05-27 12:12,2026-05-27 12:12,2026-05-27 14:10,2026-05-27 14:45
Cerv-000049-S1,Cerv-000049,Cerv-000049,Cerv-000049-S1,0,,2026-05-24 09:00,2026-05-24 09:00,2026-05-24 15:00,2026-05-24 15:00,2026-05-25 09:40,2026-05-25 09:50,2026-05-25 09:50,2026-05-26 09:30,2026-05-27 07:30,2026-05-27 07:30,2026-05-27 09:56,2026-05-27 09:57,2026-05-27 09:57,2026-05-27 12:12,2026-05-27 12:14,2026-05-27 12:14,2026-05-27 14:10,2026-05-27 14:45
NonCerv-000144-S1,NonCerv-000144,NonCerv-000144,NonCerv-000144-S1,0,,2026-05-24 09:57,2026-05-24 09:57,2026-05-24 15:57,2026-05-24 15:57,2026-05-25 09:50,2026-05-25 10:00,2026-05-25 10:00,2026-05-26 09:30,2026-05-27 07:30,2026-05-27 07:30,2026-05-27 09:57,2026-05-27 09:58,2026-05-27 09:58,2026-05-27 12:14,2026-05-27 12:16,2026-05-27 12:16,2026-05-27 14:10,2026-05-27 14:45
NonCerv-000141-S1,NonCerv-000141,NonCerv-000141,NonCerv-000141-S1,0,,2026-05-24 09:00,2026-05-24 09:00,2026-05-24 21:00,2026-05-24 21:00,2026-05-25 09:50,2026-05-25 10:20,2026-05-25 10:20,2026-05-26 09:30,2026-05-27 07:30,2026-05-27 07:30,2026-05-27 09:58,2026-05-27 09:59,2026-05-27 09:59,2026-05-27 12:16,2026-05-27 12:18,2026-05-27 12:18,2026-05-27 14:10,2026-05-27 14:45
NonCerv-000141-S2,NonCerv-000141,NonCerv-000141,NonCerv-000141-S2,0,,2026-05-24 09:00,2026-05-24 09:00,2026-05-24 21:00,2026-05-24 21:00,2026-05-25 09:50,2026-05-25 10:20,2026-05-25 10:20,2026-05-26 09:30,2026-05-27 07:30,2026-05-27 07:30,2026-05-27 09:59,2026-05-27 10:00,2026-05-27 10:00,2026-05-27 12:18,2026-05-27 12:20,2026-05-27 12:20,2026-05-27 14:10,2026-05-27 14:45
NonCerv-000141-S3,NonCerv-000141,NonCerv-000141,NonCerv-000141-S3,0,,2026-05-24 09:00,2026-05-24 09:00,2026-05-24 21:00,2026-05-24 21:00,2026-05-25 09:50,2026-05-25 10:20,2026-05-25 10:20,2026-05-26 09:30,2026-05-27 07:30,2026-05-27 07:30,2026-05-27 10:00,2026-05-27 10:01,2026-05-27 10:01,2026-05-27 12:20,2026-05-27 12:22,2026-05-27 12:22,2026-05-27 14:10,2026-05-27 14:45
NonCerv-000141-S4,NonCerv-000141,NonCerv-000141,NonCerv-000141-S4,0,,2026-05-24 09:00,2026-05-24 09:00,2026-05-24 21:00,2026-05-24 21:00,2026-05-25 09:50,2026-05-25 10:20,2026-05-25 10:20,2026-05-26 09:30,2026-05-27 07:30,2026-05-27 07:30,2026-05-27 10:01,2026-05-27 10:02,2026-05-27 10:02,2026-05-27 12:22,2026-05-27 12:24,2026-05-27 12:24,2026-05-27 14:10,2026-05-27 14:45
NonCerv-000141-S5,NonCerv-000141,NonCerv-000141,NonCerv-000141-S5,0,,2026-05-24 09:00,2026-05-24 09:00,2026-05-24 21:00,2026-05-24 21:00,2026-05-25 09:50,2026-05-25 10:20,2026-05-25 10:20,2026-05-26 09:30,2026-05-27 07:30,2026-05-27 07:30,2026-05-27 10:02,2026-05-27 10:03,2026-05-27 10:03,2026-05-27 12:24,2026-05-27 12:26,2026-05-27 12:26,2026-05-27 14:10,2026-05-27 14:45
NonCerv-000141-S6,NonCerv-000141,NonCerv-000141,NonCerv-000141-S6,0,,2026-05-24 09:00,2026-05-24 09:00,2026-05-24 21:00,2026-05-24 21:00,2026-05-25 09:50,2026-05-25 10:20,2026-05-25 10:20,2026-05-26 09:30,2026-05-27 07:30,2026-05-27 07:30,2026-05-27 10:03,2026-05-27 10:04,2026-05-27 10:04,2026-05-27 12:26,2026-05-27 12:28,2026-05-27 12:28,2026-05-27 14:10,2026-05-27 14:45
NonCerv-000141-S7,NonCerv-000141,NonCerv-000141,NonCerv-000141-S7,0,,2026-05-24 09:00,2026-05-24 09:00,2026-05-24 21:00,2026-05-24 21:00,2026-05-25 09:50,2026-05-25 10:20,2026-05-25 10:20,2026-05-26 09:30,2026-05-27 07:30,2026-05-27 07:30,2026-05-27 10:04,2026-05-27 10:05,2026-05-27 10:05,2026-05-27 12:28,2026-05-27 12:30,2026-05-27 12:30,2026-05-27 14:10,2026-05-27 14:45
NonCerv-000141-S8,NonCerv-000141,NonCerv-000141,NonCerv-000141-S8,0,,2026-05-24 09:00,2026-05-24 09:00,2026-05-24 21:00,2026-05-24 21:00,2026-05-25 09:50,2026-05-25 10:20,2026-05-25 10:20,2026-05-26 09:30,2026-05-27 07:30,2026-05-27 07:30,2026-05-27 10:05,2026-05-27 10:06,2026-05-27 10:06,2026-05-27 12:30,2026-05-27 12:32,2026-05-27 12:32,2026-05-27 14:10,2026-05-27 14:45
NonCerv-000141-S9,NonCerv-000141,NonCerv-000141,NonCerv-000141-S9,0,,2026-05-24 09:00,2026-05-24 09:00,2026-05-24 21:00,2026-05-24 21:00,2026-05-25 09:50,2026-05-25 10:20,2026-05-25 10:20,2026-05-26 09:30,2026-05-27 07:30,2026-05-27 07:30,2026-05-27 10:06,2026-05-27 10:07,2026-05-27 10:07,2026-05-27 12:32,2026-05-27 12:34,2026-05-27 12:34,2026-05-27 14:10,2026-05-27 14:45
NonCerv-000141-S10,NonCerv-000141,NonCerv-000141,NonCerv-000141-S10,0,,2026-05-24 09:00,2026-05-24 09:00,2026-05-24 21:00,2026-05-24 21:00,2026-05-25 09:50,2026-05-25 10:20,2026-05-25 10:20,2026-05-26 09:30,2026-05-27 07:30,2026-05-27 07:30,2026-05-27 10:07,2026-05-27 10:08,2026-05-27 10:08,2026-05-27 12:34,2026-05-27 12:36,2026-05-27 12:36,2026-05-27 14:10,2026-05-27 14:45
NonCerv-000142-S1,NonCerv-000142,NonCerv-000142,NonCerv-000142-S1,0,,2026-05-24 09:31,2026-05-24 09:31,2026-05-24 21:31,2026-05-24 21:31,2026-05-25 10:00,2026-05-25 10:30,2026-05-25 10:30,2026-05-26 09:30,2026-05-27 07:30,2026-05-27 07:30,2026-05-27 10:08,2026-05-27 10:09,2026-05-27 10:09,2026-05-27 12:36,2026-05-27 12:38,2026-05-27 12:38,2026-05-27 14:10,2026-05-27 14:45
NonCerv-000142-S2,NonCerv-000142,NonCerv-000142,NonCerv-000142-S2,0,,2026-05-24 09:31,2026-05-24 09:31,2026-05-24 21:31,2026-05-24 21:31,2026-05-25 10:00,2026-05-25 10:30,2026-05-25 10:30,2026-05-26 09:30,2026-05-27 07:30,2026-05-27 07:30,2026-05-27 10:09,2026-05-27 10:10,2026-05-27 10:10,2026-05-27 12:38,2026-05-27 12:40,2026-05-27 12:40,2026-05-27 14:10,2026-05-27 14:45
NonCerv-000142-S3,NonCerv-000142,NonCerv-000142,NonCerv-000142-S3,0,,2026-05-24 09:31,2026-05-24 09:31,2026-05-24 21:31,2026-05-24 21:31,2026-05-25 10:00,2026-05-25 10:30,2026-05-25 10:30,2026-05-26 09:30,2026-05-27 07:30,2026-05-27 07:30,2026-05-27 10:10,2026-05-27 10:11,2026-05-27 10:11,2026-05-27 12:40,2026-05-27 12:42,2026-05-27 12:42,2026-05-28 10:28,2026-05-28 11:03
NonCerv-000142-S4,NonCerv-000142,NonCerv-000142,NonCerv-000142-S4,0,,2026-05-24 09:31,2026-05-24 09:31,2026-05-24 21:31,2026-05-24 21:31,2026-05-25 10:00,2026-05-25 10:30,2026-05-25 10:30,2026-05-26 09:30,2026-05-27 07:30,2026-05-27 07:30,2026-05-27 10:11,2026-05-27 10:12,2026-05-27 10:12,2026-05-27 12:42,2026-05-27 12:44,2026-05-27 12:44,2026-05-28 10:28,2026-05-28 11:03
NonCerv-000142-S5,NonCerv-000142,NonCerv-000142,NonCerv-000142-S5,0,,2026-05-24 09:31,2026-05-24 09:31,2026-05-24 21:31,2026-05-24 21:31,2026-05-25 10:00,2026-05-25 10:30,2026-05-25 10:30,2026-05-26 09:30,2026-05-27 07:30,2026-05-27 07:30,2026-05-27 10:12,2026-05-27 10:13,2026-05-27 10:13,2026-05-27 12:44,2026-05-27 12:46,2026-05-27 12:46,2026-05-28 10:28,2026-05-28 11:03
NonCerv-000142-S6,NonCerv-000142,NonCerv-000142,NonCerv-000142-S6,0,,2026-05-24 09:31,2026-05-24 09:31,2026-05-24 21:31,2026-05-24 21:31,2026-05-25 10:00,2026-05-25 10:30,2026-05-25 10:30,2026-05-26 09:30,2026-05-27 07:30,2026-05-27 07:30,2026-05-27 10:13,2026-05-27 10:14,2026-05-27 10:14,2026-05-27 12:46,2026-05-27 12:48,2026-05-27 12:48,2026-05-28 10:28,2026-05-28 11:03
NonCerv-000142-S7,NonCerv-000142,NonCerv-000142,NonCerv-000142-S7,0,,2026-05-24 09:31,2026-05-24 09:31,2026-05-24 21:31,2026-05-24 21:31,2026-05-25 10:00,2026-05-25 10:30,2026-05-25 10:30,2026-05-26 09:30,2026-05-27 07:30,2026-05-27 07:30,2026-05-27 10:14,2026-05-27 10:15,2026-05-27 10:15,2026-05-27 12:48,2026-05-27 12:50,2026-05-27 12:50,2026-05-28 10:28,2026-05-28 11:03
NonCerv-000142-S8,NonCerv-000142,NonCerv-000142,NonCerv-000142-S8,0,,2026-05-24 09:31,2026-05-24 09:31,2026-05-24 21:31,2026-05-24 21:31,2026-05-25 10:00,2026-05-25 10:30,2026-05-25 10:30,2026-05-26 09:30,2026-05-27 07:30,2026-05-27 07:30,2026-05-27 10:15,2026-05-27 10:16,2026-05-27 10:16,2026-05-27 12:50,2026-05-27 12:52,2026-05-27 12:52,2026-05-28 10:28,2026-05-28 11:03
NonCerv-000142-S9,NonCerv-000142,NonCerv-000142,NonCerv-000142-S9,0,,2026-05-24 09:31,2026-05-24 09:31,2026-05-24 21:31,2026-05-24 21:31,2026-05-25 10:00,2026-05-25 10:30,2026-05-25 10:30,2026-05-26 09:30,2026-05-27 07:30,2026-05-27 07:30,2026-05-27 10:16,2026-05-27 10:17,2026-05-27 10:17,2026-05-27 12:52,2026-05-27 12:54,2026-05-27 12:54,2026-05-28 10:28,2026-05-28 11:03
NonCerv-000142-S10,NonCerv-000142,NonCerv-000142,NonCerv-000142-S10,0,,2026-05-24 09:31,2026-05-24 09:31,2026-05-24 21:31,2026-05-24 21:31,2026-05-25 10:00,2026-05-25 10:30,2026-05-25 10:30,2026-05-26 09:30,2026-05-27 07:30,2026-05-27 07:30,2026-05-27 10:17,2026-05-27 10:18,2026-05-27 10:18,2026-05-27 12:54,2026-05-27 12:56,2026-05-27 12:56,2026-05-28 10:28,2026-05-28 11:03
NonCerv-000147-S1,NonCerv-000147,NonCerv-000147,NonCerv-000147-S1,0,,2026-05-24 16:56,2026-05-24 16:56,2026-05-24 22:56,2026-05-24 22:56,2026-05-25 10:20,2026-05-25 10:30,2026-05-25 10:30,2026-05-26 09:30,2026-05-27 07:30,2026-05-27 07:30,2026-05-27 10:18,2026-05-27 10:19,2026-05-27 10:19,2026-05-27 12:56,2026-05-27 12:58,2026-05-27 12:58,2026-05-28 10:28,2026-05-28 11:03
NonCerv-000145-S1,NonCerv-000145,NonCerv-000145,NonCerv-000145-S1,0,,2026-05-24 11:08,2026-05-24 11:08,2026-05-24 17:08,2026-05-24 17:08,2026-05-25 10:30,2026-05-25 10:40,2026-05-25 10:40,2026-05-26 09:30,2026-05-27 07:30,2026-05-27 07:30,2026-05-27 10:19,2026-05-27 10:20,2026-05-27 10:20,2026-05-27 12:58,2026-05-27 13:00,2026-05-27 13:00,2026-05-28 10:28,2026-05-28 11:03
Cerv-000051-S1,Cerv-000051,Cerv-000051,Cerv-000051-S1,0,,2026-05-24 15:34,2026-05-24 15:34,2026-05-24 21:34,2026-05-24 21:34,2026-05-25 10:30,2026-05-25 10:40,2026-05-25 10:40,2026-05-26 09:30,2026-05-27 07:30,2026-05-27 07:30,2026-05-27 10:20,2026-05-27 10:21,2026-05-27 10:21,2026-05-27 13:00,2026-05-27 13:02,2026-05-27 13:02,2026-05-28 10:28,2026-05-28 11:03
Cerv-000052-S1,Cerv-000052,Cerv-000052,Cerv-000052-S1,0,,2026-05-25 09:00,2026-05-25 09:00,2026-05-25 15:00,2026-05-25 15:00,2026-05-25 15:00,2026-05-25 15:10,2026-05-25 15:10,2026-05-26 09:30,2026-05-27 07:30,2026-05-27 07:30,2026-05-27 10:21,2026-05-27 10:22,2026-05-27 10:22,2026-05-27 13:02,2026-05-27 13:04,2026-05-27 13:04,2026-05-28 10:28,2026-05-28 11:03
NonCerv-000148-S1,NonCerv-000148,NonCerv-000148,NonCerv-000148-S1,0,,2026-05-25 09:00,2026-05-25 09:00,2026-05-25 15:00,2026-05-25 15:00,2026-05-25 15:00,2026-05-25 15:10,2026-05-25 15:10,2026-05-26 09:30,2026-05-27 07:30,2026-05-27 07:30,2026-05-27 10:22,2026-05-27 10:23,2026-05-27 10:23,2026-05-27 13:04,2026-05-27 13:06,2026-05-27 13:06,2026-05-28 10:28,2026-05-28 11:03
NonCerv-000149-S1,NonCerv-000149,NonCerv-000149,NonCerv-000149-S1,0,,2026-05-25 09:11,2026-05-25 09:11,2026-05-25 15:11,2026-05-25 15:11,2026-05-25 15:11,2026-05-25 15:21,2026-05-25 15:21,2026-05-26 09:30,2026-05-27 07:30,2026-05-27 07:30,2026-05-27 10:23,2026-05-27 10:24,2026-05-27 10:24,2026-05-27 13:06,2026-05-27 13:08,2026-05-27 13:08,2026-05-28 10:28,2026-05-28 11:03
Cerv-000053-S1,Cerv-000053,Cerv-000053,Cerv-000053-S1,0,,2026-05-25 13:31,2026-05-25 13:31,2026-05-25 19:31,2026-05-25 19:31,2026-05-26 09:00,2026-05-26 09:10,2026-05-26 09:10,2026-05-26 09:30,2026-05-27 07:30,2026-05-27 07:30,2026-05-27 10:24,2026-05-27 10:25,2026-05-27 10:25,2026-05-27 13:08,2026-05-27 13:10,2026-05-27 13:10,2026-05-28 10:28,2026-05-28 11:03
NonCerv-000152-S1,NonCerv-000152,NonCerv-000152,NonCerv-000152-S1,0,,2026-05-25 15:59,2026-05-25 15:59,2026-05-26 03:59,2026-05-26 03:59,2026-05-26 09:00,2026-05-26 09:30,2026-05-26 09:30,2026-05-26 09:30,2026-05-27 07:30,2026-05-27 07:30,2026-05-27 10:25,2026-05-27 10:26,2026-05-27 10:26,2026-05-27 13:10,2026-05-27 13:12,2026-05-27 13:12,2026-05-28 10:28,2026-05-28 11:03
NonCerv-000152-S2,NonCerv-000152,NonCerv-000152,NonCerv-000152-S2,0,,2026-05-25 15:59,2026-05-25 15:59,2026-05-26 03:59,2026-05-26 03:59,2026-05-26 09:00,2026-05-26 09:30,2026-05-26 09:30,2026-05-26 09:30,2026-05-27 07:30,2026-05-27 07:30,2026-05-27 10:26,2026-05-27 10:27,2026-05-27 10:27,2026-05-27 13:12,2026-05-27 13:14,2026-05-27 13:14,2026-05-28 10:28,2026-05-28 11:03
NonCerv-000152-S3,NonCerv-000152,NonCerv-000152,NonCerv-000152-S3,0,,2026-05-25 15:59,2026-05-25 15:59,2026-05-26 03:59,2026-05-26 03:59,2026-05-26 09:00,2026-05-26 09:30,2026-05-26 09:30,2026-05-26 09:30,2026-05-27 07:30,2026-05-27 07:30,2026-05-27 10:27,2026-05-27 10:28,2026-05-27 10:28,2026-05-27 13:14,2026-05-27 13:16,2026-05-27 13:16,2026-05-28 10:28,2026-05-28 11:03
NonCerv-000152-S4,NonCerv-000152,NonCerv-000152,NonCerv-000152-S4,0,,2026-05-25 15:59,2026-05-25 15:59,2026-05-26 03:59,2026-05-26 03:59,2026-05-26 09:00,2026-05-26 09:30,2026-05-26 09:30,2026-05-26 09:30,2026-05-27 07:30,2026-05-27 07:30,2026-05-27 10:28,2026-05-27 10:29,2026-05-27 10:29,2026-05-27 13:16,2026-05-27 13:18,2026-05-27 13:18,2026-05-28 10:28,2026-05-28 11:03
NonCerv-000152-S5,NonCerv-000152,NonCerv-000152,NonCerv-000152-S5,0,,2026-05-25 15:59,2026-05-25 15:59,2026-05-26 03:59,2026-05-26 03:59,2026-05-26 09:00,2026-05-26 09:30,2026-05-26 09:30,2026-05-26 09:30,2026-05-27 07:30,2026-05-27 07:30,2026-05-27 10:29,2026-05-27 10:30,2026-05-27 10:30,2026-05-27 13:18,2026-05-27 13:20,2026-05-27 13:20,2026-05-28 10:28,2026-05-28 11:03
NonCerv-000152-S6,NonCerv-000152,NonCerv-000152,NonCerv-000152-S6,0,,2026-05-25 15:59,2026-05-25 15:59,2026-05-26 03:59,2026-05-26 03:59,2026-05-26 09:00,2026-05-26 09:30,2026-05-26 09:30,2026-05-28 15:10,2026-05-29 13:10,2026-05-29 13:10,2026-05-29 13:10,2026-05-29 13:11,2026-05-29 13:11,2026-05-29 14:30,2026-05-29 14:32,2026-05-29 14:32,2026-05-30 09:00,2026-05-30 09:35
NonCerv-000152-S7,NonCerv-000152,NonCerv-000152,NonCerv-000152-S7,0,,2026-05-25 15:59,2026-05-25 15:59,2026-05-26 03:59,2026-05-26 03:59,2026-05-26 09:00,2026-05-26 09:30,2026-05-26 09:30,2026-05-28 15:10,2026-05-29 13:10,2026-05-29 13:10,2026-05-29 13:11,2026-05-29 13:12,2026-05-29 13:12,2026-05-29 14:32,2026-05-29 14:34,2026-05-29 14:34,2026-05-30 09:00,2026-05-30 09:35
NonCerv-000152-S8,NonCerv-000152,NonCerv-000152,NonCerv-000152-S8,0,,2026-05-25 15:59,2026-05-25 15:59,2026-05-26 03:59,2026-05-26 03:59,2026-05-26 09:00,2026-05-26 09:30,2026-05-26 09:30,2026-05-28 15:10,2026-05-29 13:10,2026-05-29 13:10,2026-05-29 13:12,2026-05-29 13:13,2026-05-29 13:13,2026-05-29 14:34,2026-05-29 14:36,2026-05-29 14:36,2026-05-30 09:00,2026-05-30 09:35
NonCerv-000152-S9,NonCerv-000152,NonCerv-000152,NonCerv-000152-S9,0,,2026-05-25 15:59,2026-05-25 15:59,2026-05-26 03:59,2026-05-26 03:59,2026-05-26 09:00,2026-05-26 09:30,2026-05-26 09:30,2026-05-28 15:10,2026-05-29 13:10,2026-05-29 13:10,2026-05-29 13:13,2026-05-29 13:14,2026-05-29 13:14,2026-05-29 14:36,2026-05-29 14:38,2026-05-29 14:38,2026-05-30 09:00,2026-05-30 09:35
NonCerv-000152-S10,NonCerv-000152,NonCerv-000152,NonCerv-000152-S10,0,,2026-05-25 15:59,2026-05-25 15:59,2026-05-26 03:59,2026-05-26 03:59,2026-05-26 09:00,2026-05-26 09:30,2026-05-26 09:30,2026-05-28 15:10,2026-05-29 13:10,2026-05-29 13:10,2026-05-29 13:14,2026-05-29 13:15,2026-05-29 13:15,2026-05-29 14:38,2026-05-29 14:40,2026-05-29 14:40,2026-05-30 09:00,2026-05-30 09:35
NonCerv-000151-S1,NonCerv-000151,NonCerv-000151,NonCerv-000151-S1,0,,2026-05-25 10:43,2026-05-25 10:43,2026-05-25 22:43,2026-05-25 22:43,2026-05-26 09:10,2026-05-26 09:40,2026-05-26 09:40,2026-05-28 15:10,2026-05-29 13:10,2026-05-29 13:10,2026-05-29 13:15,2026-05-29 13:16,2026-05-29 13:16,2026-05-29 14:40,2026-05-29 14:42,2026-05-29 14:42,2026-05-30 09:00,2026-05-30 09:35
NonCerv-000151-S2,NonCerv-000151,NonCerv-000151,NonCerv-000151-S2,0,,2026-05-25 10:43,2026-05-25 10:43,2026-05-25 22:43,2026-05-25 22:43,2026-05-26 09:10,2026-05-26 09:40,2026-05-26 09:40,2026-05-28 15:10,2026-05-29 13:10,2026-05-29 13:10,2026-05-29 13:16,2026-05-29 13:17,2026-05-29 13:17,2026-05-29 14:42,2026-05-29 14:44,2026-05-29 14:44,2026-05-30 09:00,2026-05-30 09:35
NonCerv-000151-S3,NonCerv-000151,NonCerv-000151,NonCerv-000151-S3,0,,2026-05-25 10:43,2026-05-25 10:43,2026-05-25 22:43,2026-05-25 22:43,2026-05-26 09:10,2026-05-26 09:40,2026-05-26 09:40,2026-05-28 15:10,2026-05-29 13:10,2026-05-29 13:10,2026-05-29 13:17,2026-05-29 13:18,2026-05-29 13:18,2026-05-29 14:44,2026-05-29 14:46,2026-05-29 14:46,2026-05-30 09:00,2026-05-30 09:35
NonCerv-000151-S4,NonCerv-000151,NonCerv-000151,NonCerv-000151-S4,0,,2026-05-25 10:43,2026-05-25 10:43,2026-05-25 22:43,2026-05-25 22:43,2026-05-26 09:10,2026-05-26 09:40,2026-05-26 09:40,2026-05-28 15:10,2026-05-29 13:10,2026-05-29 13:10,2026-05-29 13:18,2026-05-29 13:19,2026-05-29 13:19,2026-05-29 14:46,2026-05-29 14:48,2026-05-29 14:48,2026-05-30 09:00,2026-05-30 09:35
NonCerv-000151-S5,NonCerv-000151,NonCerv-000151,NonCerv-000151-S5,0,,2026-05-25 10:43,2026-05-25 10:43,2026-05-25 22:43,2026-05-25 22:43,2026-05-26 09:10,2026-05-26 09:40,2026-05-26 09:40,2026-05-28 15:10,2026-05-29 13:10,2026-05-29 13:10,2026-05-29 13:19,2026-05-29 13:20,2026-05-29 13:20,2026-05-29 14:48,2026-05-29 14:50,2026-05-29 14:50,2026-05-30 09:00,2026-05-30 09:35
NonCerv-000151-S6,NonCerv-000151,NonCerv-000151,NonCerv-000151-S6,0,,2026-05-25 10:43,2026-05-25 10:43,2026-05-25 22:43,2026-05-25 22:43,2026-05-26 09:10,2026-05-26 09:40,2026-05-26 09:40,2026-05-28 15:10,2026-05-29 13:10,2026-05-29 13:10,2026-05-29 13:20,2026-05-29 13:21,2026-05-29 13:21,2026-05-29 14:50,2026-05-29 14:52,2026-05-29 14:52,2026-05-30 09:00,2026-05-30 09:35
NonCerv-000151-S7,NonCerv-000151,NonCerv-000151,NonCerv-000151-S7,0,,2026-05-25 10:43,2026-05-25 10:43,2026-05-25 22:43,2026-05-25 22:43,2026-05-26 09:10,2026-05-26 09:40,2026-05-26 09:40,2026-05-28 15:10,2026-05-29 13:10,2026-05-29 13:10,2026-05-29 13:21,2026-05-29 13:22,2026-05-29 13:22,2026-05-29 14:52,2026-05-29 14:54,2026-05-29 14:54,2026-05-30 09:00,2026-05-30 09:35
NonCerv-000151-S8,NonCerv-000151,NonCerv-000151,NonCerv-000151-S8,0,,2026-05-25 10:43,2026-05-25 10:43,2026-05-25 22:43,2026-05-25 22:43,2026-05-26 09:10,2026-05-26 09:40,2026-05-26 09:40,2026-05-28 15:10,2026-05-29 13:10,2026-05-29 13:10,2026-05-29 13:22,2026-05-29 13:23,2026-05-29 13:23,2026-05-29 14:54,2026-05-29 14:56,2026-05-29 14:56,2026-05-30 09:00,2026-05-30 09:35
NonCerv-000151-S9,NonCerv-000151,NonCerv-000151,NonCerv-000151-S9,0,,2026-05-25 10:43,2026-05-25 10:43,2026-05-25 22:43,2026-05-25 22:43,2026-05-26 09:10,2026-05-26 09:40,2026-05-26 09:40,2026-05-28 15:10,2026-05-29 13:10,2026-05-29 13:10,2026-05-29 13:23,2026-05-29 13:24,2026-05-29 13:24,2026-05-29 14:56,2026-05-29 14:58,2026-05-29 14:58,2026-05-30 09:00,2026-05-30 09:35
NonCerv-000151-S10,NonCerv-000151,NonCerv-000151,NonCerv-000151-S10,0,,2026-05-25 10:43,2026-05-25 10:43,2026-05-25 22:43,2026-05-25 22:43,2026-05-26 09:10,2026-05-26 09:40,2026-05-26 09:40,2026-05-28 15:10,2026-05-29 13:10,2026-05-29 13:10,2026-05-29 13:24,2026-05-29 13:25,2026-05-29 13:25,2026-05-29 14:58,2026-05-29 15:00,2026-05-29 15:00,2026-05-30 09:00,2026-05-30 09:35
NonCerv-000150-S1,NonCerv-000150,NonCerv-000150,NonCerv-000150-S1,0,,2026-05-25 10:25,2026-05-25 10:25,2026-05-25 22:25,2026-05-25 22:25,2026-05-26 09:30,2026-05-26 10:00,2026-05-26 10:00,2026-05-28 15:10,2026-05-29 13:10,2026-05-29 13:10,2026-05-29 13:25,2026-05-29 13:26,2026-05-29 13:26,2026-05-29 15:00,2026-05-29 15:02,2026-05-29 15:02,2026-05-30 09:35,2026-05-30 10:10
NonCerv-000150-S2,NonCerv-000150,NonCerv-000150,NonCerv-000150-S2,0,,2026-05-25 10:25,2026-05-25 10:25,2026-05-25 22:25,2026-05-25 22:25,2026-05-26 09:30,2026-05-26 10:00,2026-05-26 10:00,2026-05-28 15:10,2026-05-29 13:10,2026-05-29 13:10,2026-05-29 13:26,2026-05-29 13:27,2026-05-29 13:27,2026-05-29 15:02,2026-05-29 15:04,2026-05-29 15:04,2026-05-30 09:35,2026-05-30 10:10
NonCerv-000150-S3,NonCerv-000150,NonCerv-000150,NonCerv-000150-S3,0,,2026-05-25 10:25,2026-05-25 10:25,2026-05-25 22:25,2026-05-25 22:25,2026-05-26 09:30,2026-05-26 10:00,2026-05-26 10:00,2026-05-28 15:10,2026-05-29 13:10,2026-05-29 13:10,2026-05-29 13:27,2026-05-29 13:28,2026-05-29 13:28,2026-05-29 15:04,2026-05-29 15:06,2026-05-29 15:06,2026-05-30 09:35,2026-05-30 10:10
NonCerv-000150-S4,NonCerv-000150,NonCerv-000150,NonCerv-000150-S4,0,,2026-05-25 10:25,2026-05-25 10:25,2026-05-25 22:25,2026-05-25 22:25,2026-05-26 09:30,2026-05-26 10:00,2026-05-26 10:00,2026-05-28 15:10,2026-05-29 13:10,2026-05-29 13:10,2026-05-29 13:28,2026-05-29 13:29,2026-05-29 13:29,2026-05-29 15:06,2026-05-29 15:08,2026-05-29 15:08,2026-05-30 09:35,2026-05-30 10:10
NonCerv-000150-S5,NonCerv-000150,NonCerv-000150,NonCerv-000150-S5,0,,2026-05-25 10:25,2026-05-25 10:25,2026-05-25 22:25,2026-05-25 22:25,2026-05-26 09:30,2026-05-26 10:00,2026-05-26 10:00,2026-05-28 15:10,2026-05-29 13:10,2026-05-29 13:10,2026-05-29 13:29,2026-05-29 13:30,2026-05-29 13:30,2026-05-29 15:08,2026-05-29 15:10,2026-05-29 15:10,2026-05-30 09:35,2026-05-30 10:10
NonCerv-000150-S6,NonCerv-000150,NonCerv-000150,NonCerv-000150-S6,0,,2026-05-25 10:25,2026-05-25 10:25,2026-05-25 22:25,2026-05-25 22:25,2026-05-26 09:30,2026-05-26 10:00,2026-05-26 10:00,2026-05-28 15:10,2026-05-29 13:10,2026-05-29 13:10,2026-05-29 13:30,2026-05-29 13:31,2026-05-29 13:31,2026-05-29 15:10,2026-05-29 15:12,2026-05-29 15:12,2026-05-30 09:35,2026-05-30 10:10
NonCerv-000150-S7,NonCerv-000150,NonCerv-000150,NonCerv-000150-S7,0,,2026-05-25 10:25,2026-05-25 10:25,2026-05-25 22:25,2026-05-25 22:25,2026-05-26 09:30,2026-05-26 10:00,2026-05-26 10:00,2026-05-28 15:10,2026-05-29 13:10,2026-05-29 13:10,2026-05-29 13:31,2026-05-29 13:32,2026-05-29 13:32,2026-05-29 15:12,2026-05-29 15:14,2026-05-29 15:14,2026-05-30 09:35,2026-05-30 10:10
NonCerv-000150-S8,NonCerv-000150,NonCerv-000150,NonCerv-000150-S8,0,,2026-05-25 10:25,2026-05-25 10:25,2026-05-25 22:25,2026-05-25 22:25,2026-05-26 09:30,2026-05-26 10:00,2026-05-26 10:00,2026-05-28 15:10,2026-05-29 13:10,2026-05-29 13:10,2026-05-29 13:32,2026-05-29 13:33,2026-05-29 13:33,2026-05-29 15:14,2026-05-29 15:16,2026-05-29 15:16,2026-05-30 09:35,2026-05-30 10:10
NonCerv-000150-S9,NonCerv-000150,NonCerv-000150,NonCerv-000150-S9,0,,2026-05-25 10:25,2026-05-25 10:25,2026-05-25 22:25,2026-05-25 22:25,2026-05-26 09:30,2026-05-26 10:00,2026-05-26 10:00,2026-05-28 15:10,2026-05-29 13:10,2026-05-29 13:10,2026-05-29 13:33,2026-05-29 13:34,2026-05-29 13:34,2026-05-29 15:16,2026-05-29 15:18,2026-05-29 15:18,2026-05-30 09:35,2026-05-30 10:10
NonCerv-000150-S10,NonCerv-000150,NonCerv-000150,NonCerv-000150-S10,0,,2026-05-25 10:25,2026-05-25 10:25,2026-05-25 22:25,2026-05-25 22:25,2026-05-26 09:30,2026-05-26 10:00,2026-05-26 10:00,2026-05-28 15:10,2026-05-29 13:10,2026-05-29 13:10,2026-05-29 13:34,2026-05-29 13:35,2026-05-29 13:35,2026-05-29 15:18,2026-05-29 15:20,2026-05-29 15:20,2026-05-30 09:35,2026-05-30 10:10
Cerv-000054-S1,Cerv-000054,Cerv-000054,Cerv-000054-S1,0,,2026-05-26 09:00,2026-05-26 09:00,2026-05-26 15:00,2026-05-26 15:00,2026-05-26 15:00,2026-05-26 15:10,2026-05-26 15:10,2026-05-28 15:10,2026-05-29 13:10,2026-05-29 13:10,2026-05-29 13:35,2026-05-29 13:36,2026-05-29 13:36,2026-05-29 15:20,2026-05-29 15:22,2026-05-29 15:22,2026-05-30 09:35,2026-05-30 10:10
NonCerv-000153-S1,NonCerv-000153,NonCerv-000153,NonCerv-000153-S1,0,,2026-05-26 09:00,2026-05-26 09:00,2026-05-26 15:00,2026-05-26 15:00,2026-05-26 15:00,2026-05-26 15:10,2026-05-26 15:10,2026-05-28 15:10,2026-05-29 13:10,2026-05-29 13:10,2026-05-29 13:36,2026-05-29 13:37,2026-05-29 13:37,2026-05-29 15:22,2026-05-29 15:24,2026-05-29 15:24,2026-05-30 09:35,2026-05-30 10:10
NonCerv-000156-S1,NonCerv-000156,NonCerv-000156,NonCerv-000156-S1,0,,2026-05-26 10:31,2026-05-26 10:31,2026-05-26 16:31,2026-05-26 16:31,2026-05-26 16:31,2026-05-26 16:41,2026-05-26 16:41,2026-05-28 15:10,2026-05-29 13:10,2026-05-29 13:10,2026-05-29 13:37,2026-05-29 13:38,2026-05-29 13:38,2026-05-29 15:24,2026-05-29 15:26,2026-05-29 15:26,2026-05-30 09:35,2026-05-30 10:10
NonCerv-000157-S1,NonCerv-000157,NonCerv-000157,NonCerv-000157-S1,0,,2026-05-26 15:46,2026-05-26 15:46,2026-05-26 21:46,2026-05-26 21:46,2026-05-27 09:00,2026-05-27 09:10,2026-05-27 09:10,2026-05-28 15:10,2026-05-29 13:10,2026-05-29 13:10,2026-05-29 13:38,2026-05-29 13:39,2026-05-29 13:39,2026-05-29 15:26,2026-05-29 15:28,2026-05-29 15:28,2026-05-30 09:35,2026-05-30 10:10
NonCerv-000154-S1,NonCerv-000154,NonCerv-000154,NonCerv-000154-S1,0,,2026-05-26 09:17,2026-05-26 09:17,2026-05-26 21:17,2026-05-26 21:17,2026-05-27 09:00,2026-05-27 09:30,2026-05-27 09:30,2026-05-28 15:10,2026-05-29 13:10,2026-05-29 13:10,2026-05-29 13:39,2026-05-29 13:40,2026-05-29 13:40,2026-05-29 15:28,2026-05-29 15:30,2026-05-29 15:30,2026-05-30 09:35,2026-05-30 10:10
NonCerv-000154-S2,NonCerv-000154,NonCerv-000154,NonCerv-000154-S2,0,,2026-05-26 09:17,2026-05-26 09:17,2026-05-26 21:17,2026-05-26 21:17,2026-05-27 09:00,2026-05-27 09:30,2026-05-27 09:30,2026-05-28 15:10,2026-05-29 13:10,2026-05-29 13:10,2026-05-29 13:40,2026-05-29 13:41,2026-05-29 13:41,2026-05-29 15:30,2026-05-29 15:32,2026-05-29 15:32,2026-05-30 09:35,2026-05-30 10:10
NonCerv-000154-S3,NonCerv-000154,NonCerv-000154,NonCerv-000154-S3,0,,2026-05-26 09:17,2026-05-26 09:17,2026-05-26 21:17,2026-05-26 21:17,2026-05-27 09:00,2026-05-27 09:30,2026-05-27 09:30,2026-05-28 15:10,2026-05-29 13:10,2026-05-29 13:10,2026-05-29 13:41,2026-05-29 13:42,2026-05-29 13:42,2026-05-29 15:32,2026-05-29 15:34,2026-05-29 15:34,2026-05-30 09:35,2026-05-30 10:10
NonCerv-000154-S4,NonCerv-000154,NonCerv-000154,NonCerv-000154-S4,0,,2026-05-26 09:17,2026-05-26 09:17,2026-05-26 21:17,2026-05-26 21:17,2026-05-27 09:00,2026-05-27 09:30,2026-05-27 09:30,2026-05-28 15:10,2026-05-29 13:10,2026-05-29 13:10,2026-05-29 13:42,2026-05-29 13:43,2026-05-29 13:43,2026-05-29 15:34,2026-05-29 15:36,2026-05-29 15:36,2026-05-30 09:35,2026-05-30 10:10
NonCerv-000154-S5,NonCerv-000154,NonCerv-000154,NonCerv-000154-S5,0,,2026-05-26 09:17,2026-05-26 09:17,2026-05-26 21:17,2026-05-26 21:17,2026-05-27 09:00,2026-05-27 09:30,2026-05-27 09:30,2026-05-28 15:10,2026-05-29 13:10,2026-05-29 13:10,2026-05-29 13:43,2026-05-29 13:44,2026-05-29 13:44,2026-05-29 15:36,2026-05-29 15:38,2026-05-29 15:38,2026-05-30 09:35,2026-05-30 10:10
NonCerv-000154-S6,NonCerv-000154,NonCerv-000154,NonCerv-000154-S6,0,,2026-05-26 09:17,2026-05-26 09:17,2026-05-26 21:17,2026-05-26 21:17,2026-05-27 09:00,2026-05-27 09:30,2026-05-27 09:30,2026-05-28 15:10,2026-05-29 13:10,2026-05-29 13:10,2026-05-29 13:44,2026-05-29 13:45,2026-05-29 13:45,2026-05-29 15:38,2026-05-29 15:40,2026-05-29 15:40,2026-05-30 09:35,2026-05-30 10:10
NonCerv-000154-S7,NonCerv-000154,NonCerv-000154,NonCerv-000154-S7,0,,2026-05-26 09:17,2026-05-26 09:17,2026-05-26 21:17,2026-05-26 21:17,2026-05-27 09:00,2026-05-27 09:30,2026-05-27 09:30,2026-05-28 15:10,2026-05-29 13:10,2026-05-29 13:10,2026-05-29 13:45,2026-05-29 13:46,2026-05-29 13:46,2026-05-29 15:40,2026-05-29 15:42,2026-05-29 15:42,2026-05-30 09:35,2026-05-30 10:10
NonCerv-000154-S8,NonCerv-000154,NonCerv-000154,NonCerv-000154-S8,0,,2026-05-26 09:17,2026-05-26 09:17,2026-05-26 21:17,2026-05-26 21:17,2026-05-27 09:00,2026-05-27 09:30,2026-05-27 09:30,2026-05-28 15:10,2026-05-29 13:10,2026-05-29 13:10,2026-05-29 13:46,2026-05-29 13:47,2026-05-29 13:47,2026-05-29 15:42,2026-05-29 15:44,2026-05-29 15:44,2026-05-30 09:35,2026-05-30 10:10
NonCerv-000154-S9,NonCerv-000154,NonCerv-000154,NonCerv-000154-S9,0,,2026-05-26 09:17,2026-05-26 09:17,2026-05-26 21:17,2026-05-26 21:17,2026-05-27 09:00,2026-05-27 09:30,2026-05-27 09:30,2026-05-28 15:10,2026-05-29 13:10,2026-05-29 13:10,2026-05-29 13:47,2026-05-29 13:48,2026-05-29 13:48,2026-05-29 15:44,2026-05-29 15:46,2026-05-29 15:46,2026-05-30 09:35,2026-05-30 10:10
NonCerv-000154-S10,NonCerv-000154,NonCerv-000154,NonCerv-000154-S10,0,,2026-05-26 09:17,2026-05-26 09:17,2026-05-26 21:17,2026-05-26 21:17,2026-05-27 09:00,2026-05-27 09:30,2026-05-27 09:30,2026-05-28 15:10,2026-05-29 13:10,2026-05-29 13:10,2026-05-29 13:48,2026-05-29 13:49,2026-05-29 13:49,2026-05-29 15:46,2026-05-29 15:48,2026-05-29 15:48,2026-05-30 09:35,2026-05-30 10:10
NonCerv-000155-S1,NonCerv-000155,NonCerv-000155,NonCerv-000155-S1,0,,2026-05-26 09:49,2026-05-26 09:49,2026-05-26 21:49,2026-05-26 21:49,2026-05-27 09:10,2026-05-27 09:40,2026-05-27 09:40,2026-05-28 15:10,2026-05-29 13:10,2026-05-29 13:10,2026-05-29 13:49,2026-05-29 13:50,2026-05-29 13:50,2026-05-29 15:48,2026-05-29 15:50,2026-05-29 15:50,2026-05-30 09:35,2026-05-30 10:10
NonCerv-000155-S2,NonCerv-000155,NonCerv-000155,NonCerv-000155-S2,0,,2026-05-26 09:49,2026-05-26 09:49,2026-05-26 21:49,2026-05-26 21:49,2026-05-27 09:10,2026-05-27 09:40,2026-05-27 09:40,2026-05-28 15:10,2026-05-29 13:10,2026-05-29 13:10,2026-05-29 13:50,2026-05-29 13:51,2026-05-29 13:51,2026-05-29 15:50,2026-05-29 15:52,2026-05-29 15:52,2026-05-30 10:10,2026-05-30 10:45
NonCerv-000155-S3,NonCerv-000155,NonCerv-000155,NonCerv-000155-S3,0,,2026-05-26 09:49,2026-05-26 09:49,2026-05-26 21:49,2026-05-26 21:49,2026-05-27 09:10,2026-05-27 09:40,2026-05-27 09:40,2026-05-28 15:10,2026-05-29 13:10,2026-05-29 13:10,2026-05-29 13:51,2026-05-29 13:52,2026-05-29 13:52,2026-05-29 15:52,2026-05-29 15:54,2026-05-29 15:54,2026-05-30 10:10,2026-05-30 10:45
NonCerv-000155-S4,NonCerv-000155,NonCerv-000155,NonCerv-000155-S4,0,,2026-05-26 09:49,2026-05-26 09:49,2026-05-26 21:49,2026-05-26 21:49,2026-05-27 09:10,2026-05-27 09:40,2026-05-27 09:40,2026-05-28 15:10,2026-05-29 13:10,2026-05-29 13:10,2026-05-29 13:52,2026-05-29 13:53,2026-05-29 13:53,2026-05-29 15:54,2026-05-29 15:56,2026-05-29 15:56,2026-05-30 10:10,2026-05-30 10:45
NonCerv-000155-S5,NonCerv-000155,NonCerv-000155,NonCerv-000155-S5,0,,2026-05-26 09:49,2026-05-26 09:49,2026-05-26 21:49,2026-05-26 21:49,2026-05-27 09:10,2026-05-27 09:40,2026-05-27 09:40,2026-05-28 15:10,2026-05-29 13:10,2026-05-29 13:10,2026-05-29 13:53,2026-05-29 13:54,2026-05-29 13:54,2026-05-29 15:56,2026-05-29 15:58,2026-05-29 15:58,2026-05-30 10:10,2026-05-30 10:45
NonCerv-000155-S6,NonCerv-000155,NonCerv-000155,NonCerv-000155-S6,0,,2026-05-26 09:49,2026-05-26 09:49,2026-05-26 21:49,2026-05-26 21:49,2026-05-27 09:10,2026-05-27 09:40,2026-05-27 09:40,2026-05-28 15:10,2026-05-29 13:10,2026-05-29 13:10,2026-05-29 13:54,2026-05-29 13:55,2026-05-29 13:55,2026-05-29 15:58,2026-05-29 16:00,2026-05-29 16:00,2026-05-30 10:10,2026-05-30 10:45
NonCerv-000155-S7,NonCerv-000155,NonCerv-000155,NonCerv-000155-S7,0,,2026-05-26 09:49,2026-05-26 09:49,2026-05-26 21:49,2026-05-26 21:49,2026-05-27 09:10,2026-05-27 09:40,2026-05-27 09:40,2026-05-28 15:10,2026-05-29 13:10,2026-05-29 13:10,2026-05-29 13:55,2026-05-29 13:56,2026-05-29 13:56,2026-05-29 16:00,2026-05-29 16:02,2026-05-29 16:02,2026-05-30 10:10,2026-05-30 10:45
NonCerv-000155-S8,NonCerv-000155,NonCerv-000155,NonCerv-000155-S8,0,,2026-05-26 09:49,2026-05-26 09:49,2026-05-26 21:49,2026-05-26 21:49,2026-05-27 09:10,2026-05-27 09:40,2026-05-27 09:40,2026-05-28 15:10,2026-05-29 13:10,2026-05-29 13:10,2026-05-29 13:56,2026-05-29 13:57,2026-05-29 13:57,2026-05-29 16:02,2026-05-29 16:04,2026-05-29 16:04,2026-05-30 10:10,2026-05-30 10:45
NonCerv-000155-S9,NonCerv-000155,NonCerv-000155,NonCerv-000155-S9,0,,2026-05-26 09:49,2026-05-26 09:49,2026-05-26 21:49,2026-05-26 21:49,2026-05-27 09:10,2026-05-27 09:40,2026-05-27 09:40,2026-05-28 15:10,2026-05-29 13:10,2026-05-29 13:10,2026-05-29 13:57,2026-05-29 13:58,2026-05-29 13:58,2026-05-29 16:04,2026-05-29 16:06,2026-05-29 16:06,2026-05-30 10:10,2026-05-30 10:45
NonCerv-000155-S10,NonCerv-000155,NonCerv-000155,NonCerv-000155-S10,0,,2026-05-26 09:49,2026-05-26 09:49,2026-05-26 21:49,2026-05-26 21:49,2026-05-27 09:10,2026-05-27 09:40,2026-05-27 09:40,2026-05-28 15:10,2026-05-29 13:10,2026-05-29 13:10,2026-05-29 13:58,2026-05-29 13:59,2026-05-29 13:59,2026-05-29 16:06,2026-05-29 16:08,2026-05-29 16:08,2026-05-30 10:10,2026-05-30 10:45
Cerv-000055-S1,Cerv-000055,Cerv-000055,Cerv-000055-S1,0,,2026-05-27 09:00,2026-05-27 09:00,2026-05-27 15:00,2026-05-27 15:00,2026-05-27 15:00,2026-05-27 15:10,2026-05-27 15:10,2026-05-28 15:10,2026-05-29 13:10,2026-05-29 13:10,2026-05-29 13:59,2026-05-29 14:00,2026-05-29 14:00,2026-05-29 16:08,2026-05-29 16:10,2026-05-29 16:10,2026-05-30 10:10,2026-05-30 10:45
NonCerv-000158-S1,NonCerv-000158,NonCerv-000158,NonCerv-000158-S1,0,,2026-05-27 09:00,2026-05-27 09:00,2026-05-27 15:00,2026-05-27 15:00,2026-05-27 15:00,2026-05-27 15:10,2026-05-27 15:10,2026-05-28 15:10,2026-05-29 13:10,2026-05-29 13:10,2026-05-29 14:00,2026-05-29 14:01,2026-05-29 14:01,2026-05-29 16:10,2026-05-29 16:12,2026-05-29 16:12,2026-05-30 10:10,2026-05-30 10:45
NonCerv-000159-S1,NonCerv-000159,NonCerv-000159,NonCerv-000159-S1,0,,2026-05-27 09:23,2026-05-27 09:23,2026-05-27 15:23,2026-05-27 15:23,2026-05-27 15:23,2026-05-27 15:33,2026-05-27 15:33,2026-05-28 15:10,2026-05-29 13:10,2026-05-29 13:10,2026-05-29 14:01,2026-05-29 14:02,2026-05-29 14:02,2026-05-29 16:12,2026-05-29 16:14,2026-05-29 16:14,2026-05-30 10:10,2026-05-30 10:45
Cerv-000056-S1,Cerv-000056,Cerv-000056,Cerv-000056-S1,0,,2026-05-27 09:28,2026-05-27 09:28,2026-05-27 15:28,2026-05-27 15:28,2026-05-27 15:28,2026-05-27 15:38,2026-05-27 15:38,2026-05-28 15:10,2026-05-29 13:10,2026-05-29 13:10,2026-05-29 14:02,2026-05-29 14:03,2026-05-29 14:03,2026-05-29 16:14,2026-05-29 16:16,2026-05-29 16:16,2026-05-30 10:10,2026-05-30 10:45
NonCerv-000160-S1,NonCerv-000160,NonCerv-000160,NonCerv-000160-S1,0,,2026-05-27 09:47,2026-05-27 09:47,2026-05-27 15:47,2026-05-27 15:47,2026-05-27 15:47,2026-05-27 15:57,2026-05-27 15:57,2026-05-28 15:10,2026-05-29 13:10,2026-05-29 13:10,2026-05-29 14:03,2026-05-29 14:04,2026-05-29 14:04,2026-05-29 16:16,2026-05-29 16:18,2026-05-29 16:18,2026-05-30 10:10,2026-05-30 10:45
Cerv-000057-S1,Cerv-000057,Cerv-000057,Cerv-000057-S1,0,,2026-05-27 10:08,2026-05-27 10:08,2026-05-27 16:08,2026-05-27 16:08,2026-05-27 16:08,2026-05-27 16:18,2026-05-27 16:18,2026-05-28 15:10,2026-05-29 13:10,2026-05-29 13:10,2026-05-29 14:04,2026-05-29 14:05,2026-05-29 14:05,2026-05-29 16:18,2026-05-29 16:20,2026-05-29 16:20,2026-05-30 10:10,2026-05-30 10:45
NonCerv-000166-S1,NonCerv-000166,NonCerv-000166,NonCerv-000166-S1,0,,2026-05-27 16:13,2026-05-27 16:13,2026-05-27 22:13,2026-05-27 22:13,2026-05-28 09:00,2026-05-28 09:10,2026-05-28 09:10,2026-05-28 15:10,2026-05-29 13:10,2026-05-29 13:10,2026-05-29 14:05,2026-05-29 14:06,2026-05-29 14:06,2026-05-29 16:20,2026-05-29 16:22,2026-05-29 16:22,2026-05-30 10:10,2026-05-30 10:45
NonCerv-000164-S1,NonCerv-000164,NonCerv-000164,NonCerv-000164-S1,0,,2026-05-27 12:47,2026-05-27 12:47,2026-05-28 00:47,2026-05-28 00:47,2026-05-28 09:00,2026-05-28 09:30,2026-05-28 09:30,2026-05-28 15:10,2026-05-29 13:10,2026-05-29 13:10,2026-05-29 14:06,2026-05-29 14:07,2026-05-29 14:07,2026-05-29 16:22,2026-05-29 16:24,2026-05-29 16:24,2026-05-30 10:10,2026-05-30 10:45
NonCerv-000164-S2,NonCerv-000164,NonCerv-000164,NonCerv-000164-S2,0,,2026-05-27 12:47,2026-05-27 12:47,2026-05-28 00:47,2026-05-28 00:47,2026-05-28 09:00,2026-05-28 09:30,2026-05-28 09:30,2026-05-28 15:10,2026-05-29 13:10,2026-05-29 13:10,2026-05-29 14:07,2026-05-29 14:08,2026-05-29 14:08,2026-05-29 16:24,2026-05-29 16:26,2026-05-29 16:26,2026-05-30 10:10,2026-05-30 10:45
NonCerv-000164-S3,NonCerv-000164,NonCerv-000164,NonCerv-000164-S3,0,,2026-05-27 12:47,2026-05-27 12:47,2026-05-28 00:47,2026-05-28 00:47,2026-05-28 09:00,2026-05-28 09:30,2026-05-28 09:30,2026-05-28 15:10,2026-05-29 13:10,2026-05-29 13:10,2026-05-29 14:08,2026-05-29 14:09,2026-05-29 14:09,2026-05-29 16:26,2026-05-29 16:28,2026-05-29 16:28,2026-05-30 10:10,2026-05-30 10:45
NonCerv-000164-S4,NonCerv-000164,NonCerv-000164,NonCerv-000164-S4,0,,2026-05-27 12:47,2026-05-27 12:47,2026-05-28 00:47,2026-05-28 00:47,2026-05-28 09:00,2026-05-28 09:30,2026-05-28 09:30,2026-05-28 15:10,2026-05-29 13:10,2026-05-29 13:10,2026-05-29 14:09,2026-05-29 14:10,2026-05-29 14:10,2026-05-29 16:28,2026-05-29 16:30,2026-05-29 16:30,2026-05-30 10:10,2026-05-30 10:45
NonCerv-000164-S5,NonCerv-000164,NonCerv-000164,NonCerv-000164-S5,0,,2026-05-27 12:47,2026-05-27 12:47,2026-05-28 00:47,2026-05-28 00:47,2026-05-28 09:00,2026-05-28 09:30,2026-05-28 09:30,2026-05-28 15:10,2026-05-29 13:10,2026-05-29 13:10,2026-05-29 14:10,2026-05-29 14:11,2026-05-29 14:11,2026-05-29 16:30,2026-05-29 16:32,2026-05-29 16:32,2026-05-30 10:10,2026-05-30 10:45
NonCerv-000164-S6,NonCerv-000164,NonCerv-000164,NonCerv-000164-S6,0,,2026-05-27 12:47,2026-05-27 12:47,2026-05-28 00:47,2026-05-28 00:47,2026-05-28 09:00,2026-05-28 09:30,2026-05-28 09:30,2026-05-28 15:10,2026-05-29 13:10,2026-05-29 13:10,2026-05-29 14:11,2026-05-29 14:12,2026-05-29 14:12,2026-05-29 16:32,2026-05-29 16:34,2026-05-29 16:34,2026-05-30 10:10,2026-05-30 10:45
NonCerv-000164-S7,NonCerv-000164,NonCerv-000164,NonCerv-000164-S7,0,,2026-05-27 12:47,2026-05-27 12:47,2026-05-28 00:47,2026-05-28 00:47,2026-05-28 09:00,2026-05-28 09:30,2026-05-28 09:30,2026-05-28 15:10,2026-05-29 13:10,2026-05-29 13:10,2026-05-29 14:12,2026-05-29 14:13,2026-05-29 14:13,2026-05-29 16:34,2026-05-29 16:36,2026-05-29 16:36,2026-05-30 10:10,2026-05-30 10:45
NonCerv-000164-S8,NonCerv-000164,NonCerv-000164,NonCerv-000164-S8,0,,2026-05-27 12:47,2026-05-27 12:47,2026-05-28 00:47,2026-05-28 00:47,2026-05-28 09:00,2026-05-28 09:30,2026-05-28 09:30,2026-05-28 15:10,2026-05-29 13:10,2026-05-29 13:10,2026-05-29 14:13,2026-05-29 14:14,2026-05-29 14:14,2026-05-29 16:36,2026-05-29 16:38,2026-05-29 16:38,2026-05-30 10:10,2026-05-30 10:45
NonCerv-000164-S9,NonCerv-000164,NonCerv-000164,NonCerv-000164-S9,0,,2026-05-27 12:47,2026-05-27 12:47,2026-05-28 00:47,2026-05-28 00:47,2026-05-28 09:00,2026-05-28 09:30,2026-05-28 09:30,2026-05-28 15:10,2026-05-29 13:10,2026-05-29 13:10,2026-05-29 14:14,2026-05-29 14:15,2026-05-29 14:15,2026-05-29 16:38,2026-05-29 16:40,2026-05-29 16:40,2026-05-30 10:10,2026-05-30 10:45
NonCerv-000164-S10,NonCerv-000164,NonCerv-000164,NonCerv-000164-S10,0,,2026-05-27 12:47,2026-05-27 12:47,2026-05-28 00:47,2026-05-28 00:47,2026-05-28 09:00,2026-05-28 09:30,2026-05-28 09:30,2026-05-28 15:10,2026-05-29 13:10,2026-05-29 13:10,2026-05-29 14:15,2026-05-29 14:16,2026-05-29 14:16,2026-05-29 16:40,2026-05-29 16:42,2026-05-29 16:42,2026-05-30 10:45,2026-05-30 11:20
NonCerv-000163-S1,NonCerv-000163,NonCerv-000163,NonCerv-000163-S1,0,,2026-05-27 12:09,2026-05-27 12:09,2026-05-27 18:09,2026-05-27 18:09,2026-05-28 09:30,2026-05-28 09:40,2026-05-28 09:40,2026-05-28 15:10,2026-05-29 13:10,2026-05-29 13:10,2026-05-29 14:16,2026-05-29 14:17,2026-05-29 14:17,2026-05-29 16:42,2026-05-29 16:44,2026-05-29 16:44,2026-05-30 10:45,2026-05-30 11:20
NonCerv-000161-S1,NonCerv-000161,NonCerv-000161,NonCerv-000161-S1,0,,2026-05-27 10:36,2026-05-27 10:36,2026-05-27 22:36,2026-05-27 22:36,2026-05-28 09:10,2026-05-28 09:40,2026-05-28 09:40,2026-05-28 15:10,2026-05-29 13:10,2026-05-29 13:10,2026-05-29 14:17,2026-05-29 14:18,2026-05-29 14:18,2026-05-29 16:44,2026-05-29 16:46,2026-05-29 16:46,2026-05-30 10:45,2026-05-30 11:20
NonCerv-000161-S2,NonCerv-000161,NonCerv-000161,NonCerv-000161-S2,0,,2026-05-27 10:36,2026-05-27 10:36,2026-05-27 22:36,2026-05-27 22:36,2026-05-28 09:10,2026-05-28 09:40,2026-05-28 09:40,2026-05-28 15:10,2026-05-29 13:10,2026-05-29 13:10,2026-05-29 14:18,2026-05-29 14:19,2026-05-29 14:19,2026-05-29 16:46,2026-05-29 16:48,2026-05-29 16:48,2026-05-30 10:45,2026-05-30 11:20
NonCerv-000161-S3,NonCerv-000161,NonCerv-000161,NonCerv-000161-S3,0,,2026-05-27 10:36,2026-05-27 10:36,2026-05-27 22:36,2026-05-27 22:36,2026-05-28 09:10,2026-05-28 09:40,2026-05-28 09:40,2026-05-28 15:10,2026-05-29 13:10,2026-05-29 13:10,2026-05-29 14:19,2026-05-29 14:20,2026-05-29 14:20,2026-05-29 16:48,2026-05-29 16:50,2026-05-29 16:50,2026-05-30 10:45,2026-05-30 11:20
NonCerv-000161-S4,NonCerv-000161,NonCerv-000161,NonCerv-000161-S4,0,,2026-05-27 10:36,2026-05-27 10:36,2026-05-27 22:36,2026-05-27 22:36,2026-05-28 09:10,2026-05-28 09:40,2026-05-28 09:40,2026-05-28 15:10,2026-05-29 13:10,2026-05-29 13:10,2026-05-29 14:20,2026-05-29 14:21,2026-05-29 14:21,2026-05-29 16:50,2026-05-29 16:52,2026-05-29 16:52,2026-05-30 10:45,2026-05-30 11:20
NonCerv-000161-S5,NonCerv-000161,NonCerv-000161,NonCerv-000161-S5,0,,2026-05-27 10:36,2026-05-27 10:36,2026-05-27 22:36,2026-05-27 22:36,2026-05-28 09:10,2026-05-28 09:40,2026-05-28 09:40,2026-05-28 15:10,2026-05-29 13:10,2026-05-29 13:10,2026-05-29 14:21,2026-05-29 14:22,2026-05-29 14:22,2026-05-29 16:52,2026-05-29 16:54,2026-05-29 16:54,2026-05-30 10:45,2026-05-30 11:20
NonCerv-000161-S6,NonCerv-000161,NonCerv-000161,NonCerv-000161-S6,0,,2026-05-27 10:36,2026-05-27 10:36,2026-05-27 22:36,2026-05-27 22:36,2026-05-28 09:10,2026-05-28 09:40,2026-05-28 09:40,2026-05-28 15:10,2026-05-29 13:10,2026-05-29 13:10,2026-05-29 14:22,2026-05-29 14:23,2026-05-29 14:23,2026-05-29 16:54,2026-05-29 16:56,2026-05-29 16:56,2026-05-30 10:45,2026-05-30 11:20
NonCerv-000161-S7,NonCerv-000161,NonCerv-000161,NonCerv-000161-S7,0,,2026-05-27 10:36,2026-05-27 10:36,2026-05-27 22:36,2026-05-27 22:36,2026-05-28 09:10,2026-05-28 09:40,2026-05-28 09:40,2026-05-28 15:10,2026-05-29 13:10,2026-05-29 13:10,2026-05-29 14:23,2026-05-29 14:24,2026-05-29 14:24,2026-05-29 16:56,2026-05-29 16:58,2026-05-29 16:58,2026-05-30 10:45,2026-05-30 11:20
NonCerv-000161-S8,NonCerv-000161,NonCerv-000161,NonCerv-000161-S8,0,,2026-05-27 10:36,2026-05-27 10:36,2026-05-27 22:36,2026-05-27 22:36,2026-05-28 09:10,2026-05-28 09:40,2026-05-28 09:40,2026-05-28 15:10,2026-05-29 13:10,2026-05-29 13:10,2026-05-29 14:24,2026-05-29 14:25,2026-05-29 14:25,2026-05-29 16:58,2026-05-29 17:00,2026-05-29 17:00,2026-05-30 10:45,2026-05-30 11:20
NonCerv-000161-S9,NonCerv-000161,NonCerv-000161,NonCerv-000161-S9,0,,2026-05-27 10:36,2026-05-27 10:36,2026-05-27 22:36,2026-05-27 22:36,2026-05-28 09:10,2026-05-28 09:40,2026-05-28 09:40,2026-05-28 15:10,2026-05-29 13:10,2026-05-29 13:10,2026-05-29 14:25,2026-05-29 14:26,2026-05-29 14:26,2026-05-29 17:00,2026-05-29 17:02,2026-05-29 17:02,2026-05-30 10:45,2026-05-30 11:20
NonCerv-000161-S10,NonCerv-000161,NonCerv-000161,NonCerv-000161-S10,0,,2026-05-27 10:36,2026-05-27 10:36,2026-05-27 22:36,2026-05-27 22:36,2026-05-28 09:10,2026-05-28 09:40,2026-05-28 09:40,2026-05-28 15:10,2026-05-29 13:10,2026-05-29 13:10,2026-05-29 14:26,2026-05-29 14:27,2026-05-29 14:27,2026-05-29 17:02,2026-05-29 17:04,2026-05-29 17:04,2026-05-30 10:45,2026-05-30 11:20
NonCerv-000162-S1,NonCerv-000162,NonCerv-000162,NonCerv-000162-S1,0,,2026-05-27 11:18,2026-05-27 11:18,2026-05-27 17:18,2026-05-27 17:18,2026-05-28 09:40,2026-05-28 09:50,2026-05-28 09:50,2026-05-28 15:10,2026-05-29 13:10,2026-05-29 13:10,2026-05-29 14:27,2026-05-29 14:28,2026-05-29 14:28,2026-05-29 17:04,2026-05-29 17:06,2026-05-29 17:06,2026-05-30 10:45,2026-05-30 11:20
NonCerv-000167-S1,NonCerv-000167,NonCerv-000167,NonCerv-000167-S1,0,,2026-05-27 16:32,2026-05-27 16:32,2026-05-27 22:32,2026-05-27 22:32,2026-05-28 09:40,2026-05-28 09:50,2026-05-28 09:50,2026-05-28 15:10,2026-05-29 13:10,2026-05-29 13:10,2026-05-29 14:28,2026-05-29 14:29,2026-05-29 14:29,2026-05-29 17:06,2026-05-29 17:08,2026-05-29 17:08,2026-05-30 10:45,2026-05-30 11:20
NonCerv-000118-R1-S1,NonCerv-000118,NonCerv-000118-R1,,1,senior_pathologist,2026-05-18 14:20,2026-05-18 14:20,2026-05-18 20:20,2026-05-18 20:20,2026-05-19 09:20,2026-05-19 09:30,N/A,N/A,N/A,N/A,N/A,N/A,2026-05-28 10:18,2026-05-28 10:18,2026-05-28 10:20,2026-05-28 10:20,2026-05-28 10:28,2026-05-28 11:03
NonCerv-000118-R1-S2,NonCerv-000118,NonCerv-000118-R1,,1,senior_pathologist,2026-05-18 14:20,2026-05-18 14:20,2026-05-18 20:20,2026-05-18 20:20,2026-05-19 09:20,2026-05-19 09:30,N/A,N/A,N/A,N/A,N/A,N/A,2026-05-28 10:18,2026-05-28 10:20,2026-05-28 10:22,2026-05-28 10:22,2026-05-28 10:28,2026-05-28 11:03
NonCerv-000118-R1-S3,NonCerv-000118,NonCerv-000118-R1,,1,senior_pathologist,2026-05-18 14:20,2026-05-18 14:20,2026-05-18 20:20,2026-05-18 20:20,2026-05-19 09:20,2026-05-19 09:30,N/A,N/A,N/A,N/A,N/A,N/A,2026-05-28 10:18,2026-05-28 10:22,2026-05-28 10:24,2026-05-28 10:24,2026-05-28 10:28,2026-05-28 11:03
NonCerv-000118-R1-S4,NonCerv-000118,NonCerv-000118-R1,,1,senior_pathologist,2026-05-18 14:20,2026-05-18 14:20,2026-05-18 20:20,2026-05-18 20:20,2026-05-19 09:20,2026-05-19 09:30,N/A,N/A,N/A,N/A,N/A,N/A,2026-05-28 10:18,2026-05-28 10:24,2026-05-28 10:26,2026-05-28 10:26,2026-05-28 10:28,2026-05-28 11:03
NonCerv-000118-R1-S5,NonCerv-000118,NonCerv-000118-R1,,1,senior_pathologist,2026-05-18 14:20,2026-05-18 14:20,2026-05-18 20:20,2026-05-18 20:20,2026-05-19 09:20,2026-05-19 09:30,N/A,N/A,N/A,N/A,N/A,N/A,2026-05-28 10:18,2026-05-28 10:26,2026-05-28 10:28,2026-05-28 10:28,2026-05-28 10:28,2026-05-28 11:03
NonCerv-000165-S1,NonCerv-000165,NonCerv-000165,NonCerv-000165-S1,0,,2026-05-27 14:12,2026-05-27 14:12,2026-05-28 02:12,2026-05-28 02:12,2026-05-28 09:50,2026-05-28 10:20,2026-05-28 10:20,2026-05-28 15:10,2026-05-29 13:10,2026-05-29 13:10,2026-05-29 14:29,2026-05-29 14:30,2026-05-29 14:30,2026-05-29 17:08,2026-05-29 17:10,2026-05-29 17:10,2026-05-30 10:45,2026-05-30 11:20
NonCerv-000165-S2,NonCerv-000165,NonCerv-000165,NonCerv-000165-S2,0,,2026-05-27 14:12,2026-05-27 14:12,2026-05-28 02:12,2026-05-28 02:12,2026-05-28 09:50,2026-05-28 10:20,2026-05-28 10:20,2026-05-28 15:10,2026-05-29 13:10,2026-05-29 13:10,2026-05-29 14:30,2026-05-29 14:31,2026-05-29 14:31,2026-05-29 17:10,2026-05-29 17:12,2026-05-29 17:12,2026-05-30 10:45,2026-05-30 11:20
NonCerv-000165-S3,NonCerv-000165,NonCerv-000165,NonCerv-000165-S3,0,,2026-05-27 14:12,2026-05-27 14:12,2026-05-28 02:12,2026-05-28 02:12,2026-05-28 09:50,2026-05-28 10:20,2026-05-28 10:20,2026-05-28 15:10,2026-05-29 13:10,2026-05-29 13:10,2026-05-29 14:31,2026-05-29 14:32,2026-05-29 14:32,2026-05-29 17:12,2026-05-29 17:14,2026-05-29 17:14,2026-05-30 10:45,2026-05-30 11:20
NonCerv-000165-S4,NonCerv-000165,NonCerv-000165,NonCerv-000165-S4,0,,2026-05-27 14:12,2026-05-27 14:12,2026-05-28 02:12,2026-05-28 02:12,2026-05-28 09:50,2026-05-28 10:20,2026-05-28 10:20,2026-05-28 15:10,2026-05-29 13:10,2026-05-29 13:10,2026-05-29 14:32,2026-05-29 14:33,2026-05-29 14:33,2026-05-29 17:14,2026-05-29 17:16,2026-05-29 17:16,2026-05-30 10:45,2026-05-30 11:20
NonCerv-000165-S5,NonCerv-000165,NonCerv-000165,NonCerv-000165-S5,0,,2026-05-27 14:12,2026-05-27 14:12,2026-05-28 02:12,2026-05-28 02:12,2026-05-28 09:50,2026-05-28 10:20,2026-05-28 10:20,2026-05-28 15:10,2026-05-29 13:10,2026-05-29 13:10,2026-05-29 14:33,2026-05-29 14:34,2026-05-29 14:34,2026-05-29 17:16,2026-05-29 17:18,2026-05-29 17:18,2026-05-30 10:45,2026-05-30 11:20
NonCerv-000165-S6,NonCerv-000165,NonCerv-000165,NonCerv-000165-S6,0,,2026-05-27 14:12,2026-05-27 14:12,2026-05-28 02:12,2026-05-28 02:12,2026-05-28 09:50,2026-05-28 10:20,2026-05-28 10:20,2026-05-28 15:10,2026-05-29 13:10,2026-05-29 13:10,2026-05-29 14:34,2026-05-29 14:35,2026-05-29 14:35,2026-05-29 17:18,2026-05-29 17:20,2026-05-29 17:20,2026-05-30 10:45,2026-05-30 11:20
NonCerv-000165-S7,NonCerv-000165,NonCerv-000165,NonCerv-000165-S7,0,,2026-05-27 14:12,2026-05-27 14:12,2026-05-28 02:12,2026-05-28 02:12,2026-05-28 09:50,2026-05-28 10:20,2026-05-28 10:20,2026-05-28 15:10,2026-05-29 13:10,2026-05-29 13:10,2026-05-29 14:35,2026-05-29 14:36,2026-05-29 14:36,2026-05-30 09:00,2026-05-30 09:02,2026-05-30 09:02,2026-05-30 10:45,2026-05-30 11:20
NonCerv-000165-S8,NonCerv-000165,NonCerv-000165,NonCerv-000165-S8,0,,2026-05-27 14:12,2026-05-27 14:12,2026-05-28 02:12,2026-05-28 02:12,2026-05-28 09:50,2026-05-28 10:20,2026-05-28 10:20,2026-05-28 15:10,2026-05-29 13:10,2026-05-29 13:10,2026-05-29 14:36,2026-05-29 14:37,2026-05-29 14:37,2026-05-30 09:02,2026-05-30 09:04,2026-05-30 09:04,2026-05-30 10:45,2026-05-30 11:20
NonCerv-000165-S9,NonCerv-000165,NonCerv-000165,NonCerv-000165-S9,0,,2026-05-27 14:12,2026-05-27 14:12,2026-05-28 02:12,2026-05-28 02:12,2026-05-28 09:50,2026-05-28 10:20,2026-05-28 10:20,2026-05-28 15:10,2026-05-29 13:10,2026-05-29 13:10,2026-05-29 14:37,2026-05-29 14:38,2026-05-29 14:38,2026-05-30 09:04,2026-05-30 09:06,2026-05-30 09:06,2026-05-30 10:45,2026-05-30 11:20
NonCerv-000165-S10,NonCerv-000165,NonCerv-000165,NonCerv-000165-S10,0,,2026-05-27 14:12,2026-05-27 14:12,2026-05-28 02:12,2026-05-28 02:12,2026-05-28 09:50,2026-05-28 10:20,2026-05-28 10:20,2026-05-28 15:10,2026-05-29 13:10,2026-05-29 13:10,2026-05-29 14:38,2026-05-29 14:39,2026-05-29 14:39,2026-05-30 09:06,2026-05-30 09:08,2026-05-30 09:08,2026-05-30 10:45,2026-05-30 11:20
NonCerv-000121-R1-S1,NonCerv-000121,NonCerv-000121-R1,,1,senior_pathologist,2026-05-19 09:37,2026-05-19 09:37,2026-05-19 15:37,2026-05-19 15:37,2026-05-19 15:37,2026-05-19 15:47,N/A,N/A,N/A,N/A,N/A,N/A,2026-05-28 10:22,2026-05-28 10:28,2026-05-28 10:30,2026-05-28 10:30,2026-05-28 11:28,2026-05-28 12:03
NonCerv-000121-R1-S2,NonCerv-000121,NonCerv-000121-R1,,1,senior_pathologist,2026-05-19 09:37,2026-05-19 09:37,2026-05-19 15:37,2026-05-19 15:37,2026-05-19 15:37,2026-05-19 15:47,N/A,N/A,N/A,N/A,N/A,N/A,2026-05-28 10:22,2026-05-28 10:30,2026-05-28 10:32,2026-05-28 10:32,2026-05-28 11:28,2026-05-28 12:03
NonCerv-000121-R1-S3,NonCerv-000121,NonCerv-000121-R1,,1,senior_pathologist,2026-05-19 09:37,2026-05-19 09:37,2026-05-19 15:37,2026-05-19 15:37,2026-05-19 15:37,2026-05-19 15:47,N/A,N/A,N/A,N/A,N/A,N/A,2026-05-28 10:22,2026-05-28 10:32,2026-05-28 10:34,2026-05-28 10:34,2026-05-28 11:28,2026-05-28 12:03
NonCerv-000121-R1-S4,NonCerv-000121,NonCerv-000121-R1,,1,senior_pathologist,2026-05-19 09:37,2026-05-19 09:37,2026-05-19 15:37,2026-05-19 15:37,2026-05-19 15:37,2026-05-19 15:47,N/A,N/A,N/A,N/A,N/A,N/A,2026-05-28 10:22,2026-05-28 10:34,2026-05-28 10:36,2026-05-28 10:36,2026-05-28 11:28,2026-05-28 12:03
NonCerv-000121-R1-S5,NonCerv-000121,NonCerv-000121-R1,,1,senior_pathologist,2026-05-19 09:37,2026-05-19 09:37,2026-05-19 15:37,2026-05-19 15:37,2026-05-19 15:37,2026-05-19 15:47,N/A,N/A,N/A,N/A,N/A,N/A,2026-05-28 10:22,2026-05-28 10:36,2026-05-28 10:38,2026-05-28 10:38,2026-05-28 11:28,2026-05-28 12:03
NonCerv-000125-R1-S1,NonCerv-000125,NonCerv-000125-R1,,1,senior_pathologist,2026-05-20 09:00,2026-05-20 09:00,2026-05-20 15:00,2026-05-20 15:00,2026-05-20 15:00,2026-05-20 15:10,N/A,N/A,N/A,N/A,N/A,N/A,2026-05-28 10:31,2026-05-28 10:38,2026-05-28 10:40,2026-05-28 10:40,2026-05-28 11:28,2026-05-28 12:03
NonCerv-000125-R1-S2,NonCerv-000125,NonCerv-000125-R1,,1,senior_pathologist,2026-05-20 09:00,2026-05-20 09:00,2026-05-20 15:00,2026-05-20 15:00,2026-05-20 15:00,2026-05-20 15:10,N/A,N/A,N/A,N/A,N/A,N/A,2026-05-28 10:31,2026-05-28 10:40,2026-05-28 10:42,2026-05-28 10:42,2026-05-28 11:28,2026-05-28 12:03
NonCerv-000125-R1-S3,NonCerv-000125,NonCerv-000125-R1,,1,senior_pathologist,2026-05-20 09:00,2026-05-20 09:00,2026-05-20 15:00,2026-05-20 15:00,2026-05-20 15:00,2026-05-20 15:10,N/A,N/A,N/A,N/A,N/A,N/A,2026-05-28 10:31,2026-05-28 10:42,2026-05-28 10:44,2026-05-28 10:44,2026-05-28 11:28,2026-05-28 12:03
NonCerv-000125-R1-S4,NonCerv-000125,NonCerv-000125-R1,,1,senior_pathologist,2026-05-20 09:00,2026-05-20 09:00,2026-05-20 15:00,2026-05-20 15:00,2026-05-20 15:00,2026-05-20 15:10,N/A,N/A,N/A,N/A,N/A,N/A,2026-05-28 10:31,2026-05-28 10:44,2026-05-28 10:46,2026-05-28 10:46,2026-05-28 11:28,2026-05-28 12:03
NonCerv-000125-R1-S5,NonCerv-000125,NonCerv-000125-R1,,1,senior_pathologist,2026-05-20 09:00,2026-05-20 09:00,2026-05-20 15:00,2026-05-20 15:00,2026-05-20 15:00,2026-05-20 15:10,N/A,N/A,N/A,N/A,N/A,N/A,2026-05-28 10:31,2026-05-28 10:46,2026-05-28 10:48,2026-05-28 10:48,2026-05-28 11:28,2026-05-28 12:03
Cerv-000039-R1-S1,Cerv-000039,Cerv-000039-R1,,1,senior_pathologist,2026-05-19 09:19,2026-05-19 09:19,2026-05-19 15:19,2026-05-19 15:19,2026-05-19 15:19,2026-05-19 15:29,N/A,N/A,N/A,N/A,N/A,N/A,2026-05-28 10:33,2026-05-28 10:48,2026-05-28 10:50,2026-05-28 10:50,2026-05-28 11:28,2026-05-28 12:03
Cerv-000039-R1-S2,Cerv-000039,Cerv-000039-R1,,1,senior_pathologist,2026-05-19 09:19,2026-05-19 09:19,2026-05-19 15:19,2026-05-19 15:19,2026-05-19 15:19,2026-05-19 15:29,N/A,N/A,N/A,N/A,N/A,N/A,2026-05-28 10:33,2026-05-28 10:50,2026-05-28 10:52,2026-05-28 10:52,2026-05-28 11:28,2026-05-28 12:03
Cerv-000039-R1-S3,Cerv-000039,Cerv-000039-R1,,1,senior_pathologist,2026-05-19 09:19,2026-05-19 09:19,2026-05-19 15:19,2026-05-19 15:19,2026-05-19 15:19,2026-05-19 15:29,N/A,N/A,N/A,N/A,N/A,N/A,2026-05-28 10:33,2026-05-28 10:52,2026-05-28 10:54,2026-05-28 10:54,2026-05-28 11:28,2026-05-28 12:03
Cerv-000039-R1-S4,Cerv-000039,Cerv-000039-R1,,1,senior_pathologist,2026-05-19 09:19,2026-05-19 09:19,2026-05-19 15:19,2026-05-19 15:19,2026-05-19 15:19,2026-05-19 15:29,N/A,N/A,N/A,N/A,N/A,N/A,2026-05-28 10:33,2026-05-28 10:54,2026-05-28 10:56,2026-05-28 10:56,2026-05-28 11:28,2026-05-28 12:03
Cerv-000039-R1-S5,Cerv-000039,Cerv-000039-R1,,1,senior_pathologist,2026-05-19 09:19,2026-05-19 09:19,2026-05-19 15:19,2026-05-19 15:19,2026-05-19 15:19,2026-05-19 15:29,N/A,N/A,N/A,N/A,N/A,N/A,2026-05-28 10:33,2026-05-28 10:56,2026-05-28 10:58,2026-05-28 10:58,2026-05-28 11:28,2026-05-28 12:03
NonCerv-000127-R1-S1,NonCerv-000127,NonCerv-000127-R1,,1,senior_pathologist,2026-05-20 13:37,2026-05-20 13:37,2026-05-20 19:37,2026-05-20 19:37,2026-05-21 09:00,2026-05-21 09:10,N/A,N/A,N/A,N/A,N/A,N/A,2026-05-28 10:41,2026-05-28 10:58,2026-05-28 11:00,2026-05-28 11:00,2026-05-28 11:28,2026-05-28 12:03
NonCerv-000127-R1-S2,NonCerv-000127,NonCerv-000127-R1,,1,senior_pathologist,2026-05-20 13:37,2026-05-20 13:37,2026-05-20 19:37,2026-05-20 19:37,2026-05-21 09:00,2026-05-21 09:10,N/A,N/A,N/A,N/A,N/A,N/A,2026-05-28 10:41,2026-05-28 11:00,2026-05-28 11:02,2026-05-28 11:02,2026-05-28 11:28,2026-05-28 12:03
NonCerv-000127-R1-S3,NonCerv-000127,NonCerv-000127-R1,,1,senior_pathologist,2026-05-20 13:37,2026-05-20 13:37,2026-05-20 19:37,2026-05-20 19:37,2026-05-21 09:00,2026-05-21 09:10,N/A,N/A,N/A,N/A,N/A,N/A,2026-05-28 10:41,2026-05-28 11:02,2026-05-28 11:04,2026-05-28 11:04,2026-05-28 11:28,2026-05-28 12:03
NonCerv-000127-R1-S4,NonCerv-000127,NonCerv-000127-R1,,1,senior_pathologist,2026-05-20 13:37,2026-05-20 13:37,2026-05-20 19:37,2026-05-20 19:37,2026-05-21 09:00,2026-05-21 09:10,N/A,N/A,N/A,N/A,N/A,N/A,2026-05-28 10:41,2026-05-28 11:04,2026-05-28 11:06,2026-05-28 11:06,2026-05-28 11:28,2026-05-28 12:03
NonCerv-000127-R1-S5,NonCerv-000127,NonCerv-000127-R1,,1,senior_pathologist,2026-05-20 13:37,2026-05-20 13:37,2026-05-20 19:37,2026-05-20 19:37,2026-05-21 09:00,2026-05-21 09:10,N/A,N/A,N/A,N/A,N/A,N/A,2026-05-28 10:41,2026-05-28 11:06,2026-05-28 11:08,2026-05-28 11:08,2026-05-28 11:28,2026-05-28 12:03
NonCerv-000130-R1-S1,NonCerv-000130,NonCerv-000130-R1,,1,senior_pathologist,2026-05-21 10:52,2026-05-21 10:52,2026-05-21 16:52,2026-05-21 16:52,2026-05-22 09:10,2026-05-22 09:20,N/A,N/A,N/A,N/A,N/A,N/A,2026-05-28 10:59,2026-05-28 11:08,2026-05-28 11:10,2026-05-28 11:10,2026-05-28 11:28,2026-05-28 12:03
NonCerv-000130-R1-S2,NonCerv-000130,NonCerv-000130-R1,,1,senior_pathologist,2026-05-21 10:52,2026-05-21 10:52,2026-05-21 16:52,2026-05-21 16:52,2026-05-22 09:10,2026-05-22 09:20,N/A,N/A,N/A,N/A,N/A,N/A,2026-05-28 10:59,2026-05-28 11:10,2026-05-28 11:12,2026-05-28 11:12,2026-05-28 11:28,2026-05-28 12:03
NonCerv-000130-R1-S3,NonCerv-000130,NonCerv-000130-R1,,1,senior_pathologist,2026-05-21 10:52,2026-05-21 10:52,2026-05-21 16:52,2026-05-21 16:52,2026-05-22 09:10,2026-05-22 09:20,N/A,N/A,N/A,N/A,N/A,N/A,2026-05-28 10:59,2026-05-28 11:12,2026-05-28 11:14,2026-05-28 11:14,2026-05-28 11:28,2026-05-28 12:03
NonCerv-000130-R1-S4,NonCerv-000130,NonCerv-000130-R1,,1,senior_pathologist,2026-05-21 10:52,2026-05-21 10:52,2026-05-21 16:52,2026-05-21 16:52,2026-05-22 09:10,2026-05-22 09:20,N/A,N/A,N/A,N/A,N/A,N/A,2026-05-28 10:59,2026-05-28 11:14,2026-05-28 11:16,2026-05-28 11:16,2026-05-28 11:28,2026-05-28 12:03
NonCerv-000130-R1-S5,NonCerv-000130,NonCerv-000130-R1,,1,senior_pathologist,2026-05-21 10:52,2026-05-21 10:52,2026-05-21 16:52,2026-05-21 16:52,2026-05-22 09:10,2026-05-22 09:20,N/A,N/A,N/A,N/A,N/A,N/A,2026-05-28 10:59,2026-05-28 11:16,2026-05-28 11:18,2026-05-28 11:18,2026-05-28 11:28,2026-05-28 12:03
NonCerv-000131-R1-S1,NonCerv-000131,NonCerv-000131-R1,,1,senior_pathologist,2026-05-21 12:03,2026-05-21 12:03,2026-05-21 18:03,2026-05-21 18:03,2026-05-22 09:00,2026-05-22 09:10,N/A,N/A,N/A,N/A,N/A,N/A,2026-05-28 10:59,2026-05-28 11:18,2026-05-28 11:20,2026-05-28 11:20,2026-05-28 12:08,2026-05-28 12:43
NonCerv-000131-R1-S2,NonCerv-000131,NonCerv-000131-R1,,1,senior_pathologist,2026-05-21 12:03,2026-05-21 12:03,2026-05-21 18:03,2026-05-21 18:03,2026-05-22 09:00,2026-05-22 09:10,N/A,N/A,N/A,N/A,N/A,N/A,2026-05-28 10:59,2026-05-28 11:20,2026-05-28 11:22,2026-05-28 11:22,2026-05-28 12:08,2026-05-28 12:43
NonCerv-000131-R1-S3,NonCerv-000131,NonCerv-000131-R1,,1,senior_pathologist,2026-05-21 12:03,2026-05-21 12:03,2026-05-21 18:03,2026-05-21 18:03,2026-05-22 09:00,2026-05-22 09:10,N/A,N/A,N/A,N/A,N/A,N/A,2026-05-28 10:59,2026-05-28 11:22,2026-05-28 11:24,2026-05-28 11:24,2026-05-28 12:08,2026-05-28 12:43
NonCerv-000131-R1-S4,NonCerv-000131,NonCerv-000131-R1,,1,senior_pathologist,2026-05-21 12:03,2026-05-21 12:03,2026-05-21 18:03,2026-05-21 18:03,2026-05-22 09:00,2026-05-22 09:10,N/A,N/A,N/A,N/A,N/A,N/A,2026-05-28 10:59,2026-05-28 11:24,2026-05-28 11:26,2026-05-28 11:26,2026-05-28 12:08,2026-05-28 12:43
NonCerv-000131-R1-S5,NonCerv-000131,NonCerv-000131-R1,,1,senior_pathologist,2026-05-21 12:03,2026-05-21 12:03,2026-05-21 18:03,2026-05-21 18:03,2026-05-22 09:00,2026-05-22 09:10,N/A,N/A,N/A,N/A,N/A,N/A,2026-05-28 10:59,2026-05-28 11:26,2026-05-28 11:28,2026-05-28 11:28,2026-05-28 12:08,2026-05-28 12:43
NonCerv-000135-R1-S1,NonCerv-000135,NonCerv-000135-R1,,1,senior_pathologist,2026-05-22 09:00,2026-05-22 09:00,2026-05-22 15:00,2026-05-22 15:00,2026-05-22 15:00,2026-05-22 15:10,N/A,N/A,N/A,N/A,N/A,N/A,2026-05-28 11:15,2026-05-28 11:28,2026-05-28 11:30,2026-05-28 11:30,2026-05-28 12:08,2026-05-28 12:43
NonCerv-000135-R1-S2,NonCerv-000135,NonCerv-000135-R1,,1,senior_pathologist,2026-05-22 09:00,2026-05-22 09:00,2026-05-22 15:00,2026-05-22 15:00,2026-05-22 15:00,2026-05-22 15:10,N/A,N/A,N/A,N/A,N/A,N/A,2026-05-28 11:15,2026-05-28 11:30,2026-05-28 11:32,2026-05-28 11:32,2026-05-28 12:08,2026-05-28 12:43
NonCerv-000135-R1-S3,NonCerv-000135,NonCerv-000135-R1,,1,senior_pathologist,2026-05-22 09:00,2026-05-22 09:00,2026-05-22 15:00,2026-05-22 15:00,2026-05-22 15:00,2026-05-22 15:10,N/A,N/A,N/A,N/A,N/A,N/A,2026-05-28 11:15,2026-05-28 11:32,2026-05-28 11:34,2026-05-28 11:34,2026-05-28 12:08,2026-05-28 12:43
NonCerv-000135-R1-S4,NonCerv-000135,NonCerv-000135-R1,,1,senior_pathologist,2026-05-22 09:00,2026-05-22 09:00,2026-05-22 15:00,2026-05-22 15:00,2026-05-22 15:00,2026-05-22 15:10,N/A,N/A,N/A,N/A,N/A,N/A,2026-05-28 11:15,2026-05-28 11:34,2026-05-28 11:36,2026-05-28 11:36,2026-05-28 12:08,2026-05-28 12:43
NonCerv-000135-R1-S5,NonCerv-000135,NonCerv-000135-R1,,1,senior_pathologist,2026-05-22 09:00,2026-05-22 09:00,2026-05-22 15:00,2026-05-22 15:00,2026-05-22 15:00,2026-05-22 15:10,N/A,N/A,N/A,N/A,N/A,N/A,2026-05-28 11:15,2026-05-28 11:36,2026-05-28 11:38,2026-05-28 11:38,2026-05-28 12:08,2026-05-28 12:43
Cerv-000050-R1-S1,Cerv-000050,Cerv-000050-R1,,1,senior_pathologist,2026-05-24 10:31,2026-05-24 10:31,2026-05-24 16:31,2026-05-24 16:31,2026-05-25 09:00,2026-05-25 09:10,N/A,N/A,N/A,N/A,N/A,N/A,2026-05-28 11:17,2026-05-28 11:38,2026-05-28 11:40,2026-05-28 11:40,2026-05-28 12:08,2026-05-28 12:43
Cerv-000050-R1-S2,Cerv-000050,Cerv-000050-R1,,1,senior_pathologist,2026-05-24 10:31,2026-05-24 10:31,2026-05-24 16:31,2026-05-24 16:31,2026-05-25 09:00,2026-05-25 09:10,N/A,N/A,N/A,N/A,N/A,N/A,2026-05-28 11:17,2026-05-28 11:40,2026-05-28 11:42,2026-05-28 11:42,2026-05-28 12:08,2026-05-28 12:43
Cerv-000050-R1-S3,Cerv-000050,Cerv-000050-R1,,1,senior_pathologist,2026-05-24 10:31,2026-05-24 10:31,2026-05-24 16:31,2026-05-24 16:31,2026-05-25 09:00,2026-05-25 09:10,N/A,N/A,N/A,N/A,N/A,N/A,2026-05-28 11:17,2026-05-28 11:42,2026-05-28 11:44,2026-05-28 11:44,2026-05-28 12:08,2026-05-28 12:43
Cerv-000050-R1-S4,Cerv-000050,Cerv-000050-R1,,1,senior_pathologist,2026-05-24 10:31,2026-05-24 10:31,2026-05-24 16:31,2026-05-24 16:31,2026-05-25 09:00,2026-05-25 09:10,N/A,N/A,N/A,N/A,N/A,N/A,2026-05-28 11:17,2026-05-28 11:44,2026-05-28 11:46,2026-05-28 11:46,2026-05-28 12:08,2026-05-28 12:43
Cerv-000050-R1-S5,Cerv-000050,Cerv-000050-R1,,1,senior_pathologist,2026-05-24 10:31,2026-05-24 10:31,2026-05-24 16:31,2026-05-24 16:31,2026-05-25 09:00,2026-05-25 09:10,N/A,N/A,N/A,N/A,N/A,N/A,2026-05-28 11:17,2026-05-28 11:46,2026-05-28 11:48,2026-05-28 11:48,2026-05-28 12:08,2026-05-28 12:43
NonCerv-000138-R1-S1,NonCerv-000138,NonCerv-000138-R1,,1,senior_pathologist,2026-05-23 09:05,2026-05-23 09:05,2026-05-23 15:05,2026-05-23 15:05,2026-05-25 09:10,2026-05-25 09:20,N/A,N/A,N/A,N/A,N/A,N/A,2026-05-28 11:21,2026-05-28 11:48,2026-05-28 11:50,2026-05-28 11:50,2026-05-28 12:08,2026-05-28 12:43
NonCerv-000138-R1-S2,NonCerv-000138,NonCerv-000138-R1,,1,senior_pathologist,2026-05-23 09:05,2026-05-23 09:05,2026-05-23 15:05,2026-05-23 15:05,2026-05-25 09:10,2026-05-25 09:20,N/A,N/A,N/A,N/A,N/A,N/A,2026-05-28 11:21,2026-05-28 11:50,2026-05-28 11:52,2026-05-28 11:52,2026-05-28 12:08,2026-05-28 12:43
NonCerv-000138-R1-S3,NonCerv-000138,NonCerv-000138-R1,,1,senior_pathologist,2026-05-23 09:05,2026-05-23 09:05,2026-05-23 15:05,2026-05-23 15:05,2026-05-25 09:10,2026-05-25 09:20,N/A,N/A,N/A,N/A,N/A,N/A,2026-05-28 11:21,2026-05-28 11:52,2026-05-28 11:54,2026-05-28 11:54,2026-05-28 12:08,2026-05-28 12:43
NonCerv-000138-R1-S4,NonCerv-000138,NonCerv-000138-R1,,1,senior_pathologist,2026-05-23 09:05,2026-05-23 09:05,2026-05-23 15:05,2026-05-23 15:05,2026-05-25 09:10,2026-05-25 09:20,N/A,N/A,N/A,N/A,N/A,N/A,2026-05-28 11:21,2026-05-28 11:54,2026-05-28 11:56,2026-05-28 11:56,2026-05-28 12:08,2026-05-28 12:43
NonCerv-000138-R1-S5,NonCerv-000138,NonCerv-000138-R1,,1,senior_pathologist,2026-05-23 09:05,2026-05-23 09:05,2026-05-23 15:05,2026-05-23 15:05,2026-05-25 09:10,2026-05-25 09:20,N/A,N/A,N/A,N/A,N/A,N/A,2026-05-28 11:21,2026-05-28 11:56,2026-05-28 11:58,2026-05-28 11:58,2026-05-28 12:08,2026-05-28 12:43
NonCerv-000143-R1-S1,NonCerv-000143,NonCerv-000143-R1,,1,senior_pathologist,2026-05-24 09:55,2026-05-24 09:55,2026-05-24 15:55,2026-05-24 15:55,2026-05-25 09:20,2026-05-25 09:30,N/A,N/A,N/A,N/A,N/A,N/A,2026-05-28 11:27,2026-05-28 11:58,2026-05-28 12:00,2026-05-28 12:00,2026-05-28 12:08,2026-05-28 12:43
NonCerv-000143-R1-S2,NonCerv-000143,NonCerv-000143-R1,,1,senior_pathologist,2026-05-24 09:55,2026-05-24 09:55,2026-05-24 15:55,2026-05-24 15:55,2026-05-25 09:20,2026-05-25 09:30,N/A,N/A,N/A,N/A,N/A,N/A,2026-05-28 11:27,2026-05-28 12:00,2026-05-28 12:02,2026-05-28 12:02,2026-05-28 12:08,2026-05-28 12:43
NonCerv-000143-R1-S3,NonCerv-000143,NonCerv-000143-R1,,1,senior_pathologist,2026-05-24 09:55,2026-05-24 09:55,2026-05-24 15:55,2026-05-24 15:55,2026-05-25 09:20,2026-05-25 09:30,N/A,N/A,N/A,N/A,N/A,N/A,2026-05-28 11:27,2026-05-28 12:02,2026-05-28 12:04,2026-05-28 12:04,2026-05-28 12:08,2026-05-28 12:43
NonCerv-000143-R1-S4,NonCerv-000143,NonCerv-000143-R1,,1,senior_pathologist,2026-05-24 09:55,2026-05-24 09:55,2026-05-24 15:55,2026-05-24 15:55,2026-05-25 09:20,2026-05-25 09:30,N/A,N/A,N/A,N/A,N/A,N/A,2026-05-28 11:27,2026-05-28 12:04,2026-05-28 12:06,2026-05-28 12:06,2026-05-28 12:08,2026-05-28 12:43
NonCerv-000143-R1-S5,NonCerv-000143,NonCerv-000143-R1,,1,senior_pathologist,2026-05-24 09:55,2026-05-24 09:55,2026-05-24 15:55,2026-05-24 15:55,2026-05-25 09:20,2026-05-25 09:30,N/A,N/A,N/A,N/A,N/A,N/A,2026-05-28 11:27,2026-05-28 12:06,2026-05-28 12:08,2026-05-28 12:08,2026-05-28 12:08,2026-05-28 12:43
NonCerv-000139-R1-S1,NonCerv-000139,NonCerv-000139-R1,,1,senior_pathologist,2026-05-23 10:01,2026-05-23 10:01,2026-05-23 16:01,2026-05-23 16:01,2026-05-25 09:30,2026-05-25 09:40,N/A,N/A,N/A,N/A,N/A,N/A,2026-05-28 11:30,2026-05-28 12:08,2026-05-28 12:10,2026-05-28 12:10,2026-05-29 10:42,2026-05-29 11:17
NonCerv-000139-R1-S2,NonCerv-000139,NonCerv-000139-R1,,1,senior_pathologist,2026-05-23 10:01,2026-05-23 10:01,2026-05-23 16:01,2026-05-23 16:01,2026-05-25 09:30,2026-05-25 09:40,N/A,N/A,N/A,N/A,N/A,N/A,2026-05-28 11:30,2026-05-28 12:10,2026-05-28 12:12,2026-05-28 12:12,2026-05-29 10:42,2026-05-29 11:17
NonCerv-000139-R1-S3,NonCerv-000139,NonCerv-000139-R1,,1,senior_pathologist,2026-05-23 10:01,2026-05-23 10:01,2026-05-23 16:01,2026-05-23 16:01,2026-05-25 09:30,2026-05-25 09:40,N/A,N/A,N/A,N/A,N/A,N/A,2026-05-28 11:30,2026-05-28 12:12,2026-05-28 12:14,2026-05-28 12:14,2026-05-29 10:42,2026-05-29 11:17
NonCerv-000139-R1-S4,NonCerv-000139,NonCerv-000139-R1,,1,senior_pathologist,2026-05-23 10:01,2026-05-23 10:01,2026-05-23 16:01,2026-05-23 16:01,2026-05-25 09:30,2026-05-25 09:40,N/A,N/A,N/A,N/A,N/A,N/A,2026-05-28 11:30,2026-05-28 12:14,2026-05-28 12:16,2026-05-28 12:16,2026-05-29 10:42,2026-05-29 11:17
NonCerv-000139-R1-S5,NonCerv-000139,NonCerv-000139-R1,,1,senior_pathologist,2026-05-23 10:01,2026-05-23 10:01,2026-05-23 16:01,2026-05-23 16:01,2026-05-25 09:30,2026-05-25 09:40,N/A,N/A,N/A,N/A,N/A,N/A,2026-05-28 11:30,2026-05-28 12:16,2026-05-28 12:18,2026-05-28 12:18,2026-05-29 10:42,2026-05-29 11:17
Cerv-000049-R1-S1,Cerv-000049,Cerv-000049-R1,,1,senior_pathologist,2026-05-24 09:00,2026-05-24 09:00,2026-05-24 15:00,2026-05-24 15:00,2026-05-25 09:40,2026-05-25 09:50,N/A,N/A,N/A,N/A,N/A,N/A,2026-05-28 11:38,2026-05-28 12:18,2026-05-28 12:20,2026-05-28 12:20,2026-05-29 10:42,2026-05-29 11:17
Cerv-000049-R1-S2,Cerv-000049,Cerv-000049-R1,,1,senior_pathologist,2026-05-24 09:00,2026-05-24 09:00,2026-05-24 15:00,2026-05-24 15:00,2026-05-25 09:40,2026-05-25 09:50,N/A,N/A,N/A,N/A,N/A,N/A,2026-05-28 11:38,2026-05-28 12:20,2026-05-28 12:22,2026-05-28 12:22,2026-05-29 10:42,2026-05-29 11:17
Cerv-000049-R1-S3,Cerv-000049,Cerv-000049-R1,,1,senior_pathologist,2026-05-24 09:00,2026-05-24 09:00,2026-05-24 15:00,2026-05-24 15:00,2026-05-25 09:40,2026-05-25 09:50,N/A,N/A,N/A,N/A,N/A,N/A,2026-05-28 11:38,2026-05-28 12:22,2026-05-28 12:24,2026-05-28 12:24,2026-05-29 10:42,2026-05-29 11:17
Cerv-000049-R1-S4,Cerv-000049,Cerv-000049-R1,,1,senior_pathologist,2026-05-24 09:00,2026-05-24 09:00,2026-05-24 15:00,2026-05-24 15:00,2026-05-25 09:40,2026-05-25 09:50,N/A,N/A,N/A,N/A,N/A,N/A,2026-05-28 11:38,2026-05-28 12:24,2026-05-28 12:26,2026-05-28 12:26,2026-05-29 10:42,2026-05-29 11:17
Cerv-000049-R1-S5,Cerv-000049,Cerv-000049-R1,,1,senior_pathologist,2026-05-24 09:00,2026-05-24 09:00,2026-05-24 15:00,2026-05-24 15:00,2026-05-25 09:40,2026-05-25 09:50,N/A,N/A,N/A,N/A,N/A,N/A,2026-05-28 11:38,2026-05-28 12:26,2026-05-28 12:28,2026-05-28 12:28,2026-05-29 10:42,2026-05-29 11:17
Cerv-000058-S1,Cerv-000058,Cerv-000058,Cerv-000058-S1,0,,2026-05-28 09:00,2026-05-28 09:00,2026-05-28 15:00,2026-05-28 15:00,2026-05-28 15:00,2026-05-28 15:10,2026-05-28 15:10,2026-05-28 15:10,2026-05-29 13:10,2026-05-29 13:10,2026-05-29 14:39,2026-05-29 14:40,2026-05-29 14:40,2026-05-30 09:08,2026-05-30 09:10,2026-05-30 09:10,2026-05-30 10:45,2026-05-30 11:20
NonCerv-000168-S1,NonCerv-000168,NonCerv-000168,NonCerv-000168-S1,0,,2026-05-28 09:00,2026-05-28 09:00,2026-05-28 15:00,2026-05-28 15:00,2026-05-28 15:00,2026-05-28 15:10,2026-05-28 15:10,N/A,N/A,N/A,N/A,N/A,N/A,N/A,N/A,N/A,N/A,N/A
NonCerv-000170-S1,NonCerv-000170,NonCerv-000170,NonCerv-000170-S1,0,,2026-05-28 12:15,2026-05-28 12:15,2026-05-28 18:15,2026-05-28 18:15,2026-05-29 09:00,2026-05-29 09:10,2026-05-29 09:10,N/A,N/A,N/A,N/A,N/A,N/A,N/A,N/A,N/A,N/A,N/A
NonCerv-000171-S1,NonCerv-000171,NonCerv-000171,NonCerv-000171-S1,0,,2026-05-28 12:29,2026-05-28 12:29,2026-05-28 18:29,2026-05-28 18:29,2026-05-29 09:00,2026-05-29 09:10,2026-05-29 09:10,N/A,N/A,N/A,N/A,N/A,N/A,N/A,N/A,N/A,N/A,N/A
NonCerv-000173-S1,NonCerv-000173,NonCerv-000173,NonCerv-000173-S1,0,,2026-05-28 13:49,2026-05-28 13:49,2026-05-28 19:49,2026-05-28 19:49,2026-05-29 09:10,2026-05-29 09:20,2026-05-29 09:20,N/A,N/A,N/A,N/A,N/A,N/A,N/A,N/A,N/A,N/A,N/A
NonCerv-000172-S1,NonCerv-000172,NonCerv-000172,NonCerv-000172-S1,0,,2026-05-28 12:43,2026-05-28 12:43,2026-05-28 18:43,2026-05-28 18:43,2026-05-29 09:20,2026-05-29 09:30,2026-05-29 09:30,N/A,N/A,N/A,N/A,N/A,N/A,N/A,N/A,N/A,N/A,N/A
NonCerv-000169-S1,NonCerv-000169,NonCerv-000169,NonCerv-000169-S1,0,,2026-05-28 11:35,2026-05-28 11:35,2026-05-28 23:35,2026-05-28 23:35,2026-05-29 09:10,2026-05-29 09:40,2026-05-29 09:40,N/A,N/A,N/A,N/A,N/A,N/A,N/A,N/A,N/A,N/A,N/A
NonCerv-000169-S2,NonCerv-000169,NonCerv-000169,NonCerv-000169-S2,0,,2026-05-28 11:35,2026-05-28 11:35,2026-05-28 23:35,2026-05-28 23:35,2026-05-29 09:10,2026-05-29 09:40,2026-05-29 09:40,N/A,N/A,N/A,N/A,N/A,N/A,N/A,N/A,N/A,N/A,N/A
NonCerv-000169-S3,NonCerv-000169,NonCerv-000169,NonCerv-000169-S3,0,,2026-05-28 11:35,2026-05-28 11:35,2026-05-28 23:35,2026-05-28 23:35,2026-05-29 09:10,2026-05-29 09:40,2026-05-29 09:40,N/A,N/A,N/A,N/A,N/A,N/A,N/A,N/A,N/A,N/A,N/A
NonCerv-000169-S4,NonCerv-000169,NonCerv-000169,NonCerv-000169-S4,0,,2026-05-28 11:35,2026-05-28 11:35,2026-05-28 23:35,2026-05-28 23:35,2026-05-29 09:10,2026-05-29 09:40,2026-05-29 09:40,N/A,N/A,N/A,N/A,N/A,N/A,N/A,N/A,N/A,N/A,N/A
NonCerv-000169-S5,NonCerv-000169,NonCerv-000169,NonCerv-000169-S5,0,,2026-05-28 11:35,2026-05-28 11:35,2026-05-28 23:35,2026-05-28 23:35,2026-05-29 09:10,2026-05-29 09:40,2026-05-29 09:40,N/A,N/A,N/A,N/A,N/A,N/A,N/A,N/A,N/A,N/A,N/A
NonCerv-000169-S6,NonCerv-000169,NonCerv-000169,NonCerv-000169-S6,0,,2026-05-28 11:35,2026-05-28 11:35,2026-05-28 23:35,2026-05-28 23:35,2026-05-29 09:10,2026-05-29 09:40,2026-05-29 09:40,N/A,N/A,N/A,N/A,N/A,N/A,N/A,N/A,N/A,N/A,N/A
NonCerv-000169-S7,NonCerv-000169,NonCerv-000169,NonCerv-000169-S7,0,,2026-05-28 11:35,2026-05-28 11:35,2026-05-28 23:35,2026-05-28 23:35,2026-05-29 09:10,2026-05-29 09:40,2026-05-29 09:40,N/A,N/A,N/A,N/A,N/A,N/A,N/A,N/A,N/A,N/A,N/A
NonCerv-000169-S8,NonCerv-000169,NonCerv-000169,NonCerv-000169-S8,0,,2026-05-28 11:35,2026-05-28 11:35,2026-05-28 23:35,2026-05-28 23:35,2026-05-29 09:10,2026-05-29 09:40,2026-05-29 09:40,N/A,N/A,N/A,N/A,N/A,N/A,N/A,N/A,N/A,N/A,N/A
NonCerv-000169-S9,NonCerv-000169,NonCerv-000169,NonCerv-000169-S9,0,,2026-05-28 11:35,2026-05-28 11:35,2026-05-28 23:35,2026-05-28 23:35,2026-05-29 09:10,2026-05-29 09:40,2026-05-29 09:40,N/A,N/A,N/A,N/A,N/A,N/A,N/A,N/A,N/A,N/A,N/A
NonCerv-000169-S10,NonCerv-000169,NonCerv-000169,NonCerv-000169-S10,0,,2026-05-28 11:35,2026-05-28 11:35,2026-05-28 23:35,2026-05-28 23:35,2026-05-29 09:10,2026-05-29 09:40,2026-05-29 09:40,N/A,N/A,N/A,N/A,N/A,N/A,N/A,N/A,N/A,N/A,N/A
Cerv-000051-R1-S1,Cerv-000051,Cerv-000051-R1,,1,senior_pathologist,2026-05-24 15:34,2026-05-24 15:34,2026-05-24 21:34,2026-05-24 21:34,2026-05-25 10:30,2026-05-25 10:40,N/A,N/A,N/A,N/A,N/A,N/A,2026-05-29 10:12,2026-05-29 10:12,2026-05-29 10:14,2026-05-29 10:14,2026-05-29 10:42,2026-05-29 11:17
Cerv-000051-R1-S2,Cerv-000051,Cerv-000051-R1,,1,senior_pathologist,2026-05-24 15:34,2026-05-24 15:34,2026-05-24 21:34,2026-05-24 21:34,2026-05-25 10:30,2026-05-25 10:40,N/A,N/A,N/A,N/A,N/A,N/A,2026-05-29 10:12,2026-05-29 10:14,2026-05-29 10:16,2026-05-29 10:16,2026-05-29 10:42,2026-05-29 11:17
Cerv-000051-R1-S3,Cerv-000051,Cerv-000051-R1,,1,senior_pathologist,2026-05-24 15:34,2026-05-24 15:34,2026-05-24 21:34,2026-05-24 21:34,2026-05-25 10:30,2026-05-25 10:40,N/A,N/A,N/A,N/A,N/A,N/A,2026-05-29 10:12,2026-05-29 10:16,2026-05-29 10:18,2026-05-29 10:18,2026-05-29 10:42,2026-05-29 11:17
Cerv-000051-R1-S4,Cerv-000051,Cerv-000051-R1,,1,senior_pathologist,2026-05-24 15:34,2026-05-24 15:34,2026-05-24 21:34,2026-05-24 21:34,2026-05-25 10:30,2026-05-25 10:40,N/A,N/A,N/A,N/A,N/A,N/A,2026-05-29 10:12,2026-05-29 10:18,2026-05-29 10:20,2026-05-29 10:20,2026-05-29 10:42,2026-05-29 11:17
Cerv-000051-R1-S5,Cerv-000051,Cerv-000051-R1,,1,senior_pathologist,2026-05-24 15:34,2026-05-24 15:34,2026-05-24 21:34,2026-05-24 21:34,2026-05-25 10:30,2026-05-25 10:40,N/A,N/A,N/A,N/A,N/A,N/A,2026-05-29 10:12,2026-05-29 10:20,2026-05-29 10:22,2026-05-29 10:22,2026-05-29 10:42,2026-05-29 11:17
Cerv-000052-R1-S1,Cerv-000052,Cerv-000052-R1,,1,senior_pathologist,2026-05-25 09:00,2026-05-25 09:00,2026-05-25 15:00,2026-05-25 15:00,2026-05-25 15:00,2026-05-25 15:10,N/A,N/A,N/A,N/A,N/A,N/A,2026-05-29 10:13,2026-05-29 10:22,2026-05-29 10:24,2026-05-29 10:24,2026-05-29 10:42,2026-05-29 11:17
Cerv-000052-R1-S2,Cerv-000052,Cerv-000052-R1,,1,senior_pathologist,2026-05-25 09:00,2026-05-25 09:00,2026-05-25 15:00,2026-05-25 15:00,2026-05-25 15:00,2026-05-25 15:10,N/A,N/A,N/A,N/A,N/A,N/A,2026-05-29 10:13,2026-05-29 10:24,2026-05-29 10:26,2026-05-29 10:26,2026-05-29 10:42,2026-05-29 11:17
Cerv-000052-R1-S3,Cerv-000052,Cerv-000052-R1,,1,senior_pathologist,2026-05-25 09:00,2026-05-25 09:00,2026-05-25 15:00,2026-05-25 15:00,2026-05-25 15:00,2026-05-25 15:10,N/A,N/A,N/A,N/A,N/A,N/A,2026-05-29 10:13,2026-05-29 10:26,2026-05-29 10:28,2026-05-29 10:28,2026-05-29 10:42,2026-05-29 11:17
Cerv-000052-R1-S4,Cerv-000052,Cerv-000052-R1,,1,senior_pathologist,2026-05-25 09:00,2026-05-25 09:00,2026-05-25 15:00,2026-05-25 15:00,2026-05-25 15:00,2026-05-25 15:10,N/A,N/A,N/A,N/A,N/A,N/A,2026-05-29 10:13,2026-05-29 10:28,2026-05-29 10:30,2026-05-29 10:30,2026-05-29 10:42,2026-05-29 11:17
Cerv-000052-R1-S5,Cerv-000052,Cerv-000052-R1,,1,senior_pathologist,2026-05-25 09:00,2026-05-25 09:00,2026-05-25 15:00,2026-05-25 15:00,2026-05-25 15:00,2026-05-25 15:10,N/A,N/A,N/A,N/A,N/A,N/A,2026-05-29 10:13,2026-05-29 10:30,2026-05-29 10:32,2026-05-29 10:32,2026-05-29 10:42,2026-05-29 11:17
NonCerv-000145-R1-S1,NonCerv-000145,NonCerv-000145-R1,,1,senior_pathologist,2026-05-24 11:08,2026-05-24 11:08,2026-05-24 17:08,2026-05-24 17:08,2026-05-25 10:30,2026-05-25 10:40,N/A,N/A,N/A,N/A,N/A,N/A,2026-05-29 10:16,2026-05-29 10:32,2026-05-29 10:34,2026-05-29 10:34,2026-05-29 10:42,2026-05-29 11:17
NonCerv-000145-R1-S2,NonCerv-000145,NonCerv-000145-R1,,1,senior_pathologist,2026-05-24 11:08,2026-05-24 11:08,2026-05-24 17:08,2026-05-24 17:08,2026-05-25 10:30,2026-05-25 10:40,N/A,N/A,N/A,N/A,N/A,N/A,2026-05-29 10:16,2026-05-29 10:34,2026-05-29 10:36,2026-05-29 10:36,2026-05-29 10:42,2026-05-29 11:17
NonCerv-000145-R1-S3,NonCerv-000145,NonCerv-000145-R1,,1,senior_pathologist,2026-05-24 11:08,2026-05-24 11:08,2026-05-24 17:08,2026-05-24 17:08,2026-05-25 10:30,2026-05-25 10:40,N/A,N/A,N/A,N/A,N/A,N/A,2026-05-29 10:16,2026-05-29 10:36,2026-05-29 10:38,2026-05-29 10:38,2026-05-29 10:42,2026-05-29 11:17
NonCerv-000145-R1-S4,NonCerv-000145,NonCerv-000145-R1,,1,senior_pathologist,2026-05-24 11:08,2026-05-24 11:08,2026-05-24 17:08,2026-05-24 17:08,2026-05-25 10:30,2026-05-25 10:40,N/A,N/A,N/A,N/A,N/A,N/A,2026-05-29 10:16,2026-05-29 10:38,2026-05-29 10:40,2026-05-29 10:40,2026-05-29 10:42,2026-05-29 11:17
NonCerv-000145-R1-S5,NonCerv-000145,NonCerv-000145-R1,,1,senior_pathologist,2026-05-24 11:08,2026-05-24 11:08,2026-05-24 17:08,2026-05-24 17:08,2026-05-25 10:30,2026-05-25 10:40,N/A,N/A,N/A,N/A,N/A,N/A,2026-05-29 10:16,2026-05-29 10:40,2026-05-29 10:42,2026-05-29 10:42,2026-05-29 10:42,2026-05-29 11:17
Cerv-000039-R2-S1,Cerv-000039,Cerv-000039-R2,,2,senior_pathologist,2026-05-19 09:19,2026-05-19 09:19,2026-05-19 15:19,2026-05-19 15:19,2026-05-19 15:19,2026-05-19 15:29,N/A,N/A,N/A,N/A,N/A,N/A,2026-05-29 10:33,2026-05-29 10:42,2026-05-29 10:44,2026-05-29 10:44,2026-05-30 09:00,2026-05-30 09:35
Cerv-000039-R2-S2,Cerv-000039,Cerv-000039-R2,,2,senior_pathologist,2026-05-19 09:19,2026-05-19 09:19,2026-05-19 15:19,2026-05-19 15:19,2026-05-19 15:19,2026-05-19 15:29,N/A,N/A,N/A,N/A,N/A,N/A,2026-05-29 10:33,2026-05-29 10:44,2026-05-29 10:46,2026-05-29 10:46,2026-05-30 09:00,2026-05-30 09:35
Cerv-000039-R2-S3,Cerv-000039,Cerv-000039-R2,,2,senior_pathologist,2026-05-19 09:19,2026-05-19 09:19,2026-05-19 15:19,2026-05-19 15:19,2026-05-19 15:19,2026-05-19 15:29,N/A,N/A,N/A,N/A,N/A,N/A,2026-05-29 10:33,2026-05-29 10:46,2026-05-29 10:48,2026-05-29 10:48,2026-05-30 09:00,2026-05-30 09:35
Cerv-000039-R2-S4,Cerv-000039,Cerv-000039-R2,,2,senior_pathologist,2026-05-19 09:19,2026-05-19 09:19,2026-05-19 15:19,2026-05-19 15:19,2026-05-19 15:19,2026-05-19 15:29,N/A,N/A,N/A,N/A,N/A,N/A,2026-05-29 10:33,2026-05-29 10:48,2026-05-29 10:50,2026-05-29 10:50,2026-05-30 09:00,2026-05-30 09:35
Cerv-000039-R2-S5,Cerv-000039,Cerv-000039-R2,,2,senior_pathologist,2026-05-19 09:19,2026-05-19 09:19,2026-05-19 15:19,2026-05-19 15:19,2026-05-19 15:19,2026-05-19 15:29,N/A,N/A,N/A,N/A,N/A,N/A,2026-05-29 10:33,2026-05-29 10:50,2026-05-29 10:52,2026-05-29 10:52,2026-05-30 09:00,2026-05-30 09:35
NonCerv-000135-R2-S1,NonCerv-000135,NonCerv-000135-R2,,2,senior_pathologist,2026-05-22 09:00,2026-05-22 09:00,2026-05-22 15:00,2026-05-22 15:00,2026-05-22 15:00,2026-05-22 15:10,N/A,N/A,N/A,N/A,N/A,N/A,2026-05-29 10:49,2026-05-29 10:52,2026-05-29 10:54,2026-05-29 10:54,2026-05-30 09:00,2026-05-30 09:35
NonCerv-000135-R2-S2,NonCerv-000135,NonCerv-000135-R2,,2,senior_pathologist,2026-05-22 09:00,2026-05-22 09:00,2026-05-22 15:00,2026-05-22 15:00,2026-05-22 15:00,2026-05-22 15:10,N/A,N/A,N/A,N/A,N/A,N/A,2026-05-29 10:49,2026-05-29 10:54,2026-05-29 10:56,2026-05-29 10:56,2026-05-30 09:00,2026-05-30 09:35
NonCerv-000135-R2-S3,NonCerv-000135,NonCerv-000135-R2,,2,senior_pathologist,2026-05-22 09:00,2026-05-22 09:00,2026-05-22 15:00,2026-05-22 15:00,2026-05-22 15:00,2026-05-22 15:10,N/A,N/A,N/A,N/A,N/A,N/A,2026-05-29 10:49,2026-05-29 10:56,2026-05-29 10:58,2026-05-29 10:58,2026-05-30 09:00,2026-05-30 09:35
NonCerv-000135-R2-S4,NonCerv-000135,NonCerv-000135-R2,,2,senior_pathologist,2026-05-22 09:00,2026-05-22 09:00,2026-05-22 15:00,2026-05-22 15:00,2026-05-22 15:00,2026-05-22 15:10,N/A,N/A,N/A,N/A,N/A,N/A,2026-05-29 10:49,2026-05-29 10:58,2026-05-29 11:00,2026-05-29 11:00,2026-05-30 09:00,2026-05-30 09:35
NonCerv-000135-R2-S5,NonCerv-000135,NonCerv-000135-R2,,2,senior_pathologist,2026-05-22 09:00,2026-05-22 09:00,2026-05-22 15:00,2026-05-22 15:00,2026-05-22 15:00,2026-05-22 15:10,N/A,N/A,N/A,N/A,N/A,N/A,2026-05-29 10:49,2026-05-29 11:00,2026-05-29 11:02,2026-05-29 11:02,2026-05-30 09:00,2026-05-30 09:35
Cerv-000059-S1,Cerv-000059,Cerv-000059,Cerv-000059-S1,0,,2026-05-29 09:00,2026-05-29 09:00,2026-05-29 15:00,2026-05-29 15:00,2026-05-29 15:00,2026-05-29 15:10,2026-05-29 15:10,N/A,N/A,N/A,N/A,N/A,N/A,N/A,N/A,N/A,N/A,N/A
NonCerv-000174-S1,NonCerv-000174,NonCerv-000174,NonCerv-000174-S1,0,,2026-05-29 09:00,2026-05-29 09:00,2026-05-29 15:00,2026-05-29 15:00,2026-05-29 15:00,2026-05-29 15:10,2026-05-29 15:10,N/A,N/A,N/A,N/A,N/A,N/A,N/A,N/A,N/A,N/A,N/A
NonCerv-000175-S1,NonCerv-000175,NonCerv-000175,NonCerv-000175-S1,0,,2026-05-29 09:07,2026-05-29 09:07,2026-05-29 15:07,2026-05-29 15:07,2026-05-29 15:10,2026-05-29 15:20,2026-05-29 15:20,N/A,N/A,N/A,N/A,N/A,N/A,N/A,N/A,N/A,N/A,N/A
NonCerv-000176-S1,NonCerv-000176,NonCerv-000176,NonCerv-000176-S1,0,,2026-05-29 11:08,2026-05-29 11:08,2026-05-29 17:08,2026-05-29 17:08,2026-05-30 09:00,2026-05-30 09:10,2026-05-30 09:10,N/A,N/A,N/A,N/A,N/A,N/A,N/A,N/A,N/A,N/A,N/A
NonCerv-000179-S1,NonCerv-000179,NonCerv-000179,NonCerv-000179-S1,0,,2026-05-29 15:10,2026-05-29 15:10,2026-05-29 21:10,2026-05-29 21:10,2026-05-30 09:00,2026-05-30 09:10,2026-05-30 09:10,N/A,N/A,N/A,N/A,N/A,N/A,N/A,N/A,N/A,N/A,N/A
NonCerv-000181-S1,NonCerv-000181,NonCerv-000181,NonCerv-000181-S1,0,,2026-05-29 16:45,2026-05-29 16:45,2026-05-29 22:45,2026-05-29 22:45,2026-05-30 09:10,2026-05-30 09:20,2026-05-30 09:20,N/A,N/A,N/A,N/A,N/A,N/A,N/A,N/A,N/A,N/A,N/A
NonCerv-000178-S1,NonCerv-000178,NonCerv-000178,NonCerv-000178-S1,0,,2026-05-29 13:43,2026-05-29 13:43,2026-05-29 19:43,2026-05-29 19:43,2026-05-30 09:10,2026-05-30 09:20,2026-05-30 09:20,N/A,N/A,N/A,N/A,N/A,N/A,N/A,N/A,N/A,N/A,N/A
NonCerv-000177-S1,NonCerv-000177,NonCerv-000177,NonCerv-000177-S1,0,,2026-05-29 13:27,2026-05-29 13:27,2026-05-29 19:27,2026-05-29 19:27,2026-05-30 09:20,2026-05-30 09:30,2026-05-30 09:30,N/A,N/A,N/A,N/A,N/A,N/A,N/A,N/A,N/A,N/A,N/A
Cerv-000060-S1,Cerv-000060,Cerv-000060,Cerv-000060-S1,0,,2026-05-29 16:13,2026-05-29 16:13,2026-05-29 22:13,2026-05-29 22:13,2026-05-30 09:20,2026-05-30 09:30,2026-05-30 09:30,N/A,N/A,N/A,N/A,N/A,N/A,N/A,N/A,N/A,N/A,N/A
NonCerv-000180-S1,NonCerv-000180,NonCerv-000180,NonCerv-000180-S1,0,,2026-05-29 16:22,2026-05-29 16:22,2026-05-29 22:22,2026-05-29 22:22,2026-05-30 09:30,2026-05-30 09:40,2026-05-30 09:40,N/A,N/A,N/A,N/A,N/A,N/A,N/A,N/A,N/A,N/A,N/A
Cerv-000051-R2-S1,Cerv-000051,Cerv-000051-R2,,2,senior_pathologist,2026-05-24 15:34,2026-05-24 15:34,2026-05-24 21:34,2026-05-24 21:34,2026-05-25 10:30,2026-05-25 10:40,N/A,N/A,N/A,N/A,N/A,N/A,2026-05-30 10:10,2026-05-30 10:10,2026-05-30 10:12,2026-05-30 10:12,N/A,N/A
Cerv-000051-R2-S2,Cerv-000051,Cerv-000051-R2,,2,senior_pathologist,2026-05-24 15:34,2026-05-24 15:34,2026-05-24 21:34,2026-05-24 21:34,2026-05-25 10:30,2026-05-25 10:40,N/A,N/A,N/A,N/A,N/A,N/A,2026-05-30 10:10,2026-05-30 10:12,2026-05-30 10:14,2026-05-30 10:14,N/A,N/A
Cerv-000051-R2-S3,Cerv-000051,Cerv-000051-R2,,2,senior_pathologist,2026-05-24 15:34,2026-05-24 15:34,2026-05-24 21:34,2026-05-24 21:34,2026-05-25 10:30,2026-05-25 10:40,N/A,N/A,N/A,N/A,N/A,N/A,2026-05-30 10:10,2026-05-30 10:14,2026-05-30 10:16,2026-05-30 10:16,N/A,N/A
Cerv-000051-R2-S4,Cerv-000051,Cerv-000051-R2,,2,senior_pathologist,2026-05-24 15:34,2026-05-24 15:34,2026-05-24 21:34,2026-05-24 21:34,2026-05-25 10:30,2026-05-25 10:40,N/A,N/A,N/A,N/A,N/A,N/A,2026-05-30 10:10,2026-05-30 10:16,2026-05-30 10:18,2026-05-30 10:18,N/A,N/A
Cerv-000051-R2-S5,Cerv-000051,Cerv-000051-R2,,2,senior_pathologist,2026-05-24 15:34,2026-05-24 15:34,2026-05-24 21:34,2026-05-24 21:34,2026-05-25 10:30,2026-05-25 10:40,N/A,N/A,N/A,N/A,N/A,N/A,2026-05-30 10:10,2026-05-30 10:18,2026-05-30 10:20,2026-05-30 10:20,N/A,N/A
NonCerv-000145-R2-S1,NonCerv-000145,NonCerv-000145-R2,,2,senior_pathologist,2026-05-24 11:08,2026-05-24 11:08,2026-05-24 17:08,2026-05-24 17:08,2026-05-25 10:30,2026-05-25 10:40,N/A,N/A,N/A,N/A,N/A,N/A,2026-05-30 10:11,2026-05-30 10:20,2026-05-30 10:22,2026-05-30 10:22,N/A,N/A
NonCerv-000145-R2-S2,NonCerv-000145,NonCerv-000145-R2,,2,senior_pathologist,2026-05-24 11:08,2026-05-24 11:08,2026-05-24 17:08,2026-05-24 17:08,2026-05-25 10:30,2026-05-25 10:40,N/A,N/A,N/A,N/A,N/A,N/A,2026-05-30 10:11,2026-05-30 10:22,2026-05-30 10:24,2026-05-30 10:24,N/A,N/A
NonCerv-000145-R2-S3,NonCerv-000145,NonCerv-000145-R2,,2,senior_pathologist,2026-05-24 11:08,2026-05-24 11:08,2026-05-24 17:08,2026-05-24 17:08,2026-05-25 10:30,2026-05-25 10:40,N/A,N/A,N/A,N/A,N/A,N/A,2026-05-30 10:11,2026-05-30 10:24,2026-05-30 10:26,2026-05-30 10:26,N/A,N/A
NonCerv-000145-R2-S4,NonCerv-000145,NonCerv-000145-R2,,2,senior_pathologist,2026-05-24 11:08,2026-05-24 11:08,2026-05-24 17:08,2026-05-24 17:08,2026-05-25 10:30,2026-05-25 10:40,N/A,N/A,N/A,N/A,N/A,N/A,2026-05-30 10:11,2026-05-30 10:26,2026-05-30 10:28,2026-05-30 10:28,N/A,N/A
NonCerv-000145-R2-S5,NonCerv-000145,NonCerv-000145-R2,,2,senior_pathologist,2026-05-24 11:08,2026-05-24 11:08,2026-05-24 17:08,2026-05-24 17:08,2026-05-25 10:30,2026-05-25 10:40,N/A,N/A,N/A,N/A,N/A,N/A,2026-05-30 10:11,2026-05-30 10:28,2026-05-30 10:30,2026-05-30 10:30,N/A,N/A
